{"person_num": 2, "person_info": [{"body_parts": {"left_hip": {"y": 153.375, "x": 211.46875, "score": 0.2864872813224792}, "top_head": {"y": 227.28125, "x": 192.5625, "score": 0.2729904055595398}, "right_mouth_corner": {"y": 198.0625, "x": 187.40625, "score": 0.1022112369537354}, "neck": {"y": 186.03125, "x": 199.4375, "score": 0.7361389994621277}, "left_shoulder": {"y": 189.46875, "x": 225.21875, "score": 0.6636598110198975}, "left_knee": {"y": 156.8125, "x": 221.78125, "score": 0.1235827282071114}, "left_ankle": {"y": 156.8125, "x": 221.78125, "score": 0.5231786370277405}, "left_mouth_corner": {"y": 194.625, "x": 206.3125, "score": 0.1338037997484207}, "right_elbow": {"y": 153.375, "x": 159.90625, "score": 0.7331787943840027}, "right_ear": {"y": 201.5, "x": 189.125, "score": 0.2335929870605469}, "nose": {"y": 196.34375, "x": 189.125, "score": 0.02827257476747036}, "left_eye": {"y": 201.5, "x": 209.75, "score": 0.1746370792388916}, "right_eye": {"y": 201.5, "x": 189.125, "score": 0.1382243484258652}, "right_hip": {"y": 153.375, "x": 196.0, "score": 0.4032232761383057}, "left_wrist": {"y": 201.5, "x": 214.90625, "score": 0.1681769490242004}, "left_ear": {"y": 201.5, "x": 211.46875, "score": 0.5493267178535461}, "left_elbow": {"y": 172.28125, "x": 223.5, "score": 0.2155254930257797}, "right_shoulder": {"y": 174.0, "x": 173.65625, "score": 0.5549201369285583}, "right_ankle": {"y": 187.75, "x": 170.21875, "score": 0.06098739430308342}, "right_knee": {"y": 201.5, "x": 196.0, "score": 0.03594173863530159}, "right_wrist": {"y": 187.75, "x": 166.78125, "score": 0.7091158628463745}}, "location": {"height": 66.51092529296875, "width": 91.3487319946289, "top": 141.7032165527344, "score": 0.07137010991573334, "left": 151.54248046875}}, {"body_parts": {"left_hip": {"y": 154.25, "x": 216.875, "score": 0.09298258274793625}, "top_head": {"y": 220.0625, "x": 191.5625, "score": 0.6303219199180603}, "right_mouth_corner": {"y": 204.875, "x": 161.1875, "score": 0.292276531457901}, "neck": {"y": 189.6875, "x": 201.6875, "score": 0.7145407795906067}, "left_shoulder": {"y": 184.625, "x": 227.0, "score": 0.7851182222366333}, "left_knee": {"y": 215.0, "x": 191.5625, "score": 0.03975458815693855}, "left_ankle": {"y": 144.125, "x": 206.75, "score": 0.03963141888380051}, "left_mouth_corner": {"y": 209.9375, "x": 166.25, "score": 0.3042083084583282}, "right_elbow": {"y": 149.1875, "x": 156.125, "score": 0.8124063611030579}, "right_ear": {"y": 194.75, "x": 181.4375, "score": 0.4757087528705597}, "nose": {"y": 199.8125, "x": 166.25, "score": 0.2633621096611023}, "left_eye": {"y": 209.9375, "x": 166.25, "score": 0.2411276996135712}, "right_eye": {"y": 209.9375, "x": 166.25, "score": 0.2122262418270111}, "right_hip": {"y": 154.25, "x": 201.6875, "score": 0.113199345767498}, "left_wrist": {"y": 189.6875, "x": 206.75, "score": 0.1974666267633438}, "left_ear": {"y": 209.9375, "x": 211.8125, "score": 0.5900918841362}, "left_elbow": {"y": 164.375, "x": 221.9375, "score": 0.3254180550575256}, "right_shoulder": {"y": 169.4375, "x": 171.3125, "score": 0.6572059392929077}, "right_ankle": {"y": 189.6875, "x": 49.8125, "score": 0.02643381431698799}, "right_knee": {"y": 154.25, "x": 221.9375, "score": 0.02589340507984161}, "right_wrist": {"y": 184.625, "x": 166.25, "score": 0.8068086504936218}}, "location": {"height": 269.0, "width": 256.3810424804688, "top": 0.0, "score": 0.01312751602381468, "left": 3.535446166992188}}], "log_id": 8263533860445252417}