{"person_num": 1, "person_info": [{"body_parts": {"left_hip": {"y": 106.5, "x": 175.75, "score": 0.320221871137619}, "top_head": {"y": 92.25, "x": 121.125, "score": 0.4854807257652283}, "right_mouth_corner": {"y": 99.375, "x": 159.125, "score": 0.5745095014572144}, "neck": {"y": 108.875, "x": 147.25, "score": 0.5457530617713928}, "left_shoulder": {"y": 106.5, "x": 128.25, "score": 0.2614017724990845}, "left_knee": {"y": 108.875, "x": 194.75, "score": 0.304300993680954}, "left_ankle": {"y": 113.625, "x": 211.375, "score": 0.153665229678154}, "left_mouth_corner": {"y": 94.625, "x": 156.75, "score": 0.5051877498626709}, "right_elbow": {"y": 137.375, "x": 185.25, "score": 0.8001550436019897}, "right_ear": {"y": 106.5, "x": 144.875, "score": 0.6297062635421753}, "nose": {"y": 92.25, "x": 156.75, "score": 0.5885341763496399}, "left_eye": {"y": 89.875, "x": 152.0, "score": 0.535244345664978}, "right_eye": {"y": 94.625, "x": 152.0, "score": 0.6010333299636841}, "right_hip": {"y": 120.75, "x": 182.875, "score": 0.3650029897689819}, "left_wrist": {"y": 92.25, "x": 154.375, "score": 0.2181195765733719}, "left_ear": {"y": 111.25, "x": 137.75, "score": 0.3142180740833282}, "left_elbow": {"y": 92.25, "x": 154.375, "score": 0.0760498195886612}, "right_shoulder": {"y": 123.125, "x": 163.875, "score": 0.4642147421836853}, "right_ankle": {"y": 113.625, "x": 213.75, "score": 0.7189165949821472}, "right_knee": {"y": 118.375, "x": 201.875, "score": 0.4166120290756226}, "right_wrist": {"y": 146.875, "x": 201.875, "score": 0.7480388283729553}}, "location": {"height": 80.03176879882812, "width": 126.4299926757812, "top": 76.29010009765625, "score": 0.8629716634750366, "left": 108.1720581054688}}], "log_id": 8980453035665262817}