{"person_num": 2, "person_info": [{"body_parts": {"left_hip": {"y": 82.15625, "x": 113.21875, "score": 0.4994832277297974}, "top_head": {"y": 79.3125, "x": 33.59375, "score": 0.5207995176315308}, "right_mouth_corner": {"y": 82.15625, "x": 62.03125, "score": 0.6046711802482605}, "neck": {"y": 82.15625, "x": 62.03125, "score": 0.6695499420166016}, "left_shoulder": {"y": 62.25, "x": 70.5625, "score": 0.6554369926452637}, "left_knee": {"y": 96.375, "x": 127.4375, "score": 0.4356887638568878}, "left_ankle": {"y": 99.21875, "x": 155.875, "score": 0.7178570032119751}, "left_mouth_corner": {"y": 79.3125, "x": 64.875, "score": 0.7576701045036316}, "right_elbow": {"y": 116.28125, "x": 87.625, "score": 0.4410054683685303}, "right_ear": {"y": 87.84375, "x": 50.65625, "score": 0.4653443694114685}, "nose": {"y": 79.3125, "x": 62.03125, "score": 0.6453676819801331}, "left_eye": {"y": 76.46875, "x": 62.03125, "score": 0.6563069820404053}, "right_eye": {"y": 79.3125, "x": 56.34375, "score": 0.665312647819519}, "right_hip": {"y": 99.21875, "x": 107.53125, "score": 0.5779252648353577}, "left_wrist": {"y": 62.25, "x": 110.375, "score": 0.8088974952697754}, "left_ear": {"y": 73.625, "x": 59.1875, "score": 0.3841268718242645}, "left_elbow": {"y": 59.40625, "x": 96.15625, "score": 0.7142572402954102}, "right_shoulder": {"y": 107.75, "x": 67.71875, "score": 0.6735547780990601}, "right_ankle": {"y": 102.0625, "x": 130.28125, "score": 0.5075190663337708}, "right_knee": {"y": 102.0625, "x": 127.4375, "score": 0.5527160167694092}, "right_wrist": {"y": 119.125, "x": 90.46875, "score": 0.5710967779159546}}, "location": {"height": 70.62222290039062, "width": 152.8234252929688, "top": 44.88835906982422, "score": 0.570004403591156, "left": 23.17409515380859}}, {"body_parts": {"left_hip": {"y": 116.25, "x": 123.625, "score": 0.2151981890201569}, "top_head": {"y": 63.0, "x": 70.375, "score": 0.3822692632675171}, "right_mouth_corner": {"y": 80.75, "x": 70.375, "score": 0.5002990365028381}, "neck": {"y": 80.75, "x": 79.25, "score": 0.596327543258667}, "left_shoulder": {"y": 80.75, "x": 79.25, "score": 0.4740651845932007}, "left_knee": {"y": 142.875, "x": 97.0, "score": 0.05495442450046539}, "left_ankle": {"y": 196.125, "x": 79.25, "score": 0.1355088949203491}, "left_mouth_corner": {"y": 71.875, "x": 79.25, "score": 0.4714178442955017}, "right_elbow": {"y": 98.5, "x": 114.75, "score": 0.2436602562665939}, "right_ear": {"y": 63.0, "x": 79.25, "score": 0.3652374744415283}, "nose": {"y": 71.875, "x": 70.375, "score": 0.545200765132904}, "left_eye": {"y": 71.875, "x": 70.375, "score": 0.4791767597198486}, "right_eye": {"y": 71.875, "x": 70.375, "score": 0.4603911936283112}, "right_hip": {"y": 116.25, "x": 114.75, "score": 0.1882261782884598}, "left_wrist": {"y": 107.375, "x": 114.75, "score": 0.2532301843166351}, "left_ear": {"y": 71.875, "x": 88.125, "score": 0.428572952747345}, "left_elbow": {"y": 89.625, "x": 141.375, "score": 0.242356464266777}, "right_shoulder": {"y": 98.5, "x": 105.875, "score": 0.4121575951576233}, "right_ankle": {"y": 196.125, "x": 79.25, "score": 0.1407255381345749}, "right_knee": {"y": 116.25, "x": 97.0, "score": 0.05966165289282799}, "right_wrist": {"y": 80.75, "x": 105.875, "score": 0.2113279700279236}}, "location": {"height": 268.8503723144531, "width": 472.7838439941406, "top": 0.1496124267578125, "score": 0.008875297382473946, "left": 6.216156005859375}}], "log_id": 2638520164454868513}