{"person_num": 2, "person_info": [{"body_parts": {"left_hip": {"y": 118.375, "x": 295.375, "score": 0.1080059260129929}, "top_head": {"y": 168.75, "x": 293.75, "score": 0.456198126077652}, "right_mouth_corner": {"y": 157.375, "x": 301.875, "score": 0.1975146681070328}, "neck": {"y": 150.875, "x": 298.625, "score": 0.2428199052810669}, "left_shoulder": {"y": 157.375, "x": 308.375, "score": 0.1516118794679642}, "left_knee": {"y": 116.75, "x": 290.5, "score": 0.2336660623550415}, "left_ankle": {"y": 123.25, "x": 277.5, "score": 0.3051074147224426}, "left_mouth_corner": {"y": 157.375, "x": 295.375, "score": 0.134012907743454}, "right_elbow": {"y": 134.625, "x": 297.0, "score": 0.1590979695320129}, "right_ear": {"y": 115.125, "x": 319.75, "score": 0.2145737409591675}, "nose": {"y": 120.0, "x": 324.625, "score": 0.251188337802887}, "left_eye": {"y": 165.5, "x": 295.375, "score": 0.2521103918552399}, "right_eye": {"y": 160.625, "x": 295.375, "score": 0.3177497684955597}, "right_hip": {"y": 120.0, "x": 288.875, "score": 0.1251916587352753}, "left_wrist": {"y": 126.5, "x": 324.625, "score": 0.08857374638319016}, "left_ear": {"y": 162.25, "x": 293.75, "score": 0.2425243258476257}, "left_elbow": {"y": 111.875, "x": 318.125, "score": 0.0596640557050705}, "right_shoulder": {"y": 149.25, "x": 284.0, "score": 0.270915150642395}, "right_ankle": {"y": 123.25, "x": 277.5, "score": 0.2269114851951599}, "right_knee": {"y": 110.25, "x": 318.125, "score": 0.06326398253440857}, "right_wrist": {"y": 126.5, "x": 324.625, "score": 0.0769881010055542}}, "location": {"height": 65.0774154663086, "width": 86.39427947998047, "top": 101.0358276367188, "score": 0.02394869551062584, "left": 267.4630126953125}}, {"body_parts": {"left_hip": {"y": 120.0625, "x": 135.3125, "score": 0.04645812138915062}, "top_head": {"y": 134.0, "x": 302.5625, "score": 0.4731332361698151}, "right_mouth_corner": {"y": 134.0, "x": 302.5625, "score": 0.3069475889205933}, "neck": {"y": 127.03125, "x": 288.625, "score": 0.3555388450622559}, "left_shoulder": {"y": 127.03125, "x": 288.625, "score": 0.1284428238868713}, "left_knee": {"y": 113.09375, "x": 149.25, "score": 0.04182635247707367}, "left_ankle": {"y": 238.53125, "x": 386.1875, "score": 0.05661701411008835}, "left_mouth_corner": {"y": 134.0, "x": 309.53125, "score": 0.3170272409915924}, "right_elbow": {"y": 120.0625, "x": 281.65625, "score": 0.08334818482398987}, "right_ear": {"y": 140.96875, "x": 295.59375, "score": 0.3798228204250336}, "nose": {"y": 134.0, "x": 302.5625, "score": 0.2919720411300659}, "left_eye": {"y": 134.0, "x": 302.5625, "score": 0.2715465724468231}, "right_eye": {"y": 134.0, "x": 295.59375, "score": 0.3217760622501373}, "right_hip": {"y": 147.9375, "x": 149.25, "score": 0.05061184987425804}, "left_wrist": {"y": 127.03125, "x": 295.59375, "score": 0.1164668798446655}, "left_ear": {"y": 140.96875, "x": 302.5625, "score": 0.2925816178321838}, "left_elbow": {"y": 134.0, "x": 281.65625, "score": 0.1415280103683472}, "right_shoulder": {"y": 134.0, "x": 288.625, "score": 0.1996241956949234}, "right_ankle": {"y": 245.5, "x": 386.1875, "score": 0.07781096547842026}, "right_knee": {"y": 106.125, "x": 149.25, "score": 0.0478479228913784}, "right_wrist": {"y": 127.03125, "x": 302.5625, "score": 0.1173456311225891}}, "location": {"height": 269.0, "width": 371.271728515625, "top": 0.0, "score": 0.01836336404085159, "left": 2.997726440429688}}], "log_id": 1006274677018519169}