{"person_num": 2, "person_info": [{"body_parts": {"left_hip": {"y": 135.75, "x": 321.75, "score": 0.1752833873033524}, "top_head": {"y": 131.25, "x": 306.0, "score": 0.3558509349822998}, "right_mouth_corner": {"y": 129.0, "x": 346.5, "score": 0.04604396224021912}, "neck": {"y": 149.25, "x": 342.0, "score": 0.2167960405349731}, "left_shoulder": {"y": 135.75, "x": 355.5, "score": 0.3399053812026978}, "left_knee": {"y": 187.5, "x": 396.0, "score": 0.08833096921443939}, "left_ankle": {"y": 153.75, "x": 357.75, "score": 0.03491785749793053}, "left_mouth_corner": {"y": 131.25, "x": 339.75, "score": 0.08247709274291992}, "right_elbow": {"y": 189.75, "x": 396.0, "score": 0.2043236196041107}, "right_ear": {"y": 129.0, "x": 333.0, "score": 0.2123669385910034}, "nose": {"y": 131.25, "x": 344.25, "score": 0.2528647184371948}, "left_eye": {"y": 129.0, "x": 337.5, "score": 0.3100530207157135}, "right_eye": {"y": 138.0, "x": 342.0, "score": 0.1577411144971848}, "right_hip": {"y": 140.25, "x": 308.25, "score": 0.1882532238960266}, "left_wrist": {"y": 180.75, "x": 366.75, "score": 0.2194007039070129}, "left_ear": {"y": 131.25, "x": 335.25, "score": 0.2932014167308807}, "left_elbow": {"y": 131.25, "x": 353.25, "score": 0.471552312374115}, "right_shoulder": {"y": 187.5, "x": 353.25, "score": 0.1040203720331192}, "right_ankle": {"y": 153.75, "x": 355.5, "score": 0.05120449513196945}, "right_knee": {"y": 189.75, "x": 398.25, "score": 0.1724252700805664}, "right_wrist": {"y": 180.75, "x": 366.75, "score": 0.1677097082138062}}, "location": {"height": 82.93384552001953, "width": 119.6649780273438, "top": 115.5835571289062, "score": 0.07976952195167542, "left": 292.0372314453125}}, {"body_parts": {"left_hip": {"y": 240.84375, "x": 362.28125, "score": 0.06652437150478363}, "top_head": {"y": 101.125, "x": 132.15625, "score": 0.05900696665048599}, "right_mouth_corner": {"y": 232.625, "x": 395.15625, "score": 0.05318043753504753}, "neck": {"y": 150.4375, "x": 354.0625, "score": 0.02801855280995369}, "left_shoulder": {"y": 2.5, "x": 419.8125, "score": 0.05368214473128319}, "left_knee": {"y": 117.5625, "x": 165.03125, "score": 0.06391841918230057}, "left_ankle": {"y": 249.0625, "x": 362.28125, "score": 0.03354750946164131}, "left_mouth_corner": {"y": 101.125, "x": 362.28125, "score": 0.05242124199867249}, "right_elbow": {"y": 134.0, "x": 304.75, "score": 0.5352761149406433}, "right_ear": {"y": 35.375, "x": 469.125, "score": 0.1386442482471466}, "nose": {"y": 84.6875, "x": 469.125, "score": 0.08308186382055283}, "left_eye": {"y": 117.5625, "x": 115.71875, "score": 0.04955917969346046}, "right_eye": {"y": 125.78125, "x": 140.375, "score": 0.155832439661026}, "right_hip": {"y": 249.0625, "x": 362.28125, "score": 0.07616917788982391}, "left_wrist": {"y": 175.09375, "x": 386.9375, "score": 0.1002997383475304}, "left_ear": {"y": 35.375, "x": 469.125, "score": 0.07985052466392517}, "left_elbow": {"y": 134.0, "x": 312.96875, "score": 0.1060946583747864}, "right_shoulder": {"y": 125.78125, "x": 436.25, "score": 0.1201497167348862}, "right_ankle": {"y": 175.09375, "x": 362.28125, "score": 0.06171957775950432}, "right_knee": {"y": 117.5625, "x": 156.8125, "score": 0.07679582387208939}, "right_wrist": {"y": 150.4375, "x": 337.625, "score": 0.4019518494606018}}, "location": {"height": 268.624755859375, "width": 438.693359375, "top": 0.375244140625, "score": 0.01410635467618704, "left": 0.0}}], "log_id": 6168593892070831969}