{"person_num": 2, "person_info": [{"body_parts": {"left_hip": {"y": 224.75, "x": 445.25, "score": 0.08639634400606155}, "top_head": {"y": 134.0, "x": 346.25, "score": 0.09316258877515793}, "right_mouth_corner": {"y": 0, "x": 480, "score": 0.09427861869335175}, "neck": {"y": 2.0, "x": 480, "score": 0.05498776584863663}, "left_shoulder": {"y": 35.0, "x": 478.25, "score": 0.05487973615527153}, "left_knee": {"y": 109.25, "x": 164.75, "score": 0.08910001069307327}, "left_ankle": {"y": 241.25, "x": 362.75, "score": 0.04444201290607452}, "left_mouth_corner": {"y": 167.0, "x": 313.25, "score": 0.138846829533577}, "right_elbow": {"y": 109.25, "x": 164.75, "score": 0.2522552907466888}, "right_ear": {"y": 18.5, "x": 470.0, "score": 0.1890347599983215}, "nose": {"y": 0, "x": 478.25, "score": 0.1641246378421783}, "left_eye": {"y": 158.75, "x": 329.75, "score": 0.1389471590518951}, "right_eye": {"y": 134.0, "x": 148.25, "score": 0.1735446900129318}, "right_hip": {"y": 224.75, "x": 362.75, "score": 0.08000390976667404}, "left_wrist": {"y": 142.25, "x": 338.0, "score": 0.1629121452569962}, "left_ear": {"y": 158.75, "x": 346.25, "score": 0.1480656862258911}, "left_elbow": {"y": 109.25, "x": 164.75, "score": 0.2420501708984375}, "right_shoulder": {"y": 10.25, "x": 461.75, "score": 0.1815399676561356}, "right_ankle": {"y": 249.5, "x": 371.0, "score": 0.05427923426032066}, "right_knee": {"y": 117.5, "x": 156.5, "score": 0.09660420566797256}, "right_wrist": {"y": 150.5, "x": 329.75, "score": 0.4254890084266663}}, "location": {"height": 268.7925415039062, "width": 439.3970642089844, "top": 0.2074432373046875, "score": 0.01014211867004633, "left": 1.037368774414062}}, {"body_parts": {"left_hip": {"y": 140.125, "x": 334.125, "score": 0.3374640345573425}, "top_head": {"y": 181.6875, "x": 393.1875, "score": 0.1936466693878174}, "right_mouth_corner": {"y": 194.8125, "x": 375.6875, "score": 0.1979387998580933}, "neck": {"y": 164.1875, "x": 360.375, "score": 0.1734419167041779}, "left_shoulder": {"y": 142.3125, "x": 366.9375, "score": 0.1480103880167007}, "left_knee": {"y": 137.9375, "x": 329.75, "score": 0.2000106871128082}, "left_ankle": {"y": 133.5625, "x": 316.625, "score": 0.3300514817237854}, "left_mouth_corner": {"y": 192.625, "x": 377.875, "score": 0.2305941730737686}, "right_elbow": {"y": 164.1875, "x": 404.125, "score": 0.1405819952487946}, "right_ear": {"y": 186.0625, "x": 382.25, "score": 0.2193126976490021}, "nose": {"y": 192.625, "x": 375.6875, "score": 0.4667080938816071}, "left_eye": {"y": 188.25, "x": 375.6875, "score": 0.2461202293634415}, "right_eye": {"y": 190.4375, "x": 377.875, "score": 0.3095434904098511}, "right_hip": {"y": 155.4375, "x": 325.375, "score": 0.1760290712118149}, "left_wrist": {"y": 183.875, "x": 384.4375, "score": 0.08995690196752548}, "left_ear": {"y": 188.25, "x": 384.4375, "score": 0.1493382453918457}, "left_elbow": {"y": 166.375, "x": 401.9375, "score": 0.2862227261066437}, "right_shoulder": {"y": 166.375, "x": 401.9375, "score": 0.1430565416812897}, "right_ankle": {"y": 164.1875, "x": 314.4375, "score": 0.3465161621570587}, "right_knee": {"y": 164.1875, "x": 404.125, "score": 0.2213211506605148}, "right_wrist": {"y": 168.5625, "x": 312.25, "score": 0.1389601230621338}}, "location": {"height": 67.254150390625, "width": 116.0488128662109, "top": 128.9665374755859, "score": 0.007827408611774445, "left": 298.7667541503906}}], "log_id": 7035926902955187297}