{"person_num": 2, "person_info": [{"body_parts": {"left_hip": {"y": 133.0625, "x": 336.15625, "score": 0.4702901542186737}, "top_head": {"y": 170.75, "x": 384.3125, "score": 0.3811281025409698}, "right_mouth_corner": {"y": 151.90625, "x": 382.21875, "score": 0.07221408188343048}, "neck": {"y": 158.1875, "x": 361.28125, "score": 0.3496806025505066}, "left_shoulder": {"y": 135.15625, "x": 373.84375, "score": 0.486484706401825}, "left_knee": {"y": 130.96875, "x": 334.0625, "score": 0.2568976581096649}, "left_ankle": {"y": 133.0625, "x": 313.125, "score": 0.2877124845981598}, "left_mouth_corner": {"y": 149.8125, "x": 382.21875, "score": 0.212074026465416}, "right_elbow": {"y": 181.21875, "x": 338.25, "score": 0.1060816869139671}, "right_ear": {"y": 174.9375, "x": 371.75, "score": 0.130011260509491}, "nose": {"y": 149.8125, "x": 384.3125, "score": 0.2240167111158371}, "left_eye": {"y": 158.1875, "x": 386.40625, "score": 0.2214248180389404}, "right_eye": {"y": 158.1875, "x": 384.3125, "score": 0.1200571060180664}, "right_hip": {"y": 151.90625, "x": 327.78125, "score": 0.2291258871555328}, "left_wrist": {"y": 147.71875, "x": 392.6875, "score": 0.8236082792282104}, "left_ear": {"y": 154.0, "x": 371.75, "score": 0.3013597130775452}, "left_elbow": {"y": 126.78125, "x": 403.15625, "score": 0.7674708962440491}, "right_shoulder": {"y": 177.03125, "x": 359.1875, "score": 0.1821749806404114}, "right_ankle": {"y": 139.34375, "x": 308.9375, "score": 0.4269624054431915}, "right_knee": {"y": 143.53125, "x": 311.03125, "score": 0.2472521662712097}, "right_wrist": {"y": 174.9375, "x": 329.875, "score": 0.2106367200613022}}, "location": {"height": 70.45596313476562, "width": 110.1317901611328, "top": 119.1163482666016, "score": 0.02372730895876884, "left": 300.97509765625}}, {"body_parts": {"left_hip": {"y": 42.90625, "x": 0, "score": 0.06165406852960587}, "top_head": {"y": 134.0, "x": 354.9375, "score": 0.0858510434627533}, "right_mouth_corner": {"y": 1.5, "x": 480, "score": 0.0379239022731781}, "neck": {"y": 150.5625, "x": 363.21875, "score": 0.06326380372047424}, "left_shoulder": {"y": 34.625, "x": 470.875, "score": 0.07025916874408722}, "left_knee": {"y": 117.4375, "x": 156.1875, "score": 0.08482106029987335}, "left_ankle": {"y": 158.84375, "x": 338.375, "score": 0.1910455524921417}, "left_mouth_corner": {"y": 100.875, "x": 346.65625, "score": 0.05327589064836502}, "right_elbow": {"y": 109.15625, "x": 164.46875, "score": 0.1347177922725677}, "right_ear": {"y": 26.34375, "x": 462.59375, "score": 0.1899701505899429}, "nose": {"y": 9.78125, "x": 470.875, "score": 0.1136291772127151}, "left_eye": {"y": 26.34375, "x": 470.875, "score": 0.1030332669615746}, "right_eye": {"y": 26.34375, "x": 470.875, "score": 0.1546130031347275}, "right_hip": {"y": 150.5625, "x": 412.90625, "score": 0.04159601777791977}, "left_wrist": {"y": 150.5625, "x": 396.34375, "score": 0.1322081387042999}, "left_ear": {"y": 34.625, "x": 470.875, "score": 0.1266305148601532}, "left_elbow": {"y": 100.875, "x": 164.46875, "score": 0.142326220870018}, "right_shoulder": {"y": 9.78125, "x": 479.15625, "score": 0.09886180609464645}, "right_ankle": {"y": 158.84375, "x": 346.65625, "score": 0.1878258138895035}, "right_knee": {"y": 125.71875, "x": 156.1875, "score": 0.117592379450798}, "right_wrist": {"y": 134.0, "x": 346.65625, "score": 0.1242600753903389}}, "location": {"height": 268.83056640625, "width": 442.214599609375, "top": 0.16943359375, "score": 0.01032633241266012, "left": 0.0}}], "log_id": 4649351555924096065}