{"person_num": 2, "person_info": [{"body_parts": {"left_hip": {"y": 175.0, "x": 370.0, "score": 0.5054768919944763}, "top_head": {"y": 235.0, "x": 418.0, "score": 0.5614302754402161}, "right_mouth_corner": {"y": 211.0, "x": 376.0, "score": 0.06468664109706879}, "neck": {"y": 208.0, "x": 394.0, "score": 0.4058164656162262}, "left_shoulder": {"y": 193.0, "x": 409.0, "score": 0.601470410823822}, "left_knee": {"y": 169.0, "x": 367.0, "score": 0.3702486455440521}, "left_ankle": {"y": 163.0, "x": 346.0, "score": 0.8272534012794495}, "left_mouth_corner": {"y": 208.0, "x": 388.0, "score": 0.09062834829092026}, "right_elbow": {"y": 223.0, "x": 364.0, "score": 0.1742723137140274}, "right_ear": {"y": 232.0, "x": 400.0, "score": 0.4180931746959686}, "nose": {"y": 238.0, "x": 427.0, "score": 0.08513250946998596}, "left_eye": {"y": 238.0, "x": 424.0, "score": 0.1703757345676422}, "right_eye": {"y": 223.0, "x": 406.0, "score": 0.1339021325111389}, "right_hip": {"y": 193.0, "x": 355.0, "score": 0.5138369202613831}, "left_wrist": {"y": 211.0, "x": 480, "score": 0.204099178314209}, "left_ear": {"y": 211.0, "x": 415.0, "score": 0.5581363439559937}, "left_elbow": {"y": 202.0, "x": 457.0, "score": 0.5584715604782104}, "right_shoulder": {"y": 223.0, "x": 376.0, "score": 0.3288443088531494}, "right_ankle": {"y": 181.0, "x": 334.0, "score": 0.6535148024559021}, "right_knee": {"y": 190.0, "x": 346.0, "score": 0.4726895093917847}, "right_wrist": {"y": 223.0, "x": 400.0, "score": 0.09124834090471268}}, "location": {"height": 100.3607177734375, "width": 159.8029479980469, "top": 157.7483825683594, "score": 0.4239389300346375, "left": 319.197021484375}}, {"body_parts": {"left_hip": {"y": 142.84375, "x": 168.25, "score": 0.07652172446250916}, "top_head": {"y": 178.21875, "x": 451.25, "score": 0.04838693886995316}, "right_mouth_corner": {"y": 142.84375, "x": 0.21875, "score": 0.02887340262532234}, "neck": {"y": 36.71875, "x": 26.75, "score": 0.04361937195062637}, "left_shoulder": {"y": 36.71875, "x": 17.90625, "score": 0.08080235123634338}, "left_knee": {"y": 142.84375, "x": 265.53125, "score": 0.04758783429861069}, "left_ankle": {"y": 213.59375, "x": 371.65625, "score": 0.159044936299324}, "left_mouth_corner": {"y": 0, "x": 0, "score": 0.05639520287513733}, "right_elbow": {"y": 116.3125, "x": 159.40625, "score": 0.2309576272964478}, "right_ear": {"y": 19.03125, "x": 0, "score": 0.1092855483293533}, "nose": {"y": 1.34375, "x": 0, "score": 0.1391587406396866}, "left_eye": {"y": 0, "x": 0, "score": 0.1528574526309967}, "right_eye": {"y": 1.34375, "x": 0, "score": 0.1589355766773224}, "right_hip": {"y": 151.6875, "x": 150.5625, "score": 0.0907464548945427}, "left_wrist": {"y": 116.3125, "x": 194.78125, "score": 0.04169332236051559}, "left_ear": {"y": 187.0625, "x": 362.8125, "score": 0.04369287937879562}, "left_elbow": {"y": 107.46875, "x": 168.25, "score": 0.2929410636425018}, "right_shoulder": {"y": 27.875, "x": 17.90625, "score": 0.1927885860204697}, "right_ankle": {"y": 204.75, "x": 371.65625, "score": 0.1413426697254181}, "right_knee": {"y": 160.53125, "x": 247.84375, "score": 0.07191586494445801}, "right_wrist": {"y": 213.59375, "x": 9.0625, "score": 0.04781379550695419}}, "location": {"height": 268.8460083007812, "width": 471.6985473632812, "top": 0.1539764404296875, "score": 0.01015422865748405, "left": 7.301437377929688}}], "log_id": 3322397418485746721}