{"person_num": 2, "person_info": [{"body_parts": {"left_hip": {"y": 177.78125, "x": 366.40625, "score": 0.4509935975074768}, "top_head": {"y": 240.34375, "x": 426.125, "score": 0.5055721998214722}, "right_mouth_corner": {"y": 220.4375, "x": 403.375, "score": 0.09311525523662567}, "neck": {"y": 220.4375, "x": 394.84375, "score": 0.4240013360977173}, "left_shoulder": {"y": 194.84375, "x": 403.375, "score": 0.7170674800872803}, "left_knee": {"y": 166.40625, "x": 349.34375, "score": 0.4133877158164978}, "left_ankle": {"y": 163.5625, "x": 340.8125, "score": 0.7216235995292664}, "left_mouth_corner": {"y": 206.21875, "x": 411.90625, "score": 0.1600795835256577}, "right_elbow": {"y": 220.4375, "x": 363.5625, "score": 0.2182178646326065}, "right_ear": {"y": 237.5, "x": 403.375, "score": 0.4022577106952667}, "nose": {"y": 217.59375, "x": 409.0625, "score": 0.1502389311790466}, "left_eye": {"y": 220.4375, "x": 411.90625, "score": 0.2636242806911469}, "right_eye": {"y": 220.4375, "x": 409.0625, "score": 0.2507255077362061}, "right_hip": {"y": 200.53125, "x": 357.875, "score": 0.4585566222667694}, "left_wrist": {"y": 203.375, "x": 446.03125, "score": 0.7153394818305969}, "left_ear": {"y": 209.0625, "x": 409.0625, "score": 0.2645151913166046}, "left_elbow": {"y": 192.0, "x": 423.28125, "score": 0.7843037247657776}, "right_shoulder": {"y": 237.5, "x": 377.78125, "score": 0.4727144539356232}, "right_ankle": {"y": 186.3125, "x": 337.96875, "score": 0.5024698972702026}, "right_knee": {"y": 194.84375, "x": 349.34375, "score": 0.427469789981842}, "right_wrist": {"y": 217.59375, "x": 357.875, "score": 0.1379901468753815}}, "location": {"height": 103.6497268676758, "width": 151.7972412109375, "top": 155.0462493896484, "score": 0.2666575908660889, "left": 320.8680419921875}}, {"body_parts": {"left_hip": {"y": 160.71875, "x": 158.84375, "score": 0.05342526733875275}, "top_head": {"y": 178.53125, "x": 452.75, "score": 0.06930700689554214}, "right_mouth_corner": {"y": 169.625, "x": 336.96875, "score": 0.02323750592768192}, "neck": {"y": 214.15625, "x": 345.875, "score": 0.03305793553590775}, "left_shoulder": {"y": 36.03125, "x": 7.4375, "score": 0.08760248124599457}, "left_knee": {"y": 125.09375, "x": 167.75, "score": 0.09003131091594696}, "left_ankle": {"y": 205.25, "x": 372.59375, "score": 0.1635448485612869}, "left_mouth_corner": {"y": 80.5625, "x": 16.34375, "score": 0.02892227843403816}, "right_elbow": {"y": 116.1875, "x": 158.84375, "score": 0.3189270794391632}, "right_ear": {"y": 27.125, "x": 479.46875, "score": 0.09287295490503311}, "nose": {"y": 0.40625, "x": 0, "score": 0.129866287112236}, "left_eye": {"y": 0, "x": 0, "score": 0.1255591958761215}, "right_eye": {"y": 0.40625, "x": 0, "score": 0.1522248387336731}, "right_hip": {"y": 160.71875, "x": 149.9375, "score": 0.05533724650740623}, "left_wrist": {"y": 187.4375, "x": 354.78125, "score": 0.03775934502482414}, "left_ear": {"y": 187.4375, "x": 354.78125, "score": 0.09406295418739319}, "left_elbow": {"y": 107.28125, "x": 167.75, "score": 0.2851704657077789}, "right_shoulder": {"y": 27.125, "x": 16.34375, "score": 0.1925535202026367}, "right_ankle": {"y": 205.25, "x": 381.5, "score": 0.1490273177623749}, "right_knee": {"y": 134.0, "x": 167.75, "score": 0.1087414175271988}, "right_wrist": {"y": 214.15625, "x": 16.34375, "score": 0.04867343977093697}}, "location": {"height": 268.5867004394531, "width": 473.3975219726562, "top": 0.4133148193359375, "score": 0.01388339791446924, "left": 5.602462768554688}}], "log_id": 9087692975177543361}