{"person_num": 1, "person_info": [{"body_parts": {"left_hip": {"y": 125.21875, "x": 203.875, "score": 0.06569335609674454}, "top_head": {"y": 151.5625, "x": 449.75, "score": 0.09933947026729584}, "right_mouth_corner": {"y": 98.875, "x": 353.15625, "score": 0.04671638831496239}, "neck": {"y": 98.875, "x": 353.15625, "score": 0.07300543785095215}, "left_shoulder": {"y": 37.40625, "x": 19.46875, "score": 0.09236718714237213}, "left_knee": {"y": 125.21875, "x": 230.21875, "score": 0.04321699216961861}, "left_ankle": {"y": 134.0, "x": 361.9375, "score": 0.2442551106214523}, "left_mouth_corner": {"y": 98.875, "x": 370.71875, "score": 0.05326538160443306}, "right_elbow": {"y": 116.4375, "x": 168.75, "score": 0.2214827835559845}, "right_ear": {"y": 11.0625, "x": 467.3125, "score": 0.1095167249441147}, "nose": {"y": 2.28125, "x": 0, "score": 0.07191618531942368}, "left_eye": {"y": 0, "x": 0, "score": 0.1041262298822403}, "right_eye": {"y": 28.625, "x": 476.09375, "score": 0.1170010343194008}, "right_hip": {"y": 160.34375, "x": 195.09375, "score": 0.06175064668059349}, "left_wrist": {"y": 81.3125, "x": 388.28125, "score": 0.1008096188306808}, "left_ear": {"y": 116.4375, "x": 361.9375, "score": 0.1589358299970627}, "left_elbow": {"y": 98.875, "x": 168.75, "score": 0.2683501243591309}, "right_shoulder": {"y": 28.625, "x": 19.46875, "score": 0.2346838563680649}, "right_ankle": {"y": 134.0, "x": 370.71875, "score": 0.2074854224920273}, "right_knee": {"y": 134.0, "x": 212.65625, "score": 0.0555991493165493}, "right_wrist": {"y": 107.65625, "x": 361.9375, "score": 0.05731990560889244}}, "location": {"height": 269.0, "width": 467.0141296386719, "top": 0.0, "score": 0.01445336826145649, "left": 11.98585510253906}}], "log_id": 5117874602326009345}