{"person_num": 2, "person_info": [{"body_parts": {"left_hip": {"y": 99.5, "x": 251.75, "score": 0.2071326225996017}, "top_head": {"y": 69.75, "x": 204.5, "score": 0.3469832241535187}, "right_mouth_corner": {"y": 96.0, "x": 209.75, "score": 0.03773405030369759}, "neck": {"y": 78.5, "x": 230.75, "score": 0.3585436940193176}, "left_shoulder": {"y": 99.5, "x": 251.75, "score": 0.2558448314666748}, "left_knee": {"y": 96.0, "x": 258.75, "score": 0.3385960757732391}, "left_ankle": {"y": 89.0, "x": 267.5, "score": 0.6615503430366516}, "left_mouth_corner": {"y": 97.75, "x": 211.5, "score": 0.04166300222277641}, "right_elbow": {"y": 52.25, "x": 218.5, "score": 0.1627828478813171}, "right_ear": {"y": 59.25, "x": 218.5, "score": 0.2071897238492966}, "nose": {"y": 96.0, "x": 209.75, "score": 0.08329574018716812}, "left_eye": {"y": 92.5, "x": 209.75, "score": 0.1607674062252045}, "right_eye": {"y": 92.5, "x": 209.75, "score": 0.1395503133535385}, "right_hip": {"y": 66.25, "x": 248.25, "score": 0.1605237722396851}, "left_wrist": {"y": 104.75, "x": 215.0, "score": 0.3923662006855011}, "left_ear": {"y": 90.75, "x": 223.75, "score": 0.3103733658790588}, "left_elbow": {"y": 101.25, "x": 220.25, "score": 0.2792702615261078}, "right_shoulder": {"y": 48.75, "x": 225.5, "score": 0.5913432240486145}, "right_ankle": {"y": 103.0, "x": 218.5, "score": 0.1670707762241364}, "right_knee": {"y": 96.0, "x": 220.25, "score": 0.1130368709564209}, "right_wrist": {"y": 57.5, "x": 208.0, "score": 0.1174957603216171}}, "location": {"height": 87.99976348876953, "width": 93.13236236572266, "top": 38.19609451293945, "score": 0.7829857468605042, "left": 183.0688171386719}}, {"body_parts": {"left_hip": {"y": 134.0, "x": 247.375, "score": 0.2260860502719879}, "top_head": {"y": 58.625, "x": 213.875, "score": 0.5694648623466492}, "right_mouth_corner": {"y": 75.375, "x": 230.625, "score": 0.2728338837623596}, "neck": {"y": 75.375, "x": 222.25, "score": 0.6507983803749084}, "left_shoulder": {"y": 75.375, "x": 239.0, "score": 0.5336406230926514}, "left_knee": {"y": 209.375, "x": 331.125, "score": 0.1059623807668686}, "left_ankle": {"y": 242.875, "x": 356.25, "score": 0.1557658463716507}, "left_mouth_corner": {"y": 75.375, "x": 239.0, "score": 0.3054382801055908}, "right_elbow": {"y": 100.5, "x": 247.375, "score": 0.3321226537227631}, "right_ear": {"y": 75.375, "x": 222.25, "score": 0.4722573161125183}, "nose": {"y": 75.375, "x": 230.625, "score": 0.2407273054122925}, "left_eye": {"y": 67.0, "x": 230.625, "score": 0.2947613894939423}, "right_eye": {"y": 75.375, "x": 230.625, "score": 0.2688600420951843}, "right_hip": {"y": 150.75, "x": 247.375, "score": 0.1715485453605652}, "left_wrist": {"y": 92.125, "x": 247.375, "score": 0.3690788745880127}, "left_ear": {"y": 75.375, "x": 222.25, "score": 0.443880707025528}, "left_elbow": {"y": 100.5, "x": 255.75, "score": 0.4302797019481659}, "right_shoulder": {"y": 75.375, "x": 230.625, "score": 0.5205304622650146}, "right_ankle": {"y": 242.875, "x": 356.25, "score": 0.1773933470249176}, "right_knee": {"y": 201.0, "x": 331.125, "score": 0.1305888742208481}, "right_wrist": {"y": 92.125, "x": 239.0, "score": 0.3118095993995667}}, "location": {"height": 267.0432739257812, "width": 446.0929870605469, "top": 1.95672607421875, "score": 0.005328371189534664, "left": 25.05305480957031}}], "log_id": 6964857904529243073}