{"person_num": 2, "person_info": [{"body_parts": {"left_hip": {"y": 103.03125, "x": 72.15625, "score": 0.5620638132095337}, "top_head": {"y": 100.0625, "x": 0, "score": 0.2732996940612793}, "right_mouth_corner": {"y": 103.03125, "x": 6.84375, "score": 0.6656889319419861}, "neck": {"y": 106.0, "x": 6.84375, "score": 0.7662467956542969}, "left_shoulder": {"y": 82.25, "x": 12.78125, "score": 0.7726892828941345}, "left_knee": {"y": 108.96875, "x": 110.75, "score": 0.6559756398200989}, "left_ankle": {"y": 114.90625, "x": 134.5, "score": 0.6813610792160034}, "left_mouth_corner": {"y": 100.0625, "x": 9.8125, "score": 0.7575312852859497}, "right_elbow": {"y": 141.625, "x": 45.4375, "score": 0.7849222421646118}, "right_ear": {"y": 114.90625, "x": 0.90625, "score": 0.4831719696521759}, "nose": {"y": 97.09375, "x": 6.84375, "score": 0.6854345202445984}, "left_eye": {"y": 97.09375, "x": 0.90625, "score": 0.6209949851036072}, "right_eye": {"y": 103.03125, "x": 0.90625, "score": 0.528899073600769}, "right_hip": {"y": 120.84375, "x": 72.15625, "score": 0.4820563495159149}, "left_wrist": {"y": 79.28125, "x": 75.125, "score": 0.8695117831230164}, "left_ear": {"y": 94.125, "x": 3.875, "score": 0.412985771894455}, "left_elbow": {"y": 79.28125, "x": 51.375, "score": 0.8439044952392578}, "right_shoulder": {"y": 132.71875, "x": 12.78125, "score": 0.6558240652084351}, "right_ankle": {"y": 111.9375, "x": 131.53125, "score": 0.4148378372192383}, "right_knee": {"y": 111.9375, "x": 110.75, "score": 0.4534704685211182}, "right_wrist": {"y": 138.65625, "x": 75.125, "score": 0.8436481952667236}}, "location": {"height": 71.9608154296875, "width": 158.8910675048828, "top": 70.8226547241211, "score": 0.5231545567512512, "left": 0.0}}, {"body_parts": {"left_hip": {"y": 142.8125, "x": 80.375, "score": 0.2607358694076538}, "top_head": {"y": 89.9375, "x": 18.6875, "score": 0.1892468929290771}, "right_mouth_corner": {"y": 98.75, "x": 62.75, "score": 0.1832995712757111}, "neck": {"y": 98.75, "x": 36.3125, "score": 0.3339744508266449}, "left_shoulder": {"y": 81.125, "x": 18.6875, "score": 0.4006054103374481}, "left_knee": {"y": 169.25, "x": 300.6875, "score": 0.07300468534231186}, "left_ankle": {"y": 239.75, "x": 371.1875, "score": 0.08420834690332413}, "left_mouth_corner": {"y": 98.75, "x": 80.375, "score": 0.2001173496246338}, "right_elbow": {"y": 107.5625, "x": 71.5625, "score": 0.1521495431661606}, "right_ear": {"y": 107.5625, "x": 27.5, "score": 0.2009717524051666}, "nose": {"y": 98.75, "x": 1.0625, "score": 0.2248789072036743}, "left_eye": {"y": 98.75, "x": 9.875, "score": 0.1759723126888275}, "right_eye": {"y": 98.75, "x": 71.5625, "score": 0.1549846678972244}, "right_hip": {"y": 151.625, "x": 89.1875, "score": 0.2318642437458038}, "left_wrist": {"y": 107.5625, "x": 18.6875, "score": 0.2512849271297455}, "left_ear": {"y": 89.9375, "x": 9.875, "score": 0.1468994617462158}, "left_elbow": {"y": 107.5625, "x": 71.5625, "score": 0.3653444945812225}, "right_shoulder": {"y": 89.9375, "x": 36.3125, "score": 0.3272287547588348}, "right_ankle": {"y": 213.3125, "x": 71.5625, "score": 0.09053248167037964}, "right_knee": {"y": 178.0625, "x": 89.1875, "score": 0.07257197052240372}, "right_wrist": {"y": 107.5625, "x": 18.6875, "score": 0.2406657189130783}}, "location": {"height": 268.9854125976562, "width": 469.2207641601562, "top": 0.01458740234375, "score": 0.007201263215392828, "left": 9.779220581054688}}], "log_id": 7680754578589262753}