{"person_num": 2, "person_info": [{"body_parts": {"left_hip": {"y": 93.5, "x": 264.0625, "score": 0.3922466337680817}, "top_head": {"y": 41.9375, "x": 334.1875, "score": 0.5313137769699097}, "right_mouth_corner": {"y": 77.0, "x": 301.1875, "score": 0.08611296117305756}, "neck": {"y": 70.8125, "x": 303.25, "score": 0.6915737986564636}, "left_shoulder": {"y": 52.25, "x": 278.5, "score": 0.5776509046554565}, "left_knee": {"y": 85.25, "x": 259.9375, "score": 0.3653694689273834}, "left_ankle": {"y": 91.4375, "x": 276.4375, "score": 0.03368579223752022}, "left_mouth_corner": {"y": 44.0, "x": 303.25, "score": 0.2413190305233002}, "right_elbow": {"y": 107.9375, "x": 315.625, "score": 0.6850859522819519}, "right_ear": {"y": 70.8125, "x": 321.8125, "score": 0.5283629894256592}, "nose": {"y": 44.0, "x": 305.3125, "score": 0.3875114917755127}, "left_eye": {"y": 44.0, "x": 307.375, "score": 0.4232993125915527}, "right_eye": {"y": 41.9375, "x": 307.375, "score": 0.2469399571418762}, "right_hip": {"y": 114.125, "x": 280.5625, "score": 0.3748409450054169}, "left_wrist": {"y": 54.3125, "x": 299.125, "score": 0.2436598390340805}, "left_ear": {"y": 48.125, "x": 305.3125, "score": 0.7358301877975464}, "left_elbow": {"y": 56.375, "x": 266.125, "score": 0.3967421352863312}, "right_shoulder": {"y": 91.4375, "x": 313.5625, "score": 0.5711865425109863}, "right_ankle": {"y": 112.0625, "x": 282.625, "score": 0.1487502753734589}, "right_knee": {"y": 95.5625, "x": 292.9375, "score": 0.08680605888366699}, "right_wrist": {"y": 89.375, "x": 319.75, "score": 0.2048834562301636}}, "location": {"height": 102.2150726318359, "width": 110.2027130126953, "top": 26.83046913146973, "score": 0.7734616994857788, "left": 240.2734832763672}}, {"body_parts": {"left_hip": {"y": 134.0, "x": 107.5, "score": 0.02235408686101437}, "top_head": {"y": 12.5, "x": 92.3125, "score": 0.01937273144721985}, "right_mouth_corner": {"y": 0, "x": 163.1875, "score": 0.006396148819476366}, "neck": {"y": 12.5, "x": 173.3125, "score": 0.01748720929026604}, "left_shoulder": {"y": 7.4375, "x": 46.75, "score": 0.0276048332452774}, "left_knee": {"y": 209.9375, "x": 168.25, "score": 0.02520875632762909}, "left_ankle": {"y": 240.3125, "x": 26.5, "score": 0.04197234660387039}, "left_mouth_corner": {"y": 149.1875, "x": 21.4375, "score": 0.00694782892242074}, "right_elbow": {"y": 154.25, "x": 21.4375, "score": 0.02821932919323444}, "right_ear": {"y": 42.875, "x": 132.8125, "score": 0.02305446565151215}, "nose": {"y": 113.75, "x": 173.3125, "score": 0.02053081057965755}, "left_eye": {"y": 98.5625, "x": 173.3125, "score": 0.02582265436649323}, "right_eye": {"y": 93.5, "x": 163.1875, "score": 0.02092741057276726}, "right_hip": {"y": 149.1875, "x": 122.6875, "score": 0.02612029947340488}, "left_wrist": {"y": 83.375, "x": 284.6875, "score": 0.1218569800257683}, "left_ear": {"y": 42.875, "x": 158.125, "score": 0.03105108067393303}, "left_elbow": {"y": 63.125, "x": 279.625, "score": 0.03031645901501179}, "right_shoulder": {"y": 17.5625, "x": 61.9375, "score": 0.04237103462219238}, "right_ankle": {"y": 209.9375, "x": 51.8125, "score": 0.05197233706712723}, "right_knee": {"y": 209.9375, "x": 107.5, "score": 0.04732352867722511}, "right_wrist": {"y": 78.3125, "x": 284.6875, "score": 0.03778646513819695}}, "location": {"height": 268.4714660644531, "width": 263.4196166992188, "top": 0.5285186767578125, "score": 0.006562232039868832, "left": 2.922805786132812}}], "log_id": 4663960262906430753}