{"person_num": 2, "person_info": [{"body_parts": {"left_hip": {"y": 26.875, "x": 446.625, "score": 0.2921171486377716}, "top_head": {"y": 19.0, "x": 472.875, "score": 0.05082959681749344}, "right_mouth_corner": {"y": 32.125, "x": 470.25, "score": 0.1157148405909538}, "neck": {"y": 19.0, "x": 457.125, "score": 0.2148662805557251}, "left_shoulder": {"y": 19.0, "x": 467.625, "score": 0.304736852645874}, "left_knee": {"y": 47.875, "x": 409.875, "score": 0.6622869968414307}, "left_ankle": {"y": 55.75, "x": 381.0, "score": 0.423390656709671}, "left_mouth_corner": {"y": 32.125, "x": 467.625, "score": 0.1331351399421692}, "right_elbow": {"y": 32.125, "x": 404.625, "score": 0.6421340703964233}, "right_ear": {"y": 19.0, "x": 475.5, "score": 0.140721932053566}, "nose": {"y": 34.75, "x": 467.625, "score": 0.2684684991836548}, "left_eye": {"y": 34.75, "x": 467.625, "score": 0.2384872734546661}, "right_eye": {"y": 29.5, "x": 470.25, "score": 0.1615069508552551}, "right_hip": {"y": 11.125, "x": 441.375, "score": 0.1552401185035706}, "left_wrist": {"y": 58.375, "x": 386.25, "score": 0.07317056506872177}, "left_ear": {"y": 21.625, "x": 475.5, "score": 0.1152244731783867}, "left_elbow": {"y": 24.25, "x": 470.25, "score": 0.1089489161968231}, "right_shoulder": {"y": 8.5, "x": 438.75, "score": 0.6401969790458679}, "right_ankle": {"y": 45.25, "x": 354.75, "score": 0.7786766886711121}, "right_knee": {"y": 37.375, "x": 391.5, "score": 0.4638088941574097}, "right_wrist": {"y": 55.75, "x": 391.5, "score": 0.8734496235847473}}, "location": {"height": 73.43008422851562, "width": 139.9523162841797, "top": 1.673332214355469, "score": 0.269900381565094, "left": 339.0476684570312}}, {"body_parts": {"left_hip": {"y": 80.75, "x": 363.25, "score": 0.07244595140218735}, "top_head": {"y": 0, "x": 416.5, "score": 0.09484551101922989}, "right_mouth_corner": {"y": 27.5, "x": 398.75, "score": 0.0782422423362732}, "neck": {"y": 9.75, "x": 460.875, "score": 0.08057163655757904}, "left_shoulder": {"y": 9.75, "x": 460.875, "score": 0.1842157691717148}, "left_knee": {"y": 125.125, "x": 168.0, "score": 0.05116798356175423}, "left_ankle": {"y": 240.5, "x": 363.25, "score": 0.06431248784065247}, "left_mouth_corner": {"y": 98.5, "x": 292.25, "score": 0.05363955348730087}, "right_elbow": {"y": 0.875, "x": 460.875, "score": 0.1545663774013519}, "right_ear": {"y": 9.75, "x": 407.625, "score": 0.09677206724882126}, "nose": {"y": 27.5, "x": 398.75, "score": 0.08270542323589325}, "left_eye": {"y": 18.625, "x": 425.375, "score": 0.118123784661293}, "right_eye": {"y": 0.875, "x": 0, "score": 0.1140405535697937}, "right_hip": {"y": 89.625, "x": 363.25, "score": 0.05075545236468315}, "left_wrist": {"y": 45.25, "x": 389.875, "score": 0.546371579170227}, "left_ear": {"y": 9.75, "x": 425.375, "score": 0.1580034345388412}, "left_elbow": {"y": 45.25, "x": 398.75, "score": 0.2204057574272156}, "right_shoulder": {"y": 9.75, "x": 469.75, "score": 0.2204737216234207}, "right_ankle": {"y": 196.125, "x": 88.125, "score": 0.06867074966430664}, "right_knee": {"y": 125.125, "x": 159.125, "score": 0.0708123967051506}, "right_wrist": {"y": 36.375, "x": 398.75, "score": 0.3891517221927643}}, "location": {"height": 269.0, "width": 472.7131042480469, "top": 0.0, "score": 0.01823747344315052, "left": 6.286880493164062}}], "log_id": 250862587537636033}