{"person_num": 3, "person_info": [{"body_parts": {"left_hip": {"y": 8.5, "x": 436.125, "score": 0.1728668510913849}, "top_head": {"y": 5.875, "x": 454.5, "score": 0.09870631992816925}, "right_mouth_corner": {"y": 29.5, "x": 480, "score": 0.07685177028179169}, "neck": {"y": 3.25, "x": 446.625, "score": 0.1463790237903595}, "left_shoulder": {"y": 5.875, "x": 446.625, "score": 0.2117535620927811}, "left_knee": {"y": 42.625, "x": 399.375, "score": 0.4850578606128693}, "left_ankle": {"y": 53.125, "x": 383.625, "score": 0.6286793351173401}, "left_mouth_corner": {"y": 26.875, "x": 472.875, "score": 0.05414291843771935}, "right_elbow": {"y": 40.0, "x": 402.0, "score": 0.6181482076644897}, "right_ear": {"y": 21.625, "x": 475.5, "score": 0.1388595849275589}, "nose": {"y": 26.875, "x": 472.875, "score": 0.08549156785011292}, "left_eye": {"y": 24.25, "x": 472.875, "score": 0.1063483059406281}, "right_eye": {"y": 21.625, "x": 475.5, "score": 0.154520720243454}, "right_hip": {"y": 11.125, "x": 394.125, "score": 0.2220993041992188}, "left_wrist": {"y": 53.125, "x": 388.875, "score": 0.2584390938282013}, "left_ear": {"y": 13.75, "x": 475.5, "score": 0.05616911128163338}, "left_elbow": {"y": 42.625, "x": 402.0, "score": 0.1261503100395203}, "right_shoulder": {"y": 8.5, "x": 438.75, "score": 0.4136790633201599}, "right_ankle": {"y": 45.25, "x": 354.75, "score": 0.7712002992630005}, "right_knee": {"y": 42.625, "x": 378.375, "score": 0.5811324119567871}, "right_wrist": {"y": 47.875, "x": 394.125, "score": 0.174475371837616}}, "location": {"height": 75.62723541259766, "width": 139.1118621826172, "top": 0.9420204162597656, "score": 0.04041032865643501, "left": 339.8881225585938}}, {"body_parts": {"left_hip": {"y": 53.5625, "x": 319.4375, "score": 0.0348258838057518}, "top_head": {"y": 0, "x": 426.6875, "score": 0.1136551946401596}, "right_mouth_corner": {"y": 8.875, "x": 471.375, "score": 0.09659551829099655}, "neck": {"y": 35.6875, "x": 33.4375, "score": 0.04549635201692581}, "left_shoulder": {"y": 44.625, "x": 6.625, "score": 0.07936118543148041}, "left_knee": {"y": 151.875, "x": 382.0, "score": 0.05174873769283295}, "left_ankle": {"y": 241.25, "x": 373.0625, "score": 0.05852030962705612}, "left_mouth_corner": {"y": 8.875, "x": 480, "score": 0.1468940377235413}, "right_elbow": {"y": 8.875, "x": 426.6875, "score": 0.324164479970932}, "right_ear": {"y": 8.875, "x": 390.9375, "score": 0.1109819039702415}, "nose": {"y": 0, "x": 462.4375, "score": 0.2221497595310211}, "left_eye": {"y": 0, "x": 462.4375, "score": 0.1548308730125427}, "right_eye": {"y": 0, "x": 462.4375, "score": 0.1543899029493332}, "right_hip": {"y": 44.625, "x": 364.125, "score": 0.03169073536992073}, "left_wrist": {"y": 35.6875, "x": 390.9375, "score": 0.3500274121761322}, "left_ear": {"y": 17.8125, "x": 382.0, "score": 0.07490992546081543}, "left_elbow": {"y": 8.875, "x": 426.6875, "score": 0.3175540864467621}, "right_shoulder": {"y": 35.6875, "x": 6.625, "score": 0.2205812186002731}, "right_ankle": {"y": 241.25, "x": 373.0625, "score": 0.06089121103286743}, "right_knee": {"y": 160.8125, "x": 435.625, "score": 0.04695370048284531}, "right_wrist": {"y": 35.6875, "x": 399.875, "score": 0.171666607260704}}, "location": {"height": 269.0, "width": 476.6426696777344, "top": 0.0, "score": 0.01831205002963543, "left": 2.357315063476562}}, {"body_parts": {"left_hip": {"y": 129.03125, "x": 449.46875, "score": 0.1245725452899933}, "top_head": {"y": 14.74999237060547, "x": 374.9375, "score": 0.07279286533594131}, "right_mouth_corner": {"y": 14.74999237060547, "x": 459.40625, "score": 0.007291462272405624}, "neck": {"y": 0, "x": 480, "score": 0.0137459896504879}, "left_shoulder": {"y": 4.8125, "x": 449.46875, "score": 0.130888894200325}, "left_knee": {"y": 4.8125, "x": 444.5, "score": 0.2841410934925079}, "left_ankle": {"y": 44.5625, "x": 389.84375, "score": 0.5760082006454468}, "left_mouth_corner": {"y": 173.75, "x": 325.25, "score": 0.007800143212080002}, "right_elbow": {"y": 14.74999237060547, "x": 424.625, "score": 0.01922689937055111}, "right_ear": {"y": 24.6875, "x": 384.875, "score": 0.03690949827432632}, "nose": {"y": 9.781242370605469, "x": 464.375, "score": 0.03611134737730026}, "left_eye": {"y": 168.78125, "x": 335.1875, "score": 0.01628263480961323}, "right_eye": {"y": 34.625, "x": 365.0, "score": 0.03571126982569695}, "right_hip": {"y": 134.0, "x": 459.40625, "score": 0.1234345883131027}, "left_wrist": {"y": 39.59375, "x": 409.71875, "score": 0.01484399475157261}, "left_ear": {"y": 14.74999237060547, "x": 389.84375, "score": 0.02113325521349907}, "left_elbow": {"y": 19.71874237060547, "x": 439.53125, "score": 0.07624369859695435}, "right_shoulder": {"y": 4.8125, "x": 449.46875, "score": 0.09912879765033722}, "right_ankle": {"y": 44.5625, "x": 384.875, "score": 0.5366923213005066}, "right_knee": {"y": 4.8125, "x": 444.5, "score": 0.3053147792816162}, "right_wrist": {"y": 218.46875, "x": 315.3125, "score": 0.01043202541768551}}, "location": {"height": 265.2114562988281, "width": 136.7220153808594, "top": 2.419479370117188, "score": 0.006719580385833979, "left": 342.2779541015625}}], "log_id": 4425602487925889025}