{"person_num": 2, "person_info": [{"body_parts": {"left_hip": {"y": 11.125, "x": 446.625, "score": 0.2152705192565918}, "top_head": {"y": 3.25, "x": 402.0, "score": 0.02654448337852955}, "right_mouth_corner": {"y": 29.5, "x": 470.25, "score": 0.09171666949987411}, "neck": {"y": 16.375, "x": 451.875, "score": 0.2850812077522278}, "left_shoulder": {"y": 8.5, "x": 441.375, "score": 0.2256732732057571}, "left_knee": {"y": 45.25, "x": 404.625, "score": 0.5437573194503784}, "left_ankle": {"y": 55.75, "x": 383.625, "score": 0.6618123054504395}, "left_mouth_corner": {"y": 26.875, "x": 475.5, "score": 0.0957735925912857}, "right_elbow": {"y": 34.75, "x": 402.0, "score": 0.5477177500724792}, "right_ear": {"y": 16.375, "x": 467.625, "score": 0.1600839495658875}, "nose": {"y": 26.875, "x": 472.875, "score": 0.1827524751424789}, "left_eye": {"y": 26.875, "x": 475.5, "score": 0.1074448153376579}, "right_eye": {"y": 24.25, "x": 472.875, "score": 0.1354444324970245}, "right_hip": {"y": 11.125, "x": 444.0, "score": 0.2926987409591675}, "left_wrist": {"y": 55.75, "x": 386.25, "score": 0.2716206312179565}, "left_ear": {"y": 8.5, "x": 402.0, "score": 0.07132064551115036}, "left_elbow": {"y": 37.375, "x": 430.875, "score": 0.2908987998962402}, "right_shoulder": {"y": 8.5, "x": 433.5, "score": 0.2261059731245041}, "right_ankle": {"y": 45.25, "x": 354.75, "score": 0.7550936937332153}, "right_knee": {"y": 45.25, "x": 383.625, "score": 0.721731424331665}, "right_wrist": {"y": 53.125, "x": 391.5, "score": 0.4355747103691101}}, "location": {"height": 75.4089126586914, "width": 138.8526000976562, "top": 1.399410247802734, "score": 0.216949075460434, "left": 340.1473999023438}}, {"body_parts": {"left_hip": {"y": 80.75, "x": 363.25, "score": 0.0820605680346489}, "top_head": {"y": 0, "x": 452.0, "score": 0.06387236714363098}, "right_mouth_corner": {"y": 27.5, "x": 398.75, "score": 0.06510663777589798}, "neck": {"y": 9.75, "x": 469.75, "score": 0.04070676863193512}, "left_shoulder": {"y": 9.75, "x": 452.0, "score": 0.08842207491397858}, "left_knee": {"y": 116.25, "x": 168.0, "score": 0.05196738243103027}, "left_ankle": {"y": 240.5, "x": 372.125, "score": 0.06576095521450043}, "left_mouth_corner": {"y": 27.5, "x": 389.875, "score": 0.05978831648826599}, "right_elbow": {"y": 9.75, "x": 434.25, "score": 0.3477949798107147}, "right_ear": {"y": 9.75, "x": 398.75, "score": 0.07560700923204422}, "nose": {"y": 0.875, "x": 469.75, "score": 0.09313611686229706}, "left_eye": {"y": 9.75, "x": 443.125, "score": 0.08476230502128601}, "right_eye": {"y": 9.75, "x": 416.5, "score": 0.09742452204227448}, "right_hip": {"y": 71.875, "x": 372.125, "score": 0.06751908361911774}, "left_wrist": {"y": 45.25, "x": 389.875, "score": 0.5196979641914368}, "left_ear": {"y": 9.75, "x": 416.5, "score": 0.07224275916814804}, "left_elbow": {"y": 9.75, "x": 434.25, "score": 0.2695348262786865}, "right_shoulder": {"y": 27.5, "x": 17.125, "score": 0.202249214053154}, "right_ankle": {"y": 187.25, "x": 88.125, "score": 0.06630225479602814}, "right_knee": {"y": 125.125, "x": 159.125, "score": 0.07223863899707794}, "right_wrist": {"y": 45.25, "x": 389.875, "score": 0.3453114926815033}}, "location": {"height": 269.0, "width": 472.4118957519531, "top": 0.0, "score": 0.01727928593754768, "left": 6.588088989257812}}], "log_id": 5974111634713541153}