{"person_num": 2, "person_info": [{"body_parts": {"left_hip": {"y": 18.0, "x": 454.25, "score": 0.1290016025304794}, "top_head": {"y": 66.6875, "x": 379.9375, "score": 0.05510635301470757}, "right_mouth_corner": {"y": 56.4375, "x": 464.5, "score": 0.046952024102211}, "neck": {"y": 23.125, "x": 459.375, "score": 0.1548080444335938}, "left_shoulder": {"y": 7.749996185302734, "x": 461.9375, "score": 0.1670573651790619}, "left_knee": {"y": 51.3125, "x": 418.375, "score": 0.2930254936218262}, "left_ankle": {"y": 59.0, "x": 390.1875, "score": 0.2380609810352325}, "left_mouth_corner": {"y": 64.125, "x": 400.4375, "score": 0.06164291873574257}, "right_elbow": {"y": 46.1875, "x": 408.125, "score": 0.4593307971954346}, "right_ear": {"y": 18.0, "x": 474.75, "score": 0.06320082396268845}, "nose": {"y": 53.875, "x": 472.1875, "score": 0.1108737513422966}, "left_eye": {"y": 51.3125, "x": 390.1875, "score": 0.05810664594173431}, "right_eye": {"y": 48.75, "x": 479.875, "score": 0.07619142532348633}, "right_hip": {"y": 15.4375, "x": 464.5, "score": 0.1602634787559509}, "left_wrist": {"y": 59.0, "x": 387.625, "score": 0.1975952684879303}, "left_ear": {"y": 56.4375, "x": 397.875, "score": 0.02299931272864342}, "left_elbow": {"y": 43.625, "x": 410.6875, "score": 0.147251307964325}, "right_shoulder": {"y": 23.125, "x": 454.25, "score": 0.1536527872085571}, "right_ankle": {"y": 46.1875, "x": 356.875, "score": 0.7325801849365234}, "right_knee": {"y": 59.0, "x": 377.375, "score": 0.5729110240936279}, "right_wrist": {"y": 59.0, "x": 392.75, "score": 0.6820347309112549}}, "location": {"height": 72.97713470458984, "width": 136.8419189453125, "top": 0.73114013671875, "score": 0.5428098440170288, "left": 342.1041259765625}}, {"body_parts": {"left_hip": {"y": 80.375, "x": 382.0, "score": 0.07938523590564728}, "top_head": {"y": 8.875, "x": 480, "score": 0.09797625243663788}, "right_mouth_corner": {"y": 8.875, "x": 480, "score": 0.09899870306253433}, "neck": {"y": 8.875, "x": 453.5, "score": 0.101828046143055}, "left_shoulder": {"y": 0, "x": 462.4375, "score": 0.2727575898170471}, "left_knee": {"y": 160.8125, "x": 435.625, "score": 0.09632175415754318}, "left_ankle": {"y": 241.25, "x": 373.0625, "score": 0.1095178872346878}, "left_mouth_corner": {"y": 8.875, "x": 480, "score": 0.1542632579803467}, "right_elbow": {"y": 8.875, "x": 462.4375, "score": 0.3613694310188293}, "right_ear": {"y": 8.875, "x": 426.6875, "score": 0.1256032735109329}, "nose": {"y": 0, "x": 471.375, "score": 0.1469648331403732}, "left_eye": {"y": 8.875, "x": 462.4375, "score": 0.1693495810031891}, "right_eye": {"y": 0, "x": 417.75, "score": 0.1607771068811417}, "right_hip": {"y": 80.375, "x": 382.0, "score": 0.08641012758016586}, "left_wrist": {"y": 53.5625, "x": 390.9375, "score": 0.6759805679321289}, "left_ear": {"y": 8.875, "x": 435.625, "score": 0.2018455415964127}, "left_elbow": {"y": 8.875, "x": 462.4375, "score": 0.2621524631977081}, "right_shoulder": {"y": 8.875, "x": 462.4375, "score": 0.3119185566902161}, "right_ankle": {"y": 241.25, "x": 382.0, "score": 0.1170829832553864}, "right_knee": {"y": 160.8125, "x": 444.5625, "score": 0.0809292122721672}, "right_wrist": {"y": 53.5625, "x": 390.9375, "score": 0.4989280104637146}}, "location": {"height": 269.0, "width": 475.6006469726562, "top": 0.0, "score": 0.01616636477410793, "left": 3.399322509765625}}], "log_id": 3197221003368816193}