{"person_num": 2, "person_info": [{"body_parts": {"left_hip": {"y": 110.5, "x": 67.5, "score": 0.5256243944168091}, "top_head": {"y": 112.875, "x": 148.25, "score": 0.52145916223526}, "right_mouth_corner": {"y": 105.75, "x": 129.25, "score": 0.1501725614070892}, "neck": {"y": 117.625, "x": 112.625, "score": 0.5982479453086853}, "left_shoulder": {"y": 96.25, "x": 105.5, "score": 0.5724210739135742}, "left_knee": {"y": 93.875, "x": 107.875, "score": 0.2002183049917221}, "left_ankle": {"y": 108.125, "x": 136.375, "score": 0.07813762128353119}, "left_mouth_corner": {"y": 108.125, "x": 131.625, "score": 0.1602920144796371}, "right_elbow": {"y": 155.625, "x": 93.625, "score": 0.695792555809021}, "right_ear": {"y": 127.125, "x": 134.0, "score": 0.4538824856281281}, "nose": {"y": 110.5, "x": 131.625, "score": 0.3084494769573212}, "left_eye": {"y": 110.5, "x": 131.625, "score": 0.511142909526825}, "right_eye": {"y": 110.5, "x": 134.0, "score": 0.4135935604572296}, "right_hip": {"y": 139.0, "x": 77.0, "score": 0.4483237862586975}, "left_wrist": {"y": 89.125, "x": 119.75, "score": 0.396085649728775}, "left_ear": {"y": 108.125, "x": 129.25, "score": 0.207703024148941}, "left_elbow": {"y": 91.5, "x": 105.5, "score": 0.2977514564990997}, "right_shoulder": {"y": 141.375, "x": 105.5, "score": 0.3756989538669586}, "right_ankle": {"y": 127.125, "x": 155.375, "score": 0.3500086963176727}, "right_knee": {"y": 139.0, "x": 105.5, "score": 0.1464068740606308}, "right_wrist": {"y": 158.0, "x": 105.5, "score": 0.6099008917808533}}, "location": {"height": 86.67060089111328, "width": 125.5137939453125, "top": 77.01119995117188, "score": 0.7931704521179199, "left": 52.99739837646484}}, {"body_parts": {"left_hip": {"y": 142.5625, "x": 196.1875, "score": 0.1552491933107376}, "top_head": {"y": 99.75, "x": 84.875, "score": 0.4860547184944153}, "right_mouth_corner": {"y": 108.3125, "x": 119.125, "score": 0.3654135167598724}, "neck": {"y": 116.875, "x": 102.0, "score": 0.5423217415809631}, "left_shoulder": {"y": 108.3125, "x": 119.125, "score": 0.5343753099441528}, "left_knee": {"y": 185.375, "x": 281.8125, "score": 0.1440039426088333}, "left_ankle": {"y": 236.75, "x": 358.875, "score": 0.1311692893505096}, "left_mouth_corner": {"y": 108.3125, "x": 127.6875, "score": 0.3867146968841553}, "right_elbow": {"y": 116.875, "x": 67.75, "score": 0.4011310935020447}, "right_ear": {"y": 108.3125, "x": 93.4375, "score": 0.521911084651947}, "nose": {"y": 99.75, "x": 127.6875, "score": 0.3491853177547455}, "left_eye": {"y": 99.75, "x": 119.125, "score": 0.3746271133422852}, "right_eye": {"y": 99.75, "x": 110.5625, "score": 0.3853875994682312}, "right_hip": {"y": 142.5625, "x": 144.8125, "score": 0.1634388864040375}, "left_wrist": {"y": 108.3125, "x": 110.5625, "score": 0.3744793236255646}, "left_ear": {"y": 108.3125, "x": 93.4375, "score": 0.4646999835968018}, "left_elbow": {"y": 116.875, "x": 76.3125, "score": 0.3818263709545135}, "right_shoulder": {"y": 116.875, "x": 110.5625, "score": 0.3572161495685577}, "right_ankle": {"y": 228.1875, "x": 341.75, "score": 0.1532193124294281}, "right_knee": {"y": 185.375, "x": 264.6875, "score": 0.1669070720672607}, "right_wrist": {"y": 108.3125, "x": 110.5625, "score": 0.39438396692276}}, "location": {"height": 268.7697143554688, "width": 457.0593872070312, "top": 0.23028564453125, "score": 0.006111180875450373, "left": 20.31169128417969}}], "log_id": 6708829007495361057}