{"person_num": 4, "person_info": [{"body_parts": {"left_hip": {"y": 65.0625, "x": 360.5625, "score": 0.5509316921234131}, "top_head": {"y": 50.25, "x": 466.71875, "score": 0.4989224374294281}, "right_mouth_corner": {"y": 72.46875, "x": 439.5625, "score": 0.09290111809968948}, "neck": {"y": 55.1875, "x": 424.75, "score": 0.7914625406265259}, "left_shoulder": {"y": 37.90625, "x": 409.9375, "score": 0.7993354201316833}, "left_knee": {"y": 40.375, "x": 390.1875, "score": 0.1831781566143036}, "left_ankle": {"y": 35.4375, "x": 365.5, "score": 0.4332273006439209}, "left_mouth_corner": {"y": 72.46875, "x": 442.03125, "score": 0.09364674240350723}, "right_elbow": {"y": 99.625, "x": 402.53125, "score": 0.853803813457489}, "right_ear": {"y": 67.53125, "x": 442.03125, "score": 0.5842626690864563}, "nose": {"y": 37.90625, "x": 449.4375, "score": 0.2559707164764404}, "left_eye": {"y": 40.375, "x": 449.4375, "score": 0.355398416519165}, "right_eye": {"y": 67.53125, "x": 449.4375, "score": 0.2694646418094635}, "right_hip": {"y": 89.75, "x": 365.5, "score": 0.601434588432312}, "left_wrist": {"y": 50.25, "x": 397.59375, "score": 0.1722838133573532}, "left_ear": {"y": 42.84375, "x": 439.5625, "score": 0.6023306846618652}, "left_elbow": {"y": 37.90625, "x": 385.25, "score": 0.6442661285400391}, "right_shoulder": {"y": 77.40625, "x": 417.34375, "score": 0.7450580596923828}, "right_ankle": {"y": 82.34375, "x": 363.03125, "score": 0.3006322383880615}, "right_knee": {"y": 89.75, "x": 402.53125, "score": 0.1186987832188606}, "right_wrist": {"y": 84.8125, "x": 429.6875, "score": 0.8160778284072876}}, "location": {"height": 105.4441986083984, "width": 131.81396484375, "top": 9.261070251464844, "score": 0.3552574813365936, "left": 344.2677917480469}}, {"body_parts": {"left_hip": {"y": 74.0, "x": 364.0, "score": 0.3925626873970032}, "top_head": {"y": 49.0, "x": 454.0, "score": 0.5408545136451721}, "right_mouth_corner": {"y": 64.0, "x": 434.0, "score": 0.1945908963680267}, "neck": {"y": 59.0, "x": 424.0, "score": 0.7206709384918213}, "left_shoulder": {"y": 39.0, "x": 409.0, "score": 0.5202105045318604}, "left_knee": {"y": 69.0, "x": 354.0, "score": 0.1716616153717041}, "left_ankle": {"y": 224.0, "x": 329.0, "score": 0.2768552899360657}, "left_mouth_corner": {"y": 59.0, "x": 439.0, "score": 0.2339821010828018}, "right_elbow": {"y": 99.0, "x": 404.0, "score": 0.6696822047233582}, "right_ear": {"y": 64.0, "x": 439.0, "score": 0.4109559655189514}, "nose": {"y": 59.0, "x": 439.0, "score": 0.2903904020786285}, "left_eye": {"y": 54.0, "x": 439.0, "score": 0.3704401850700378}, "right_eye": {"y": 59.0, "x": 439.0, "score": 0.3452773690223694}, "right_hip": {"y": 94.0, "x": 364.0, "score": 0.4666831791400909}, "left_wrist": {"y": 34.0, "x": 374.0, "score": 0.1176725402474403}, "left_ear": {"y": 49.0, "x": 434.0, "score": 0.4841746985912323}, "left_elbow": {"y": 39.0, "x": 364.0, "score": 0.1880980581045151}, "right_shoulder": {"y": 74.0, "x": 414.0, "score": 0.5561200976371765}, "right_ankle": {"y": 229.0, "x": 344.0, "score": 0.2557143270969391}, "right_knee": {"y": 54.0, "x": 354.0, "score": 0.1125523895025253}, "right_wrist": {"y": 84.0, "x": 429.0, "score": 0.7398083209991455}}, "location": {"height": 265.9202575683594, "width": 137.9465637207031, "top": 2.941574096679688, "score": 0.02013779617846012, "left": 341.0534057617188}}, {"body_parts": {"left_hip": {"y": 116.1875, "x": 399.3125, "score": 0.1855956315994263}, "top_head": {"y": 36.03125, "x": 390.40625, "score": 0.2833120226860046}, "right_mouth_corner": {"y": 53.84375, "x": 452.75, "score": 0.1572772860527039}, "neck": {"y": 53.84375, "x": 399.3125, "score": 0.3121318519115448}, "left_shoulder": {"y": 53.84375, "x": 434.9375, "score": 0.2027617394924164}, "left_knee": {"y": 116.1875, "x": 167.75, "score": 0.1049192100763321}, "left_ankle": {"y": 249.78125, "x": 399.3125, "score": 0.09022869169712067}, "left_mouth_corner": {"y": 36.03125, "x": 461.65625, "score": 0.1418012380599976}, "right_elbow": {"y": 80.5625, "x": 399.3125, "score": 0.2775006294250488}, "right_ear": {"y": 44.9375, "x": 426.03125, "score": 0.3366863131523132}, "nose": {"y": 36.03125, "x": 452.75, "score": 0.1816491186618805}, "left_eye": {"y": 27.125, "x": 452.75, "score": 0.1936812996864319}, "right_eye": {"y": 36.03125, "x": 452.75, "score": 0.2375760078430176}, "right_hip": {"y": 116.1875, "x": 399.3125, "score": 0.1487285494804382}, "left_wrist": {"y": 71.65625, "x": 417.125, "score": 0.2563407123088837}, "left_ear": {"y": 44.9375, "x": 399.3125, "score": 0.2584692239761353}, "left_elbow": {"y": 71.65625, "x": 426.03125, "score": 0.19847571849823}, "right_shoulder": {"y": 53.84375, "x": 426.03125, "score": 0.2223307192325592}, "right_ankle": {"y": 249.78125, "x": 399.3125, "score": 0.1026431769132614}, "right_knee": {"y": 98.375, "x": 158.84375, "score": 0.1013650596141815}, "right_wrist": {"y": 71.65625, "x": 417.125, "score": 0.2172717750072479}}, "location": {"height": 269.0, "width": 474.2308959960938, "top": 0.0, "score": 0.008800016716122627, "left": 4.769088745117188}}, {"body_parts": {"left_hip": {"y": 106.75, "x": 409.0625, "score": 0.02467195130884647}, "top_head": {"y": 51.90625, "x": 458.28125, "score": 0.1004491895437241}, "right_mouth_corner": {"y": 78.625, "x": 441.40625, "score": 0.03254285454750061}, "neck": {"y": 57.53125, "x": 425.9375, "score": 0.4517624974250793}, "left_shoulder": {"y": 39.25, "x": 409.0625, "score": 0.3307458758354187}, "left_knee": {"y": 28.0, "x": 456.875, "score": 0.0361708477139473}, "left_ankle": {"y": 116.59375, "x": 424.53125, "score": 0.04790651425719261}, "left_mouth_corner": {"y": 77.21875, "x": 441.40625, "score": 0.02364952862262726}, "right_elbow": {"y": 99.71875, "x": 404.84375, "score": 0.3910515904426575}, "right_ear": {"y": 64.5625, "x": 442.8125, "score": 0.3326159119606018}, "nose": {"y": 71.59375, "x": 449.84375, "score": 0.1032674983143806}, "left_eye": {"y": 65.96875, "x": 447.03125, "score": 0.1344539821147919}, "right_eye": {"y": 70.1875, "x": 449.84375, "score": 0.1768681108951569}, "right_hip": {"y": 116.59375, "x": 428.75, "score": 0.02283100783824921}, "left_wrist": {"y": 87.0625, "x": 431.5625, "score": 0.5333883166313171}, "left_ear": {"y": 47.6875, "x": 441.40625, "score": 0.196365550160408}, "left_elbow": {"y": 99.71875, "x": 406.25, "score": 0.4568415284156799}, "right_shoulder": {"y": 67.375, "x": 418.90625, "score": 0.1788866370916367}, "right_ankle": {"y": 116.59375, "x": 423.125, "score": 0.07426182925701141}, "right_knee": {"y": 28.0, "x": 458.28125, "score": 0.03239758312702179}, "right_wrist": {"y": 87.0625, "x": 431.5625, "score": 0.4989898800849915}}, "location": {"height": 75.58880615234375, "width": 64.16181945800781, "top": 36.04195404052734, "score": 0.005348020233213902, "left": 414.5383911132812}}], "log_id": 6540064880383545537}