{"person_num": 3, "person_info": [{"body_parts": {"left_hip": {"y": 58.25, "x": 367.96875, "score": 0.2799155712127686}, "top_head": {"y": 65.65625, "x": 466.71875, "score": 0.6272591352462769}, "right_mouth_corner": {"y": 82.9375, "x": 439.5625, "score": 0.2276345938444138}, "neck": {"y": 65.65625, "x": 427.21875, "score": 0.710054337978363}, "left_shoulder": {"y": 48.375, "x": 429.6875, "score": 0.6990513205528259}, "left_knee": {"y": 28.625, "x": 409.9375, "score": 0.1235578283667564}, "left_ankle": {"y": 80.46875, "x": 358.09375, "score": 0.1113905236124992}, "left_mouth_corner": {"y": 82.9375, "x": 437.09375, "score": 0.2539727985858917}, "right_elbow": {"y": 97.75, "x": 400.0625, "score": 0.7516412734985352}, "right_ear": {"y": 78.0, "x": 439.5625, "score": 0.6963536739349365}, "nose": {"y": 80.46875, "x": 442.03125, "score": 0.4390490353107452}, "left_eye": {"y": 80.46875, "x": 442.03125, "score": 0.3130621314048767}, "right_eye": {"y": 80.46875, "x": 444.5, "score": 0.4731570780277252}, "right_hip": {"y": 75.53125, "x": 363.03125, "score": 0.3603362441062927}, "left_wrist": {"y": 45.90625, "x": 461.78125, "score": 0.2858066558837891}, "left_ear": {"y": 55.78125, "x": 439.5625, "score": 0.4429735243320465}, "left_elbow": {"y": 43.4375, "x": 459.3125, "score": 0.6166209578514099}, "right_shoulder": {"y": 75.53125, "x": 412.40625, "score": 0.5668483972549438}, "right_ankle": {"y": 80.46875, "x": 358.09375, "score": 0.3420925140380859}, "right_knee": {"y": 80.46875, "x": 365.5, "score": 0.1718977242708206}, "right_wrist": {"y": 87.875, "x": 427.21875, "score": 0.7603845000267029}}, "location": {"height": 76.74486541748047, "width": 130.9078521728516, "top": 40.16964340209961, "score": 0.2340637594461441, "left": 345.1543579101562}}, {"body_parts": {"left_hip": {"y": 125.09375, "x": 399.3125, "score": 0.1239843219518661}, "top_head": {"y": 44.9375, "x": 461.65625, "score": 0.2112890779972076}, "right_mouth_corner": {"y": 44.9375, "x": 426.03125, "score": 0.1317708790302277}, "neck": {"y": 44.9375, "x": 399.3125, "score": 0.4919462203979492}, "left_shoulder": {"y": 53.84375, "x": 390.40625, "score": 0.4013639390468597}, "left_knee": {"y": 116.1875, "x": 167.75, "score": 0.0933539941906929}, "left_ankle": {"y": 249.78125, "x": 399.3125, "score": 0.08362503349781036}, "left_mouth_corner": {"y": 44.9375, "x": 426.03125, "score": 0.1889644265174866}, "right_elbow": {"y": 62.75, "x": 426.03125, "score": 0.3381807804107666}, "right_ear": {"y": 36.03125, "x": 417.125, "score": 0.4045624732971191}, "nose": {"y": 36.03125, "x": 452.75, "score": 0.156075656414032}, "left_eye": {"y": 62.75, "x": 434.9375, "score": 0.1615299135446548}, "right_eye": {"y": 18.21875, "x": 452.75, "score": 0.2100701332092285}, "right_hip": {"y": 116.1875, "x": 399.3125, "score": 0.1076060831546783}, "left_wrist": {"y": 44.9375, "x": 381.5, "score": 0.2894702851772308}, "left_ear": {"y": 44.9375, "x": 399.3125, "score": 0.3697354197502136}, "left_elbow": {"y": 80.5625, "x": 372.59375, "score": 0.3669474124908447}, "right_shoulder": {"y": 53.84375, "x": 390.40625, "score": 0.3829874098300934}, "right_ankle": {"y": 249.78125, "x": 399.3125, "score": 0.08535902947187424}, "right_knee": {"y": 116.1875, "x": 158.84375, "score": 0.08179240673780441}, "right_wrist": {"y": 53.84375, "x": 434.9375, "score": 0.204606905579567}}, "location": {"height": 269.0, "width": 473.3945922851562, "top": 0.0, "score": 0.009488308802247047, "left": 5.605392456054688}}, {"body_parts": {"left_hip": {"y": 80.03125, "x": 366.0, "score": 0.1658622473478317}, "top_head": {"y": 55.5, "x": 434.6875, "score": 0.3282622694969177}, "right_mouth_corner": {"y": 80.03125, "x": 434.6875, "score": 0.1035183668136597}, "neck": {"y": 60.40625, "x": 415.0625, "score": 0.2551933228969574}, "left_shoulder": {"y": 60.40625, "x": 405.25, "score": 0.1897118538618088}, "left_knee": {"y": 65.3125, "x": 361.09375, "score": 0.2377012968063354}, "left_ankle": {"y": 30.96875, "x": 385.625, "score": 0.1052041277289391}, "left_mouth_corner": {"y": 80.03125, "x": 439.59375, "score": 0.1160392686724663}, "right_elbow": {"y": 99.65625, "x": 410.15625, "score": 0.1252140700817108}, "right_ear": {"y": 70.21875, "x": 429.78125, "score": 0.2009349167346954}, "nose": {"y": 80.03125, "x": 434.6875, "score": 0.2595187127590179}, "left_eye": {"y": 75.125, "x": 439.59375, "score": 0.2603949308395386}, "right_eye": {"y": 75.125, "x": 434.6875, "score": 0.369561642408371}, "right_hip": {"y": 84.9375, "x": 370.90625, "score": 0.05220038443803787}, "left_wrist": {"y": 70.21875, "x": 429.78125, "score": 0.1274444311857224}, "left_ear": {"y": 65.3125, "x": 439.59375, "score": 0.08936253190040588}, "left_elbow": {"y": 94.75, "x": 400.34375, "score": 0.1942906230688095}, "right_shoulder": {"y": 60.40625, "x": 415.0625, "score": 0.2125275582075119}, "right_ankle": {"y": 30.96875, "x": 395.4375, "score": 0.1264048367738724}, "right_knee": {"y": 65.3125, "x": 366.0, "score": 0.1230095699429512}, "right_wrist": {"y": 80.03125, "x": 434.6875, "score": 0.1862611621618271}}, "location": {"height": 260.4947814941406, "width": 136.9288787841797, "top": 4.9525146484375, "score": 0.009161083027720451, "left": 342.0711059570312}}], "log_id": 4979676538219830721}