{"person_num": 2, "person_info": [{"body_parts": {"left_hip": {"y": 122.0, "x": 89.4375, "score": 0.2934985160827637}, "top_head": {"y": 118.71875, "x": 0, "score": 0.2811145484447479}, "right_mouth_corner": {"y": 128.5625, "x": 17.25, "score": 0.546101450920105}, "neck": {"y": 122.0, "x": 10.6875, "score": 0.6980324983596802}, "left_shoulder": {"y": 92.46875, "x": 10.6875, "score": 0.7515105605125427}, "left_knee": {"y": 131.84375, "x": 125.53125, "score": 0.4513249099254608}, "left_ankle": {"y": 128.5625, "x": 155.0625, "score": 0.3474257588386536}, "left_mouth_corner": {"y": 122.0, "x": 20.53125, "score": 0.6470888257026672}, "right_elbow": {"y": 161.375, "x": 50.0625, "score": 0.7541379332542419}, "right_ear": {"y": 135.125, "x": 4.125, "score": 0.5935071110725403}, "nose": {"y": 125.28125, "x": 17.25, "score": 0.6268126964569092}, "left_eye": {"y": 118.71875, "x": 7.40625, "score": 0.6509600877761841}, "right_eye": {"y": 128.5625, "x": 7.40625, "score": 0.6907919049263}, "right_hip": {"y": 131.84375, "x": 89.4375, "score": 0.486978143453598}, "left_wrist": {"y": 95.75, "x": 96.0, "score": 0.7871853709220886}, "left_ear": {"y": 108.875, "x": 4.125, "score": 0.3498495519161224}, "left_elbow": {"y": 85.90625, "x": 59.90625, "score": 0.8148030042648315}, "right_shoulder": {"y": 148.25, "x": 20.53125, "score": 0.6482806205749512}, "right_ankle": {"y": 131.84375, "x": 155.0625, "score": 0.6596266031265259}, "right_knee": {"y": 128.5625, "x": 128.8125, "score": 0.595312237739563}, "right_wrist": {"y": 154.8125, "x": 82.875, "score": 0.8296687602996826}}, "location": {"height": 94.95165252685547, "width": 174.9637145996094, "top": 75.4463882446289, "score": 0.2124273329973221, "left": 0.0}}, {"body_parts": {"left_hip": {"y": 142.8125, "x": 124.4375, "score": 0.2795453369617462}, "top_head": {"y": 98.75, "x": 9.875, "score": 0.3677035272121429}, "right_mouth_corner": {"y": 125.1875, "x": 1.0625, "score": 0.5657280683517456}, "neck": {"y": 125.1875, "x": 27.5, "score": 0.5597601532936096}, "left_shoulder": {"y": 116.375, "x": 53.9375, "score": 0.4866556227207184}, "left_knee": {"y": 186.875, "x": 265.4375, "score": 0.1321648508310318}, "left_ankle": {"y": 230.9375, "x": 371.1875, "score": 0.08262162655591965}, "left_mouth_corner": {"y": 125.1875, "x": 9.875, "score": 0.4957560896873474}, "right_elbow": {"y": 116.375, "x": 106.8125, "score": 0.1330163180828094}, "right_ear": {"y": 107.5625, "x": 36.3125, "score": 0.3077178001403809}, "nose": {"y": 116.375, "x": 9.875, "score": 0.5815851092338562}, "left_eye": {"y": 116.375, "x": 9.875, "score": 0.5849267840385437}, "right_eye": {"y": 116.375, "x": 1.0625, "score": 0.5337387323379517}, "right_hip": {"y": 151.625, "x": 150.875, "score": 0.2500677406787872}, "left_wrist": {"y": 151.625, "x": 89.1875, "score": 0.2687851190567017}, "left_ear": {"y": 107.5625, "x": 27.5, "score": 0.4844186902046204}, "left_elbow": {"y": 107.5625, "x": 106.8125, "score": 0.3343305587768555}, "right_shoulder": {"y": 134.0, "x": 62.75, "score": 0.307962566614151}, "right_ankle": {"y": 186.875, "x": 89.1875, "score": 0.08808529376983643}, "right_knee": {"y": 186.875, "x": 265.4375, "score": 0.1627359986305237}, "right_wrist": {"y": 142.8125, "x": 80.375, "score": 0.1150425523519516}}, "location": {"height": 268.7108459472656, "width": 468.781494140625, "top": 0.2891693115234375, "score": 0.007405053824186325, "left": 10.21847534179688}}], "log_id": 4386593639468400001}