{"person_num": 5, "person_info": [{"body_parts": {"left_hip": {"y": 22.9375, "x": 401.71875, "score": 0.5789817571640015}, "top_head": {"y": 3.90625, "x": 442.5, "score": 0.06473231315612793}, "right_mouth_corner": {"y": 6.625, "x": 385.40625, "score": 0.0872197225689888}, "neck": {"y": 3.90625, "x": 475.125, "score": 0.08715235441923141}, "left_shoulder": {"y": 3.90625, "x": 442.5, "score": 0.2433159947395325}, "left_knee": {"y": 31.09375, "x": 377.25, "score": 0.7030522227287292}, "left_ankle": {"y": 58.28125, "x": 347.34375, "score": 0.7834702134132385}, "left_mouth_corner": {"y": 0, "x": 434.34375, "score": 0.1347956508398056}, "right_elbow": {"y": 33.8125, "x": 439.78125, "score": 0.1527418047189713}, "right_ear": {"y": 1.1875, "x": 469.6875, "score": 0.03469109162688255}, "nose": {"y": 6.625, "x": 379.96875, "score": 0.2096559256315231}, "left_eye": {"y": 3.90625, "x": 439.78125, "score": 0.14533331990242}, "right_eye": {"y": 6.625, "x": 379.96875, "score": 0.1075100749731064}, "right_hip": {"y": 41.96875, "x": 420.75, "score": 0.5540614128112793}, "left_wrist": {"y": 1.1875, "x": 390.84375, "score": 0.5567482113838196}, "left_ear": {"y": 3.90625, "x": 388.125, "score": 0.2260454297065735}, "left_elbow": {"y": 1.1875, "x": 409.875, "score": 0.367726594209671}, "right_shoulder": {"y": 20.21875, "x": 475.125, "score": 0.2548230290412903}, "right_ankle": {"y": 50.125, "x": 382.6875, "score": 0.6736226081848145}, "right_knee": {"y": 39.25, "x": 404.4375, "score": 0.5342040657997131}, "right_wrist": {"y": 3.90625, "x": 396.28125, "score": 0.1465807408094406}}, "location": {"height": 70.75716400146484, "width": 144.0671844482422, "top": 1.292964935302734, "score": 0.0719105675816536, "left": 334.9328002929688}}, {"body_parts": {"left_hip": {"y": 81.1875, "x": 100.6875, "score": 0.6765199303627014}, "top_head": {"y": 75.3125, "x": 3.75, "score": 0.6323336362838745}, "right_mouth_corner": {"y": 84.125, "x": 36.0625, "score": 0.7163301706314087}, "neck": {"y": 84.125, "x": 30.1875, "score": 0.5993965864181519}, "left_shoulder": {"y": 57.6875, "x": 36.0625, "score": 0.7746686339378357}, "left_knee": {"y": 87.0625, "x": 133.0, "score": 0.7596015930175781}, "left_ankle": {"y": 90.0, "x": 135.9375, "score": 0.519956648349762}, "left_mouth_corner": {"y": 84.125, "x": 41.9375, "score": 0.7799693942070007}, "right_elbow": {"y": 131.125, "x": 80.125, "score": 0.7564608454704285}, "right_ear": {"y": 98.8125, "x": 18.4375, "score": 0.7144907116889954}, "nose": {"y": 81.1875, "x": 33.125, "score": 0.8148053884506226}, "left_eye": {"y": 78.25, "x": 30.1875, "score": 0.8430430293083191}, "right_eye": {"y": 84.125, "x": 24.31249618530273, "score": 0.7199509143829346}, "right_hip": {"y": 107.625, "x": 97.75, "score": 0.6388841271400452}, "left_wrist": {"y": 51.8125, "x": 88.9375, "score": 0.817128598690033}, "left_ear": {"y": 63.5625, "x": 21.375, "score": 0.6156275868415833}, "left_elbow": {"y": 54.75, "x": 65.4375, "score": 0.8100970387458801}, "right_shoulder": {"y": 116.4375, "x": 44.875, "score": 0.6470929980278015}, "right_ankle": {"y": 104.6875, "x": 124.1875, "score": 0.5527904033660889}, "right_knee": {"y": 107.625, "x": 109.5, "score": 0.5843063592910767}, "right_wrist": {"y": 134.0625, "x": 115.375, "score": 0.822199821472168}}, "location": {"height": 99.2808609008789, "width": 156.9749145507812, "top": 38.62540054321289, "score": 0.05200226977467537, "left": 0.9375763535499573}}, {"body_parts": {"left_hip": {"y": 89.15625, "x": 122.40625, "score": 0.06084069237112999}, "top_head": {"y": 62.25, "x": 41.6875, "score": 0.1196735799312592}, "right_mouth_corner": {"y": 80.1875, "x": 5.8125, "score": 0.08033706247806549}, "neck": {"y": 71.21875, "x": 41.6875, "score": 0.1953815668821335}, "left_shoulder": {"y": 80.1875, "x": 41.6875, "score": 0.1944486349821091}, "left_knee": {"y": 89.15625, "x": 122.40625, "score": 0.1613351851701736}, "left_ankle": {"y": 89.15625, "x": 50.65625, "score": 0.2508820593357086}, "left_mouth_corner": {"y": 71.21875, "x": 14.78125, "score": 0.1175012961030006}, "right_elbow": {"y": 80.1875, "x": 23.75, "score": 0.04890617355704308}, "right_ear": {"y": 62.25, "x": 50.65625, "score": 0.1152287796139717}, "nose": {"y": 71.21875, "x": 14.78125, "score": 0.1502633690834045}, "left_eye": {"y": 62.25, "x": 32.71875, "score": 0.1051796227693558}, "right_eye": {"y": 71.21875, "x": 32.71875, "score": 0.09298000484704971}, "right_hip": {"y": 107.09375, "x": 140.34375, "score": 0.02762190625071526}, "left_wrist": {"y": 89.15625, "x": 23.75, "score": 0.2514286935329437}, "left_ear": {"y": 89.15625, "x": 14.78125, "score": 0.1046742349863052}, "left_elbow": {"y": 80.1875, "x": 5.8125, "score": 0.1420095413923264}, "right_shoulder": {"y": 98.125, "x": 41.6875, "score": 0.136543333530426}, "right_ankle": {"y": 98.125, "x": 50.65625, "score": 0.259250283241272}, "right_knee": {"y": 98.125, "x": 140.34375, "score": 0.112101823091507}, "right_wrist": {"y": 80.1875, "x": 23.75, "score": 0.135803759098053}}, "location": {"height": 269.0, "width": 477.5104370117188, "top": 0.0, "score": 0.01613082177937031, "left": 1.48956298828125}}, {"body_parts": {"left_hip": {"y": 84.34375, "x": 97.6875, "score": 0.7855612635612488}, "top_head": {"y": 75.90625, "x": 0.65625, "score": 0.6624882221221924}, "right_mouth_corner": {"y": 80.125, "x": 30.1875, "score": 0.734612226486206}, "neck": {"y": 84.34375, "x": 25.96875, "score": 0.7716426849365234}, "left_shoulder": {"y": 59.03125, "x": 34.40625, "score": 0.8195969462394714}, "left_knee": {"y": 88.5625, "x": 131.4375, "score": 0.7813044190406799}, "left_ankle": {"y": 88.5625, "x": 131.4375, "score": 0.4313608705997467}, "left_mouth_corner": {"y": 84.34375, "x": 38.625, "score": 0.8479146957397461}, "right_elbow": {"y": 118.09375, "x": 85.03125, "score": 0.4889814257621765}, "right_ear": {"y": 97.0, "x": 13.3125, "score": 0.6276067495346069}, "nose": {"y": 80.125, "x": 30.1875, "score": 0.8866289258003235}, "left_eye": {"y": 80.125, "x": 25.96875, "score": 0.8719503879547119}, "right_eye": {"y": 80.125, "x": 17.53125, "score": 0.7654302716255188}, "right_hip": {"y": 109.65625, "x": 93.46875, "score": 0.7308200001716614}, "left_wrist": {"y": 50.59375, "x": 89.25, "score": 0.7943673133850098}, "left_ear": {"y": 63.25, "x": 21.75, "score": 0.6381620168685913}, "left_elbow": {"y": 54.8125, "x": 63.9375, "score": 0.7334120869636536}, "right_shoulder": {"y": 118.09375, "x": 38.625, "score": 0.6199191212654114}, "right_ankle": {"y": 105.4375, "x": 123.0, "score": 0.7046252489089966}, "right_knee": {"y": 105.4375, "x": 114.5625, "score": 0.5151259899139404}, "right_wrist": {"y": 109.65625, "x": 114.5625, "score": 0.2085957676172256}}, "location": {"height": 119.3492431640625, "width": 224.6895294189453, "top": 0.0, "score": 0.008829226717352867, "left": 0.789031982421875}}, {"body_parts": {"left_hip": {"y": 45.125, "x": 392.5625, "score": 0.07453642040491104}, "top_head": {"y": 15.5, "x": 397.5, "score": 0.06234928593039513}, "right_mouth_corner": {"y": 5.625, "x": 372.8125, "score": 0.1032782047986984}, "neck": {"y": 10.5625, "x": 461.6875, "score": 0.2278936058282852}, "left_shoulder": {"y": 15.5, "x": 456.75, "score": 0.3559884428977966}, "left_knee": {"y": 25.375, "x": 407.375, "score": 0.08140502870082855}, "left_ankle": {"y": 30.3125, "x": 387.625, "score": 0.1156339272856712}, "left_mouth_corner": {"y": 0.6875, "x": 377.75, "score": 0.09832122176885605}, "right_elbow": {"y": 15.5, "x": 274.0625, "score": 0.08196188509464264}, "right_ear": {"y": 5.625, "x": 377.75, "score": 0.1193005666136742}, "nose": {"y": 10.5625, "x": 387.625, "score": 0.1685807555913925}, "left_eye": {"y": 15.5, "x": 392.5625, "score": 0.09921393543481827}, "right_eye": {"y": 5.625, "x": 382.6875, "score": 0.1840033233165741}, "right_hip": {"y": 50.0625, "x": 407.375, "score": 0.08551683276891708}, "left_wrist": {"y": 20.4375, "x": 387.625, "score": 0.1694199591875076}, "left_ear": {"y": 5.625, "x": 402.4375, "score": 0.1505986154079437},