{"person_num": 3, "person_info": [{"body_parts": {"left_hip": {"y": 30.40625, "x": 360.3125, "score": 0.5438272953033447}, "top_head": {"y": 0, "x": 452.34375, "score": 0.117443785071373}, "right_mouth_corner": {"y": 9.625003814697266, "x": 425.625, "score": 0.4096041917800903}, "neck": {"y": 6.656253814697266, "x": 413.75, "score": 0.7433915734291077}, "left_shoulder": {"y": 0, "x": 395.9375, "score": 0.2820434868335724}, "left_knee": {"y": 36.34375, "x": 351.40625, "score": 0.4966250360012054}, "left_ankle": {"y": 48.21875, "x": 339.53125, "score": 0.6338738799095154}, "left_mouth_corner": {"y": 12.59375381469727, "x": 431.5625, "score": 0.3750152289867401}, "right_elbow": {"y": 48.21875, "x": 431.5625, "score": 0.7754747867584229}, "right_ear": {"y": 9.625003814697266, "x": 434.53125, "score": 0.4403805136680603}, "nose": {"y": 6.656253814697266, "x": 437.5, "score": 0.5626007318496704}, "left_eye": {"y": 3.6875, "x": 440.46875, "score": 0.4823683798313141}, "right_eye": {"y": 6.656253814697266, "x": 437.5, "score": 0.5079546570777893}, "right_hip": {"y": 54.15625, "x": 369.21875, "score": 0.4867682754993439}, "left_wrist": {"y": 0.71875, "x": 354.375, "score": 0.3176609873771667}, "left_ear": {"y": 0, "x": 413.75, "score": 0.3217132389545441}, "left_elbow": {"y": 0.71875, "x": 372.1875, "score": 0.1070173308253288}, "right_shoulder": {"y": 33.375, "x": 413.75, "score": 0.6032019257545471}, "right_ankle": {"y": 71.96875, "x": 333.59375, "score": 0.3009716272354126}, "right_knee": {"y": 63.0625, "x": 354.375, "score": 0.4894098043441772}, "right_wrist": {"y": 33.375, "x": 449.375, "score": 0.845113217830658}}, "location": {"height": 88.35763549804688, "width": 157.6556396484375, "top": 0.8014717102050781, "score": 0.3337608575820923, "left": 318.4443359375}}, {"body_parts": {"left_hip": {"y": 49.0, "x": 378.0, "score": 0.2198330909013748}, "top_head": {"y": 4.0, "x": 428.0, "score": 0.177911639213562}, "right_mouth_corner": {"y": 4.0, "x": 418.0, "score": 0.05109227448701859}, "neck": {"y": 9.0, "x": 418.0, "score": 0.3678868114948273}, "left_shoulder": {"y": 39.0, "x": 418.0, "score": 0.2564834356307983}, "left_knee": {"y": 59.0, "x": 343.0, "score": 0.260410487651825}, "left_ankle": {"y": 29.0, "x": 358.0, "score": 0.195403516292572}, "left_mouth_corner": {"y": 4.0, "x": 423.0, "score": 0.07345599681138992}, "right_elbow": {"y": 54.0, "x": 418.0, "score": 0.2030363976955414}, "right_ear": {"y": 9.0, "x": 428.0, "score": 0.09318098425865173}, "nose": {"y": 0, "x": 418.0, "score": 0.09756917506456375}, "left_eye": {"y": 0, "x": 428.0, "score": 0.07529540359973907}, "right_eye": {"y": 4.0, "x": 418.0, "score": 0.05858252197504044}, "right_hip": {"y": 24.0, "x": 368.0, "score": 0.3345591425895691}, "left_wrist": {"y": 29.0, "x": 453.0, "score": 0.2030802816152573}, "left_ear": {"y": 4.0, "x": 433.0, "score": 0.2721431851387024}, "left_elbow": {"y": 39.0, "x": 438.0, "score": 0.1410068422555923}, "right_shoulder": {"y": 39.0, "x": 418.0, "score": 0.2750788033008575}, "right_ankle": {"y": 24.0, "x": 358.0, "score": 0.3136687874794006}, "right_knee": {"y": 49.0, "x": 338.0, "score": 0.6289963126182556}, "right_wrist": {"y": 19.0, "x": 468.0, "score": 0.1235344111919403}}, "location": {"height": 266.2636108398438, "width": 163.1734008789062, "top": 1.875, "score": 0.03583052009344101, "left": 315.8265686035156}}, {"body_parts": {"left_hip": {"y": 53.84375, "x": 301.34375, "score": 0.06041275709867477}, "top_head": {"y": 0.40625, "x": 426.03125, "score": 0.1472700238227844}, "right_mouth_corner": {"y": 18.21875, "x": 363.6875, "score": 0.04838462546467781}, "neck": {"y": 0.40625, "x": 426.03125, "score": 0.189443826675415}, "left_shoulder": {"y": 18.21875, "x": 372.59375, "score": 0.1421411335468292}, "left_knee": {"y": 116.1875, "x": 167.75, "score": 0.08401802182197571}, "left_ankle": {"y": 240.875, "x": 372.59375, "score": 0.08312684297561646}, "left_mouth_corner": {"y": 18.21875, "x": 372.59375, "score": 0.05097034946084023}, "right_elbow": {"y": 36.03125, "x": 399.3125, "score": 0.1989101618528366}, "right_ear": {"y": 0.40625, "x": 354.78125, "score": 0.1562832444906235}, "nose": {"y": 0.40625, "x": 470.5625, "score": 0.08518245816230774}, "left_eye": {"y": 0.40625, "x": 452.75, "score": 0.09344011545181274}, "right_eye": {"y": 0.40625, "x": 461.65625, "score": 0.09143813699483871}, "right_hip": {"y": 71.65625, "x": 372.59375, "score": 0.03600316122174263}, "left_wrist": {"y": 36.03125, "x": 372.59375, "score": 0.2333836853504181}, "left_ear": {"y": 0.40625, "x": 408.21875, "score": 0.1094478219747543}, "left_elbow": {"y": 36.03125, "x": 390.40625, "score": 0.2893386781215668}, "right_shoulder": {"y": 18.21875, "x": 363.6875, "score": 0.1432324349880219}, "right_ankle": {"y": 240.875, "x": 372.59375, "score": 0.08623532950878143}, "right_knee": {"y": 125.09375, "x": 158.84375, "score": 0.08471039682626724}, "right_wrist": {"y": 18.21875, "x": 399.3125, "score": 0.1485534012317657}}, "location": {"height": 269.0, "width": 473.4183959960938, "top": 0.0, "score": 0.01407583244144917, "left": 5.581588745117188}}], "log_id": 5980368834776142657}