{"person_num": 1, "person_info": [{"body_parts": {"left_hip": {"y": 125.5, "x": 175.5625, "score": 0.4447531998157501}, "top_head": {"y": 141.8125, "x": 117.5625, "score": 0.4825020730495453}, "right_mouth_corner": {"y": 145.4375, "x": 148.375, "score": 0.3505752682685852}, "neck": {"y": 143.625, "x": 137.5, "score": 0.4970273375511169}, "left_shoulder": {"y": 121.875, "x": 133.875, "score": 0.6490891575813293}, "left_knee": {"y": 132.75, "x": 199.125, "score": 0.5492695569992065}, "left_ankle": {"y": 132.75, "x": 200.9375, "score": 0.4582739472389221}, "left_mouth_corner": {"y": 140.0, "x": 150.1875, "score": 0.3473186194896698}, "right_elbow": {"y": 170.8125, "x": 162.875, "score": 0.7258730530738831}, "right_ear": {"y": 152.6875, "x": 137.5, "score": 0.5634007453918457}, "nose": {"y": 141.8125, "x": 148.375, "score": 0.4102042615413666}, "left_eye": {"y": 138.1875, "x": 144.75, "score": 0.5121390223503113}, "right_eye": {"y": 147.25, "x": 142.9375, "score": 0.5239721536636353}, "right_hip": {"y": 150.875, "x": 175.5625, "score": 0.3891121447086334}, "left_wrist": {"y": 127.3125, "x": 155.625, "score": 0.7410724759101868}, "left_ear": {"y": 132.75, "x": 133.875, "score": 0.4330917298793793}, "left_elbow": {"y": 105.5625, "x": 168.3125, "score": 0.7005276679992676}, "right_shoulder": {"y": 170.8125, "x": 139.3125, "score": 0.5673760771751404}, "right_ankle": {"y": 130.9375, "x": 208.1875, "score": 0.0396074503660202}, "right_knee": {"y": 132.75, "x": 199.125, "score": 0.03392437100410461}, "right_wrist": {"y": 165.375, "x": 184.625, "score": 0.8294892907142639}}, "location": {"height": 87.61650848388672, "width": 97.48141479492188, "top": 97.19853210449219, "score": 0.8214091062545776, "left": 104.3499908447266}}], "log_id": 7219155386125491329}