{"person_num": 2, "person_info": [{"body_parts": {"left_hip": {"y": 37.09375, "x": 382.6875, "score": 0.663680374622345}, "top_head": {"y": 7.1875, "x": 477.84375, "score": 0.431814968585968}, "right_mouth_corner": {"y": 31.65625, "x": 464.25, "score": 0.3478924036026001}, "neck": {"y": 18.0625, "x": 442.5, "score": 0.7677503228187561}, "left_shoulder": {"y": 1.75, "x": 423.46875, "score": 0.6950026154518127}, "left_knee": {"y": 45.25, "x": 374.53125, "score": 0.6710674166679382}, "left_ankle": {"y": 53.40625, "x": 358.21875, "score": 0.7879681587219238}, "left_mouth_corner": {"y": 31.65625, "x": 466.96875, "score": 0.3948517441749573}, "right_elbow": {"y": 69.71875, "x": 404.4375, "score": 0.6920077204704285}, "right_ear": {"y": 26.21875, "x": 464.25, "score": 0.5049784183502197}, "nose": {"y": 28.9375, "x": 466.96875, "score": 0.6208022236824036}, "left_eye": {"y": 26.21875, "x": 472.40625, "score": 0.4704627394676208}, "right_eye": {"y": 26.21875, "x": 472.40625, "score": 0.4875032603740692}, "right_hip": {"y": 61.5625, "x": 388.125, "score": 0.5906496644020081}, "left_wrist": {"y": 18.0625, "x": 407.15625, "score": 0.2400172799825668}, "left_ear": {"y": 1.75, "x": 450.65625, "score": 0.6565362215042114}, "left_elbow": {"y": 4.46875, "x": 401.71875, "score": 0.7120047211647034}, "right_shoulder": {"y": 50.6875, "x": 431.625, "score": 0.6641902327537537}, "right_ankle": {"y": 83.3125, "x": 352.78125, "score": 0.7674594521522522}, "right_knee": {"y": 72.4375, "x": 374.53125, "score": 0.7523797154426575}, "right_wrist": {"y": 75.15625, "x": 390.84375, "score": 0.7124086618423462}}, "location": {"height": 96.39350891113281, "width": 144.885498046875, "top": 0.6166114807128906, "score": 0.7856811285018921, "left": 334.114501953125}}, {"body_parts": {"left_hip": {"y": 98.125, "x": 364.5625, "score": 0.1523695141077042}, "top_head": {"y": 8.4375, "x": 427.34375, "score": 0.1541548818349838}, "right_mouth_corner": {"y": 26.375, "x": 472.1875, "score": 0.1922687143087387}, "neck": {"y": 26.375, "x": 454.25, "score": 0.3228981792926788}, "left_shoulder": {"y": 35.34375, "x": 427.34375, "score": 0.2412583529949188}, "left_knee": {"y": 187.8125, "x": 373.53125, "score": 0.08205521106719971}, "left_ankle": {"y": 241.625, "x": 364.5625, "score": 0.1138066574931145}, "left_mouth_corner": {"y": 26.375, "x": 480, "score": 0.2353179752826691}, "right_elbow": {"y": 44.3125, "x": 400.4375, "score": 0.3614473938941956}, "right_ear": {"y": 17.40625, "x": 463.21875, "score": 0.1794585287570953}, "nose": {"y": 17.40625, "x": 472.1875, "score": 0.1716002523899078}, "left_eye": {"y": 17.40625, "x": 472.1875, "score": 0.162660151720047}, "right_eye": {"y": 17.40625, "x": 472.1875, "score": 0.1798504143953323}, "right_hip": {"y": 98.125, "x": 364.5625, "score": 0.1082192063331604}, "left_wrist": {"y": 44.3125, "x": 391.46875, "score": 0.2609882354736328}, "left_ear": {"y": 8.4375, "x": 480, "score": 0.175640195608139}, "left_elbow": {"y": 44.3125, "x": 400.4375, "score": 0.3139626681804657}, "right_shoulder": {"y": 26.375, "x": 427.34375, "score": 0.3480790257453918}, "right_ankle": {"y": 241.625, "x": 364.5625, "score": 0.1158300265669823}, "right_knee": {"y": 169.875, "x": 373.53125, "score": 0.07054084539413452}, "right_wrist": {"y": 35.34375, "x": 418.375, "score": 0.1525600254535675}}, "location": {"height": 269.0, "width": 477.3729858398438, "top": 0.0, "score": 0.01256617810577154, "left": 1.62701416015625}}], "log_id": 6970522618632165953}