{"person_num": 3, "person_info": [{"body_parts": {"left_hip": {"y": 14.8125, "x": 419.25, "score": 0.3743442893028259}, "top_head": {"y": 0, "x": 456.4375, "score": 0.01722425222396851}, "right_mouth_corner": {"y": 3.875, "x": 452.0625, "score": 0.02228866331279278}, "neck": {"y": 3.875, "x": 438.9375, "score": 0.02407725155353546}, "left_shoulder": {"y": 0, "x": 441.125, "score": 0.1335157155990601}, "left_knee": {"y": 27.9375, "x": 379.875, "score": 0.1232808828353882}, "left_ankle": {"y": 23.5625, "x": 362.375, "score": 0.2718767821788788}, "left_mouth_corner": {"y": 6.0625, "x": 452.0625, "score": 0.03919876366853714}, "right_elbow": {"y": 0, "x": 377.6875, "score": 0.5341538786888123}, "right_ear": {"y": 3.875, "x": 445.5, "score": 0.02225231565535069}, "nose": {"y": 3.875, "x": 445.5, "score": 0.04336967691779137}, "left_eye": {"y": 1.6875, "x": 443.3125, "score": 0.03375175595283508}, "right_eye": {"y": 0, "x": 438.9375, "score": 0.02885399758815765}, "right_hip": {"y": 12.625, "x": 388.625, "score": 0.6093169450759888}, "left_wrist": {"y": 19.1875, "x": 428.0, "score": 0.8147431015968323}, "left_ear": {"y": 0, "x": 441.125, "score": 0.06531854718923569}, "left_elbow": {"y": 0, "x": 443.3125, "score": 0.4871051013469696}, "right_shoulder": {"y": 1.6875, "x": 397.375, "score": 0.0247998908162117}, "right_ankle": {"y": 43.25, "x": 347.0625, "score": 0.8195495009422302}, "right_knee": {"y": 38.875, "x": 366.75, "score": 0.7986767292022705}, "right_wrist": {"y": 19.1875, "x": 373.3125, "score": 0.7487267255783081}}, "location": {"height": 70.96285247802734, "width": 117.1949920654297, "top": 0.0, "score": 0.03261835500597954, "left": 335.2148132324219}}, {"body_parts": {"left_hip": {"y": 44.9375, "x": 345.875, "score": 0.0662459284067154}, "top_head": {"y": 0.40625, "x": 417.125, "score": 0.1224924847483635}, "right_mouth_corner": {"y": 18.21875, "x": 381.5, "score": 0.1683473736047745}, "neck": {"y": 18.21875, "x": 399.3125, "score": 0.07820793986320496}, "left_shoulder": {"y": 9.3125, "x": 452.75, "score": 0.1409559994935989}, "left_knee": {"y": 116.1875, "x": 167.75, "score": 0.06867538392543793}, "left_ankle": {"y": 240.875, "x": 372.59375, "score": 0.1091652661561966}, "left_mouth_corner": {"y": 18.21875, "x": 381.5, "score": 0.1576444506645203}, "right_elbow": {"y": 9.3125, "x": 390.40625, "score": 0.1966970413923264}, "right_ear": {"y": 9.3125, "x": 372.59375, "score": 0.1134406477212906}, "nose": {"y": 0.40625, "x": 381.5, "score": 0.2713634371757507}, "left_eye": {"y": 0.40625, "x": 381.5, "score": 0.2165454924106598}, "right_eye": {"y": 0.40625, "x": 381.5, "score": 0.1764430105686188}, "right_hip": {"y": 142.90625, "x": 443.84375, "score": 0.04078928381204605}, "left_wrist": {"y": 18.21875, "x": 381.5, "score": 0.5747189521789551}, "left_ear": {"y": 18.21875, "x": 417.125, "score": 0.185846135020256}, "left_elbow": {"y": 9.3125, "x": 390.40625, "score": 0.3384808301925659}, "right_shoulder": {"y": 9.3125, "x": 452.75, "score": 0.1569305658340454}, "right_ankle": {"y": 240.875, "x": 372.59375, "score": 0.1040363162755966}, "right_knee": {"y": 125.09375, "x": 158.84375, "score": 0.07968359440565109}, "right_wrist": {"y": 18.21875, "x": 381.5, "score": 0.3149297833442688}}, "location": {"height": 269.0, "width": 474.2617492675781, "top": 0.0, "score": 0.01431072782725096, "left": 4.738235473632812}}, {"body_parts": {"left_hip": {"y": 104.1875, "x": 458.40625, "score": 0.1144907474517822}, "top_head": {"y": 9.781242370605469, "x": 393.8125, "score": 0.235175758600235}, "right_mouth_corner": {"y": 0, "x": 373.9375, "score": 0.0172702744603157}, "neck": {"y": 4.8125, "x": 428.59375, "score": 0.07997290790081024}, "left_shoulder": {"y": 4.8125, "x": 433.5625, "score": 0.1445472538471222}, "left_knee": {"y": 29.65625, "x": 373.9375, "score": 0.1150301024317741}, "left_ankle": {"y": 39.59375, "x": 354.0625, "score": 0.3790305852890015}, "left_mouth_corner": {"y": 0, "x": 378.90625, "score": 0.02479115873575211}, "right_elbow": {"y": 24.6875, "x": 418.65625, "score": 0.06039219722151756}, "right_ear": {"y": 9.781242370605469, "x": 368.96875, "score": 0.1598641276359558}, "nose": {"y": 14.74999237060547, "x": 368.96875, "score": 0.03909014910459518}, "left_eye": {"y": 14.74999237060547, "x": 378.90625, "score": 0.05388661473989487}, "right_eye": {"y": 9.781242370605469, "x": 364.0, "score": 0.0759759396314621}, "right_hip": {"y": 129.03125, "x": 458.40625, "score": 0.1045886278152466}, "left_wrist": {"y": 14.74999237060547, "x": 373.9375, "score": 0.4123415648937225}, "left_ear": {"y": 4.8125, "x": 368.96875, "score": 0.09713251888751984}, "left_elbow": {"y": 19.71874237060547, "x": 418.65625, "score": 0.06052421778440475}, "right_shoulder": {"y": 9.781242370605469, "x": 463.375, "score": 0.08652883023023605}, "right_ankle": {"y": 34.625, "x": 354.0625, "score": 0.2382265627384186}, "right_knee": {"y": 29.65625, "x": 364.0, "score": 0.1602615714073181}, "right_wrist": {"y": 14.74999237060547, "x": 373.9375, "score": 0.1849234402179718}}, "location": {"height": 263.9938659667969, "width": 138.1456146240234, "top": 3.041549682617188, "score": 0.005328320898115635, "left": 340.8543701171875}}], "log_id": 147571690901274561}