{"person_num": 3, "person_info": [{"body_parts": {"left_hip": {"y": 74.0, "x": 395.6875, "score": 0.3932134211063385}, "top_head": {"y": 47.4375, "x": 480, "score": 0.5251314043998718}, "right_mouth_corner": {"y": 60.71875, "x": 456.78125, "score": 0.220757469534874}, "neck": {"y": 42.125, "x": 451.46875, "score": 0.6545510292053223}, "left_shoulder": {"y": 34.15625, "x": 462.09375, "score": 0.5263009071350098}, "left_knee": {"y": 79.3125, "x": 385.0625, "score": 0.3734596073627472}, "left_ankle": {"y": 79.3125, "x": 377.09375, "score": 0.3104512989521027}, "left_mouth_corner": {"y": 60.71875, "x": 459.4375, "score": 0.2313424050807953}, "right_elbow": {"y": 55.40625, "x": 382.40625, "score": 0.8271482586860657}, "right_ear": {"y": 55.40625, "x": 459.4375, "score": 0.6182624697685242}, "nose": {"y": 63.375, "x": 462.09375, "score": 0.508126974105835}, "left_eye": {"y": 63.375, "x": 464.75, "score": 0.3873554170131683}, "right_eye": {"y": 60.71875, "x": 462.09375, "score": 0.4064255952835083}, "right_hip": {"y": 68.6875, "x": 382.40625, "score": 0.38834348320961}, "left_wrist": {"y": 60.71875, "x": 470.0625, "score": 0.1629074215888977}, "left_ear": {"y": 31.5, "x": 470.0625, "score": 0.3630135357379913}, "left_elbow": {"y": 31.5, "x": 472.71875, "score": 0.1310102939605713}, "right_shoulder": {"y": 47.4375, "x": 416.9375, "score": 0.5794395208358765}, "right_ankle": {"y": 74.0, "x": 350.53125, "score": 0.7795329093933105}, "right_knee": {"y": 74.0, "x": 369.125, "score": 0.599510133266449}, "right_wrist": {"y": 71.34375, "x": 371.78125, "score": 0.7776514887809753}}, "location": {"height": 97.6391830444336, "width": 140.7593231201172, "top": 15.06280136108398, "score": 0.5969210267066956, "left": 338.2406616210938}}, {"body_parts": {"left_hip": {"y": 138.90625, "x": 428.78125, "score": 0.168648973107338}, "top_head": {"y": 35.875, "x": 468.03125, "score": 0.1011236906051636}, "right_mouth_corner": {"y": 45.6875, "x": 458.21875, "score": 0.08840682357549667}, "neck": {"y": 40.78125, "x": 458.21875, "score": 0.5364537239074707}, "left_shoulder": {"y": 40.78125, "x": 448.40625, "score": 0.3664490878582001}, "left_knee": {"y": 65.3125, "x": 394.4375, "score": 0.1820045709609985}, "left_ankle": {"y": 70.21875, "x": 379.71875, "score": 0.2836126089096069}, "left_mouth_corner": {"y": 50.59375, "x": 463.125, "score": 0.1099214628338814}, "right_elbow": {"y": 45.6875, "x": 389.53125, "score": 0.2458334118127823}, "right_ear": {"y": 26.0625, "x": 458.21875, "score": 0.2639521956443787}, "nose": {"y": 50.59375, "x": 463.125, "score": 0.1237383410334587}, "left_eye": {"y": 50.59375, "x": 458.21875, "score": 0.148283377289772}, "right_eye": {"y": 45.6875, "x": 463.125, "score": 0.1285790801048279}, "right_hip": {"y": 138.90625, "x": 433.6875, "score": 0.1114948689937592}, "left_wrist": {"y": 65.3125, "x": 374.8125, "score": 0.3014453053474426}, "left_ear": {"y": 30.96875, "x": 458.21875, "score": 0.180916890501976}, "left_elbow": {"y": 50.59375, "x": 409.15625, "score": 0.2291960865259171}, "right_shoulder": {"y": 35.875, "x": 438.59375, "score": 0.450994610786438}, "right_ankle": {"y": 70.21875, "x": 379.71875, "score": 0.1573262214660645}, "right_knee": {"y": 60.40625, "x": 389.53125, "score": 0.1490171700716019}, "right_wrist": {"y": 65.3125, "x": 369.90625, "score": 0.4495328664779663}}, "location": {"height": 261.5496826171875, "width": 138.9606323242188, "top": 5.640716552734375, "score": 0.02667040377855301, "left": 340.0393676757812}}, {"body_parts": {"left_hip": {"y": 142.875, "x": 434.25, "score": 0.2733516693115234}, "top_head": {"y": 9.75, "x": 480, "score": 0.3263461887836456}, "right_mouth_corner": {"y": 36.375, "x": 469.75, "score": 0.5102429389953613}, "neck": {"y": 45.25, "x": 469.75, "score": 0.5381490588188171}, "left_shoulder": {"y": 54.125, "x": 434.25, "score": 0.4511685073375702}, "left_knee": {"y": 205.0, "x": 381.0, "score": 0.09081156551837921}, "left_ankle": {"y": 249.375, "x": 398.75, "score": 0.1609140038490295}, "left_mouth_corner": {"y": 36.375, "x": 478.625, "score": 0.4566307067871094}, "right_elbow": {"y": 63.0, "x": 398.75, "score": 0.3067679107189178}, "right_ear": {"y": 27.5, "x": 469.75, "score": 0.507297694683075}, "nose": {"y": 36.375, "x": 478.625, "score": 0.5185291767120361}, "left_eye": {"y": 18.625, "x": 478.625, "score": 0.4157470464706421}, "right_eye": {"y": 18.625, "x": 478.625, "score": 0.6004900336265564}, "right_hip": {"y": 151.75, "x": 434.25, "score": 0.164747416973114}, "left_wrist": {"y": 71.875, "x": 372.125, "score": 0.5754005312919617}, "left_ear": {"y": 36.375, "x": 478.625, "score": 0.4195665419101715}, "left_elbow": {"y": 63.0, "x": 389.875, "score": 0.3527548015117645}, "right_shoulder": {"y": 45.25, "x": 443.125, "score": 0.3483266234397888}, "right_ankle": {"y": 249.375, "x": 398.75, "score": 0.1481515616178513}, "right_knee": {"y": 169.5, "x": 452.0, "score": 0.09520048648118973}, "right_wrist": {"y": 63.0, "x": 389.875, "score": 0.3439803123474121}}, "location": {"height": 269.0, "width": 472.5920104980469, "top": 0.0, "score": 0.008474953472614288, "left": 6.407989501953125}}], "log_id": 2787189535184326305}