{"person_num": 3, "person_info": [{"body_parts": {"left_hip": {"y": 71.625, "x": 407.25, "score": 0.4238626956939697}, "top_head": {"y": 45.375, "x": 478.125, "score": 0.5232682824134827}, "right_mouth_corner": {"y": 66.375, "x": 451.875, "score": 0.5631588697433472}, "neck": {"y": 42.75, "x": 444.0, "score": 0.5732762813568115}, "left_shoulder": {"y": 37.5, "x": 462.375, "score": 0.3192304372787476}, "left_knee": {"y": 76.875, "x": 391.5, "score": 0.3795618414878845}, "left_ankle": {"y": 76.875, "x": 375.75, "score": 0.5453502535820007}, "left_mouth_corner": {"y": 66.375, "x": 454.5, "score": 0.5801858305931091}, "right_elbow": {"y": 55.875, "x": 381.0, "score": 0.8227685689926147}, "right_ear": {"y": 40.125, "x": 457.125, "score": 0.7623510360717773}, "nose": {"y": 66.375, "x": 457.125, "score": 0.790604829788208}, "left_eye": {"y": 63.75, "x": 465.0, "score": 0.8033702969551086}, "right_eye": {"y": 58.5, "x": 459.75, "score": 0.8345158696174622}, "right_hip": {"y": 69.0, "x": 391.5, "score": 0.4670271277427673}, "left_wrist": {"y": 71.625, "x": 428.25, "score": 0.1504699736833572}, "left_ear": {"y": 40.125, "x": 457.125, "score": 0.3217531144618988}, "left_elbow": {"y": 63.75, "x": 436.125, "score": 0.09462505578994751}, "right_shoulder": {"y": 42.75, "x": 417.75, "score": 0.5702382326126099}, "right_ankle": {"y": 71.625, "x": 349.5, "score": 0.8241550922393799}, "right_knee": {"y": 74.25, "x": 370.5, "score": 0.6417774558067322}, "right_wrist": {"y": 71.625, "x": 373.125, "score": 0.7672642469406128}}, "location": {"height": 89.25353240966797, "width": 139.0642547607422, "top": 11.02326965332031, "score": 0.3564209640026093, "left": 339.9357299804688}}, {"body_parts": {"left_hip": {"y": 70.21875, "x": 415.0625, "score": 0.1975643932819366}, "top_head": {"y": 40.78125, "x": 469.03125, "score": 0.5761765837669373}, "right_mouth_corner": {"y": 65.3125, "x": 449.40625, "score": 0.6580891013145447}, "neck": {"y": 45.6875, "x": 449.40625, "score": 0.7203518748283386}, "left_shoulder": {"y": 35.875, "x": 454.3125, "score": 0.5443557500839233}, "left_knee": {"y": 75.125, "x": 395.4375, "score": 0.4946057796478271}, "left_ankle": {"y": 75.125, "x": 370.90625, "score": 0.5059326887130737}, "left_mouth_corner": {"y": 60.40625, "x": 454.3125, "score": 0.6578445434570312}, "right_elbow": {"y": 50.59375, "x": 395.4375, "score": 0.5587332248687744}, "right_ear": {"y": 40.78125, "x": 454.3125, "score": 0.5498982667922974}, "nose": {"y": 65.3125, "x": 449.40625, "score": 0.7463240623474121}, "left_eye": {"y": 55.5, "x": 459.21875, "score": 0.7886993288993835}, "right_eye": {"y": 60.40625, "x": 454.3125, "score": 0.6993445158004761}, "right_hip": {"y": 60.40625, "x": 395.4375, "score": 0.1968505084514618}, "left_wrist": {"y": 65.3125, "x": 385.625, "score": 0.3467674255371094}, "left_ear": {"y": 40.78125, "x": 459.21875, "score": 0.4540994167327881}, "left_elbow": {"y": 60.40625, "x": 415.0625, "score": 0.3012982606887817}, "right_shoulder": {"y": 35.875, "x": 434.6875, "score": 0.6587380766868591}, "right_ankle": {"y": 70.21875, "x": 366.0, "score": 0.4874033331871033}, "right_knee": {"y": 70.21875, "x": 375.8125, "score": 0.5520215630531311}, "right_wrist": {"y": 65.3125, "x": 370.90625, "score": 0.5927133560180664}}, "location": {"height": 261.8618469238281, "width": 136.4817199707031, "top": 5.749969482421875, "score": 0.01911229453980923, "left": 342.5182495117188}}, {"body_parts": {"left_hip": {"y": 142.8125, "x": 441.6875, "score": 0.4672652184963226}, "top_head": {"y": 19.4375, "x": 476.9375, "score": 0.4897113740444183}, "right_mouth_corner": {"y": 54.6875, "x": 459.3125, "score": 0.6229672431945801}, "neck": {"y": 45.875, "x": 459.3125, "score": 0.6411188244819641}, "left_shoulder": {"y": 45.875, "x": 459.3125, "score": 0.4213581681251526}, "left_knee": {"y": 204.5, "x": 432.875, "score": 0.1986591666936874}, "left_ankle": {"y": 248.5625, "x": 415.25, "score": 0.2796412110328674}, "left_mouth_corner": {"y": 54.6875, "x": 468.125, "score": 0.633886456489563}, "right_elbow": {"y": 63.5, "x": 397.625, "score": 0.5163828730583191}, "right_ear": {"y": 28.25, "x": 459.3125, "score": 0.6692931056022644}, "nose": {"y": 54.6875, "x": 459.3125, "score": 0.6862251162528992}, "left_eye": {"y": 45.875, "x": 468.125, "score": 0.644618034362793}, "right_eye": {"y": 45.875, "x": 459.3125, "score": 0.6741895079612732}, "right_hip": {"y": 142.8125, "x": 424.0625, "score": 0.306483656167984}, "left_wrist": {"y": 72.3125, "x": 380.0, "score": 0.4773196280002594}, "left_ear": {"y": 37.0625, "x": 476.9375, "score": 0.6355518698692322}, "left_elbow": {"y": 63.5, "x": 397.625, "score": 0.200668528676033}, "right_shoulder": {"y": 37.0625, "x": 432.875, "score": 0.5726469159126282}, "right_ankle": {"y": 248.5625, "x": 406.4375, "score": 0.3497429490089417}, "right_knee": {"y": 195.6875, "x": 397.625, "score": 0.2664262652397156}, "right_wrist": {"y": 72.3125, "x": 380.0, "score": 0.4974805116653442}}, "location": {"height": 269.0, "width": 468.794921875, "top": 0.0, "score": 0.01018603518605232, "left": 10.205078125}}], "log_id": 1696877632676244097}