{"person_num": 4, "person_info": [{"body_parts": {"left_hip": {"y": 66.40625, "x": 357.90625, "score": 0.4636165797710419}, "top_head": {"y": 58.625, "x": 448.6875, "score": 0.5383622646331787}, "right_mouth_corner": {"y": 66.40625, "x": 440.90625, "score": 0.04688547924160957}, "neck": {"y": 63.8125, "x": 414.96875, "score": 0.8080969452857971}, "left_shoulder": {"y": 45.65625, "x": 407.1875, "score": 0.6620975136756897}, "left_knee": {"y": 27.5, "x": 402.0, "score": 0.330519050359726}, "left_ankle": {"y": 35.28125, "x": 365.6875, "score": 0.265432208776474}, "left_mouth_corner": {"y": 48.25, "x": 420.15625, "score": 0.1040244996547699}, "right_elbow": {"y": 94.9375, "x": 394.21875, "score": 0.6074175238609314}, "right_ear": {"y": 69.0, "x": 433.125, "score": 0.4265030920505524}, "nose": {"y": 71.59375, "x": 440.90625, "score": 0.1239070519804955}, "left_eye": {"y": 58.625, "x": 440.90625, "score": 0.2456838339567184}, "right_eye": {"y": 69.0, "x": 440.90625, "score": 0.2937239110469818}, "right_hip": {"y": 84.5625, "x": 360.5, "score": 0.4658272266387939}, "left_wrist": {"y": 48.25, "x": 453.875, "score": 0.7905871868133545}, "left_ear": {"y": 50.84375, "x": 427.9375, "score": 0.4354366362094879}, "left_elbow": {"y": 24.90625, "x": 430.53125, "score": 0.8459941744804382}, "right_shoulder": {"y": 81.96875, "x": 407.1875, "score": 0.4672945737838745}, "right_ankle": {"y": 40.46875, "x": 360.5, "score": 0.03790577128529549}, "right_knee": {"y": 89.75, "x": 389.03125, "score": 0.1160004287958145}, "right_wrist": {"y": 81.96875, "x": 422.75, "score": 0.8073019981384277}}, "location": {"height": 99.20252227783203, "width": 137.9702911376953, "top": 6.191459655761719, "score": 0.1809244602918625, "left": 340.5468139648438}}, {"body_parts": {"left_hip": {"y": 158.84375, "x": 348.0625, "score": 0.1483185142278671}, "top_head": {"y": 203.5625, "x": 462.34375, "score": 0.6496013402938843}, "right_mouth_corner": {"y": 178.71875, "x": 427.5625, "score": 0.298072338104248}, "neck": {"y": 193.625, "x": 412.65625, "score": 0.7179091572761536}, "left_shoulder": {"y": 203.5625, "x": 397.75, "score": 0.5634987354278564}, "left_knee": {"y": 158.84375, "x": 338.125, "score": 0.1287824064493179}, "left_ankle": {"y": 143.9375, "x": 323.21875, "score": 0.2835897207260132}, "left_mouth_corner": {"y": 178.71875, "x": 427.5625, "score": 0.3974079787731171}, "right_elbow": {"y": 168.78125, "x": 397.75, "score": 0.1957199275493622}, "right_ear": {"y": 193.625, "x": 432.53125, "score": 0.4809991121292114}, "nose": {"y": 178.71875, "x": 437.5, "score": 0.4395328164100647}, "left_eye": {"y": 183.6875, "x": 442.46875, "score": 0.547379195690155}, "right_eye": {"y": 183.6875, "x": 437.5, "score": 0.4672861993312836}, "right_hip": {"y": 158.84375, "x": 377.875, "score": 0.125753179192543}, "left_wrist": {"y": 143.9375, "x": 333.15625, "score": 0.6885371804237366}, "left_ear": {"y": 203.5625, "x": 422.59375, "score": 0.4032213687896729}, "left_elbow": {"y": 24.6875, "x": 427.5625, "score": 0.6335817575454712}, "right_shoulder": {"y": 183.6875, "x": 422.59375, "score": 0.471570611000061}, "right_ankle": {"y": 148.90625, "x": 328.1875, "score": 0.1170211210846901}, "right_knee": {"y": 158.84375, "x": 348.0625, "score": 0.1183784380555153}, "right_wrist": {"y": 148.90625, "x": 338.125, "score": 0.1777287572622299}}, "location": {"height": 264.7562255859375, "width": 163.6727752685547, "top": 3.840530395507812, "score": 0.02689602226018906, "left": 315.3272094726562}}, {"body_parts": {"left_hip": {"y": 151.9375, "x": 364.5625, "score": 0.1146030351519585}, "top_head": {"y": 35.34375, "x": 427.34375, "score": 0.3314723968505859}, "right_mouth_corner": {"y": 62.25, "x": 409.40625, "score": 0.2217582017183304}, "neck": {"y": 53.28125, "x": 400.4375, "score": 0.3352394998073578}, "left_shoulder": {"y": 8.4375, "x": 436.3125, "score": 0.2383488714694977}, "left_knee": {"y": 160.90625, "x": 364.5625, "score": 0.1918186992406845}, "left_ankle": {"y": 196.78125, "x": 409.40625, "score": 0.358169823884964}, "left_mouth_corner": {"y": 62.25, "x": 418.375, "score": 0.2241668701171875}, "right_elbow": {"y": 62.25, "x": 346.625, "score": 0.3283360302448273}, "right_ear": {"y": 53.28125, "x": 409.40625, "score": 0.3995292782783508}, "nose": {"y": 62.25, "x": 418.375, "score": 0.2716511785984039}, "left_eye": {"y": 62.25, "x": 427.34375, "score": 0.3147352039813995}, "right_eye": {"y": 62.25, "x": 418.375, "score": 0.3488597869873047}, "right_hip": {"y": 80.1875, "x": 391.46875, "score": 0.07362230122089386}, "left_wrist": {"y": 142.96875, "x": 328.6875, "score": 0.3171595931053162}, "left_ear": {"y": 44.3125, "x": 400.4375, "score": 0.1949062943458557}, "left_elbow": {"y": 44.3125, "x": 427.34375, "score": 0.2583759725093842}, "right_shoulder": {"y": 35.34375, "x": 382.5, "score": 0.3130658268928528}, "right_ankle": {"y": 196.78125, "x": 427.34375, "score": 0.3917250633239746}, "right_knee": {"y": 98.125, "x": 167.25, "score": 0.1549602746963501}, "right_wrist": {"y": 53.28125, "x": 400.4375, "score": 0.2679157853126526}}, "location": {"height": 269.0, "width": 477.9558410644531, "top": 0.0, "score": 0.01519867032766342, "left": 1.044158935546875}}, {"body_parts": {"left_hip": {"y": 159.875, "x": 358.6875, "score": 0.2060768306255341}, "top_head": {"y": 205.34375, "x": 476.90625, "score": 0.4758974611759186}, "right_mouth_corner": {"y": 175.03125, "x": 431.4375, "score": 0.2660969495773315}, "neck": {"y": 196.25, "x": 416.28125, "score": 0.6193290948867798}, "left_shoulder": {"y": 187.15625, "x": 379.90625, "score": 0.3515388965606689}, "left_knee": {"y": 156.84375, "x": 340.5, "score": 0.3486147522926331}, "left_ankle": {"y": 147.75, "x": 322.3125, "score": 0.4702529013156891}, "left_mouth_corner": {"y": 175.03125, "x": 434.46875, "score": 0.332412987947464}, "right_elbow": {"y": 156.84375, "x": 401.125, "score": 0.1095580011606216}, "right_ear": {"y": 184.125, "x": 440.53125, "score": 0.3136164546012878}, "nose": {"y": 175.03125, "x": 446.59375, "score": 0.3304709792137146}, "left_eye": {"y": 178.0625, "x": 446.59375, "score": 0.5266828536987305}, "right_eye": {"y": 175.03125, "x": 449.625, "score": 0.4095052480697632}, "right_hip": {"y": 156.84375, "x": 385.96875, "score": 0.4345033764839172}, "left_wrist": {"y": 144.71875, "x": 337.46875, "score": 0.2339434623718262}, "left_ear": {"y": 214.4375, "x": 431.4375, "score": 0.2067133635282516}, "left_elbow": {"y": 165.9375, "x": 349.59375, "score": 0.4367935657501221}, "right_shoulder": {"y": 196.25, "x": 434.46875, "score": 0.1940538436174393}, "right_ankle": {"y": 147.75, "x": 343.53125, "score": 0.2967153489589691}, "right_knee": {"y": 150.78125, "x": 358.6875, "score": 0.168477326631546}, "right_wrist": {"y": 153.8125, "x": 379.90625, "score": 0.07727733254432678}}, "location": {"height": 113.5256271362305, "width": 162.5090179443359, "top": 116.8051452636719, "score": 0.005391045473515987, "left": 315.4851989746094}}], "log_id": 7622524267530171617}