{"person_num": 4, "person_info": [{"body_parts": {"left_hip": {"y": 67.5625, "x": 357.6875, "score": 0.5415739417076111}, "top_head": {"y": 43.1875, "x": 460.0625, "score": 0.6430116295814514}, "right_mouth_corner": {"y": 40.75, "x": 435.6875, "score": 0.24091537296772}, "neck": {"y": 62.6875, "x": 425.9375, "score": 0.8023232817649841}, "left_shoulder": {"y": 45.625, "x": 408.875, "score": 0.8020054697990417}, "left_knee": {"y": 48.0625, "x": 384.5, "score": 0.2321100234985352}, "left_ankle": {"y": 33.4375, "x": 360.125, "score": 0.09634147584438324}, "left_mouth_corner": {"y": 40.75, "x": 435.6875, "score": 0.309362530708313}, "right_elbow": {"y": 101.6875, "x": 391.8125, "score": 0.8154979348182678}, "right_ear": {"y": 65.125, "x": 447.875, "score": 0.5674414038658142}, "nose": {"y": 40.75, "x": 440.5625, "score": 0.6421909332275391}, "left_eye": {"y": 40.75, "x": 440.5625, "score": 0.6564688682556152}, "right_eye": {"y": 40.75, "x": 440.5625, "score": 0.5356870293617249}, "right_hip": {"y": 89.5, "x": 360.125, "score": 0.6131097674369812}, "left_wrist": {"y": 21.25, "x": 416.1875, "score": 0.8936301469802856}, "left_ear": {"y": 45.625, "x": 435.6875, "score": 0.8109826445579529}, "left_elbow": {"y": 31.0, "x": 384.5, "score": 0.7914968729019165}, "right_shoulder": {"y": 84.625, "x": 416.1875, "score": 0.7515818476676941}, "right_ankle": {"y": 89.5, "x": 357.6875, "score": 0.3205353021621704}, "right_knee": {"y": 99.25, "x": 391.8125, "score": 0.2611592411994934}, "right_wrist": {"y": 91.9375, "x": 423.5, "score": 0.7780775427818298}}, "location": {"height": 104.4955520629883, "width": 128.6198577880859, "top": 10.906005859375, "score": 0.3447389900684357, "left": 344.6438293457031}}, {"body_parts": {"left_hip": {"y": 154.125, "x": 341.90625, "score": 0.3417023122310638}, "top_head": {"y": 214.5, "x": 447.5625, "score": 0.7539119720458984}, "right_mouth_corner": {"y": 179.28125, "x": 417.375, "score": 0.4124049842357635}, "neck": {"y": 199.40625, "x": 407.3125, "score": 0.7325760722160339}, "left_shoulder": {"y": 184.3125, "x": 377.125, "score": 0.5715796947479248}, "left_knee": {"y": 134.0, "x": 367.0625, "score": 0.2139096260070801}, "left_ankle": {"y": 144.0625, "x": 326.8125, "score": 0.3504347205162048}, "left_mouth_corner": {"y": 179.28125, "x": 422.40625, "score": 0.4243709146976471}, "right_elbow": {"y": 159.15625, "x": 377.125, "score": 0.1589198410511017}, "right_ear": {"y": 204.4375, "x": 422.40625, "score": 0.4238371849060059}, "nose": {"y": 179.28125, "x": 427.4375, "score": 0.4665873050689697}, "left_eye": {"y": 194.375, "x": 432.46875, "score": 0.4967562258243561}, "right_eye": {"y": 194.375, "x": 432.46875, "score": 0.4694733023643494}, "right_hip": {"y": 169.21875, "x": 357.0, "score": 0.1715450286865234}, "left_wrist": {"y": 154.125, "x": 407.3125, "score": 0.7813913822174072}, "left_ear": {"y": 204.4375, "x": 417.375, "score": 0.5588874816894531}, "left_elbow": {"y": 139.03125, "x": 372.09375, "score": 0.3797690868377686}, "right_shoulder": {"y": 194.375, "x": 407.3125, "score": 0.377067506313324}, "right_ankle": {"y": 53.5, "x": 367.0625, "score": 0.1835492998361588}, "right_knee": {"y": 134.0, "x": 367.0625, "score": 0.1520051509141922}, "right_wrist": {"y": 159.15625, "x": 407.3125, "score": 0.1945463567972183}}, "location": {"height": 267.8061828613281, "width": 164.7145233154297, "top": 1.193817019462585, "score": 0.03048245050013065, "left": 314.2854614257812}}, {"body_parts": {"left_hip": {"y": 134.0, "x": 221.25, "score": 0.0771249309182167}, "top_head": {"y": 213.875, "x": 443.125, "score": 0.716052770614624}, "right_mouth_corner": {"y": 169.5, "x": 416.5, "score": 0.4981855750083923}, "neck": {"y": 187.25, "x": 398.75, "score": 0.5452260375022888}, "left_shoulder": {"y": 187.25, "x": 381.0, "score": 0.5268257856369019}, "left_knee": {"y": 107.375, "x": 168.0, "score": 0.2284241914749146}, "left_ankle": {"y": 151.75, "x": 88.125, "score": 0.04981188848614693}, "left_mouth_corner": {"y": 169.5, "x": 416.5, "score": 0.5336865186691284}, "right_elbow": {"y": 142.875, "x": 381.0, "score": 0.191764771938324}, "right_ear": {"y": 187.25, "x": 425.375, "score": 0.3706782758235931}, "nose": {"y": 169.5, "x": 425.375, "score": 0.65549236536026}, "left_eye": {"y": 169.5, "x": 425.375, "score": 0.5999449491500854}, "right_eye": {"y": 169.5, "x": 425.375, "score": 0.6458001136779785}, "right_hip": {"y": 142.875, "x": 247.875, "score": 0.09923192113637924}, "left_wrist": {"y": 151.75, "x": 354.375, "score": 0.2812727093696594}, "left_ear": {"y": 196.125, "x": 416.5, "score": 0.5234573483467102}, "left_elbow": {"y": 142.875, "x": 327.75, "score": 0.5839735269546509}, "right_shoulder": {"y": 160.625, "x": 389.875, "score": 0.4745975434780121}, "right_ankle": {"y": 160.625, "x": 88.125, "score": 0.05949334800243378}, "right_knee": {"y": 116.25, "x": 168.0, "score": 0.1544301360845566}, "right_wrist": {"y": 151.75, "x": 407.625, "score": 0.1118990108370781}}, "location": {"height": 268.9002685546875, "width": 472.4779663085938, "top": 0.0997161865234375, "score": 0.02576079219579697, "left": 6.522018432617188}}, {"body_parts": {"left_hip": {"y": 151.75, "x": 343.59375, "score": 0.4954848289489746}, "top_head": {"y": 215.40625, "x": 452.71875, "score": 0.5466734170913696}, "right_mouth_corner": {"y": 179.03125, "x": 425.4375, "score": 0.4292929768562317}, "neck": {"y": 197.21875, "x": 404.21875, "score": 0.7089826464653015}, "left_shoulder": {"y": 172.96875, "x": 386.03125, "score": 0.4668566584587097}, "left_knee": {"y": 148.71875, "x": 340.5625, "score": 0.383402556180954}, "left_ankle": {"y": 145.6875, "x": 322.375, "score": 0.6689459085464478}, "left_mouth_corner": {"y": 185.09375, "x": 425.4375, "score": 0.4996933937072754}, "right_elbow": {"y": 179.03125, "x": 407.25, "score": 0.09356722980737686}, "right_ear": {"y": 212.375, "x": 416.34375, "score": 0.4767212867736816}, "nose": {"y": 182.0625, "x": 428.46875, "score": 0.4986420571804047}, "left_eye": {"y": 188.125, "x": 428.46875, "score": 0.503074049949646}, "right_eye": {"y": 188.125, "x": 434.53125, "score": 0.4337697625160217}, "right_hip": {"y": 160.84375, "x": 346.625, "score": 0.08834682404994965}, "left_wrist": {"y": 154.78125, "x": 407.25, "score": 0.9004830121994019}, "left_ear": {"y": 194.1875, "x": 428.46875, "score": 0.2371987849473953}, "left_elbow": {"y": 139.625, "x": 376.9375, "score": 0.8539432287216187}, "right_shoulder": {"y": 215.40625, "x": 404.21875, "score": 0.4715654253959656}, "right_ankle": {"y": 148.71875, "x": 337.53125, "score": 0.07514456659555435}, "right_knee": {"y": 79.0, "x": 413.3125, "score": 0.1127559691667557}, "right_wrist": {"y": 160.84375, "x": 410.28125, "score": 0.06049593165516853}}, "location": {"height": 105.8276290893555, "width": 160.6765594482422, "top": 128.1127624511719, "score": 0.009950805455446243, "left": 304.6260986328125}}], "log_id": 4779723523360835489}