{"person_num": 3, "person_info": [{"body_parts": {"left_hip": {"y": 62.34375, "x": 363.5, "score": 0.4039280414581299}, "top_head": {"y": 69.9375, "x": 457.15625, "score": 0.5935818552970886}, "right_mouth_corner": {"y": 85.125, "x": 436.90625, "score": 0.2157900035381317}, "neck": {"y": 69.9375, "x": 419.1875, "score": 0.7290975451469421}, "left_shoulder": {"y": 52.21875, "x": 419.1875, "score": 0.7443177103996277}, "left_knee": {"y": 34.5, "x": 406.53125, "score": 0.2153461873531342}, "left_ankle": {"y": 37.03125, "x": 366.03125, "score": 0.07003002613782883}, "left_mouth_corner": {"y": 85.125, "x": 436.90625, "score": 0.1812330931425095}, "right_elbow": {"y": 95.25, "x": 393.875, "score": 0.5133799314498901}, "right_ear": {"y": 80.0625, "x": 439.4375, "score": 0.4872108697891235}, "nose": {"y": 85.125, "x": 439.4375, "score": 0.4715451002120972}, "left_eye": {"y": 82.59375, "x": 441.96875, "score": 0.2951579689979553}, "right_eye": {"y": 80.0625, "x": 441.96875, "score": 0.5368756651878357}, "right_hip": {"y": 82.59375, "x": 360.96875, "score": 0.3998244404792786}, "left_wrist": {"y": 64.875, "x": 474.875, "score": 0.7282452583312988}, "left_ear": {"y": 57.28125, "x": 434.375, "score": 0.4223560988903046}, "left_elbow": {"y": 42.09375, "x": 449.5625, "score": 0.7619749307632446}, "right_shoulder": {"y": 85.125, "x": 406.53125, "score": 0.561739444732666}, "right_ankle": {"y": 85.125, "x": 358.4375, "score": 0.1465225219726562}, "right_knee": {"y": 92.71875, "x": 391.34375, "score": 0.2224774360656738}, "right_wrist": {"y": 90.1875, "x": 421.71875, "score": 0.8125441670417786}}, "location": {"height": 78.52977752685547, "width": 134.0334320068359, "top": 31.68394088745117, "score": 0.1301275938749313, "left": 344.966552734375}}, {"body_parts": {"left_hip": {"y": 142.84375, "x": 442.40625, "score": 0.1658847630023956}, "top_head": {"y": 19.03125, "x": 415.875, "score": 0.1474317163228989}, "right_mouth_corner": {"y": 54.40625, "x": 451.25, "score": 0.1042081639170647}, "neck": {"y": 45.5625, "x": 451.25, "score": 0.2090957015752792}, "left_shoulder": {"y": 36.71875, "x": 451.25, "score": 0.1648414582014084}, "left_knee": {"y": 195.90625, "x": 380.5, "score": 0.08461941033601761}, "left_ankle": {"y": 248.96875, "x": 398.1875, "score": 0.1271486431360245}, "left_mouth_corner": {"y": 54.40625, "x": 460.09375, "score": 0.106634296476841}, "right_elbow": {"y": 80.9375, "x": 371.65625, "score": 0.2711586356163025}, "right_ear": {"y": 45.5625, "x": 424.71875, "score": 0.1917185336351395}, "nose": {"y": 45.5625, "x": 451.25, "score": 0.1471912711858749}, "left_eye": {"y": 36.71875, "x": 451.25, "score": 0.1577746421098709}, "right_eye": {"y": 36.71875, "x": 451.25, "score": 0.1860473304986954}, "right_hip": {"y": 142.84375, "x": 433.5625, "score": 0.1118455529212952}, "left_wrist": {"y": 80.9375, "x": 424.71875, "score": 0.2064762860536575}, "left_ear": {"y": 45.5625, "x": 398.1875, "score": 0.1140574216842651}, "left_elbow": {"y": 80.9375, "x": 380.5, "score": 0.2000915855169296}, "right_shoulder": {"y": 27.875, "x": 17.90625, "score": 0.2443988770246506}, "right_ankle": {"y": 257.8125, "x": 398.1875, "score": 0.1601361036300659}, "right_knee": {"y": 125.15625, "x": 168.25, "score": 0.0892239511013031}, "right_wrist": {"y": 54.40625, "x": 433.5625, "score": 0.1606591939926147}}, "location": {"height": 269.0, "width": 470.3921813964844, "top": 0.0, "score": 0.01008268445730209, "left": 8.607803344726562}}, {"body_parts": {"left_hip": {"y": 80.375, "x": 366.0, "score": 0.03373847901821136}, "top_head": {"y": 51.125, "x": 434.25, "score": 0.08342274278402328}, "right_mouth_corner": {"y": 26.75, "x": 370.875, "score": 0.005504844710230827}, "neck": {"y": 21.875, "x": 409.875, "score": 0.02816071920096874}, "left_shoulder": {"y": 26.75, "x": 409.875, "score": 0.02329927682876587}, "left_knee": {"y": 70.625, "x": 361.125, "score": 0.3390659093856812}, "left_ankle": {"y": 70.625, "x": 424.5, "score": 0.3413101434707642}, "left_mouth_corner": {"y": 21.875, "x": 366.0, "score": 0.006930231116712093}, "right_elbow": {"y": 75.5, "x": 400.125, "score": 0.04067688807845116}, "right_ear": {"y": 56.0, "x": 424.5, "score": 0.02145454660058022}, "nose": {"y": 75.5, "x": 429.375, "score": 0.01586182415485382}, "left_eye": {"y": 70.625, "x": 434.25, "score": 0.01752402260899544}, "right_eye": {"y": 70.625, "x": 434.25, "score": 0.04931682348251343}, "right_hip": {"y": 143.75, "x": 429.375, "score": 0.01470620278269053}, "left_wrist": {"y": 60.875, "x": 458.625, "score": 0.02442605420947075}, "left_ear": {"y": 21.875, "x": 375.75, "score": 0.03261152282357216}, "left_elbow": {"y": 46.25, "x": 414.75, "score": 0.03558393940329552}, "right_shoulder": {"y": 56.0, "x": 414.75, "score": 0.03143003955483437}, "right_ankle": {"y": 65.75, "x": 434.25, "score": 0.1845337450504303}, "right_knee": {"y": 70.625, "x": 361.125, "score": 0.1087262853980064}, "right_wrist": {"y": 65.75, "x": 478.125, "score": 0.05027811229228973}}, "location": {"height": 259.6522521972656, "width": 137.8000183105469, "top": 6.203201293945312, "score": 0.008961756713688374, "left": 341.199951171875}}], "log_id": 3192816786530655841}