{"person_num": 2, "person_info": [{"body_parts": {"left_hip": {"y": 83.75, "x": 101.125, "score": 0.388741672039032}, "top_head": {"y": 86.8125, "x": 33.75, "score": 0.4331923723220825}, "right_mouth_corner": {"y": 96.0, "x": 61.3125, "score": 0.7165778279304504}, "neck": {"y": 89.875, "x": 55.1875, "score": 0.6660375595092773}, "left_shoulder": {"y": 65.375, "x": 58.25, "score": 0.7239969372749329}, "left_knee": {"y": 89.875, "x": 119.5, "score": 0.4386322796344757}, "left_ankle": {"y": 96.0, "x": 119.5, "score": 0.4153235256671906}, "left_mouth_corner": {"y": 92.9375, "x": 67.4375, "score": 0.7054570913314819}, "right_elbow": {"y": 120.5, "x": 91.9375, "score": 0.6501395106315613}, "right_ear": {"y": 102.125, "x": 49.0625, "score": 0.5487679243087769}, "nose": {"y": 92.9375, "x": 61.3125, "score": 0.736980140209198}, "left_eye": {"y": 86.8125, "x": 58.25, "score": 0.7642147541046143}, "right_eye": {"y": 92.9375, "x": 55.1875, "score": 0.7736443877220154}, "right_hip": {"y": 99.0625, "x": 107.25, "score": 0.4166900217533112}, "left_wrist": {"y": 71.5, "x": 101.125, "score": 0.5039319396018982}, "left_ear": {"y": 77.625, "x": 52.125, "score": 0.5426338315010071}, "left_elbow": {"y": 65.375, "x": 88.875, "score": 0.5433558821678162}, "right_shoulder": {"y": 114.375, "x": 61.3125, "score": 0.6122216582298279}, "right_ankle": {"y": 99.0625, "x": 159.3125, "score": 0.6678232550621033}, "right_knee": {"y": 96.0, "x": 128.6875, "score": 0.399479866027832}, "right_wrist": {"y": 123.5625, "x": 119.5, "score": 0.5294475555419922}}, "location": {"height": 77.876220703125, "width": 163.3836822509766, "top": 57.00175094604492, "score": 0.4870222806930542, "left": 11.53618621826172}}, {"body_parts": {"left_hip": {"y": 116.3125, "x": 115.1875, "score": 0.2668186724185944}, "top_head": {"y": 72.09375, "x": 70.96875, "score": 0.2050951421260834}, "right_mouth_corner": {"y": 89.78125, "x": 70.96875, "score": 0.103574775159359}, "neck": {"y": 80.9375, "x": 79.8125, "score": 0.369178295135498}, "left_shoulder": {"y": 80.9375, "x": 79.8125, "score": 0.3407746851444244}, "left_knee": {"y": 89.78125, "x": 150.5625, "score": 0.05284063145518303}, "left_ankle": {"y": 116.3125, "x": 62.125, "score": 0.09665451943874359}, "left_mouth_corner": {"y": 89.78125, "x": 70.96875, "score": 0.1315448880195618}, "right_elbow": {"y": 80.9375, "x": 35.59375, "score": 0.2118004858493805}, "right_ear": {"y": 72.09375, "x": 62.125, "score": 0.1751423329114914}, "nose": {"y": 89.78125, "x": 70.96875, "score": 0.1156280413269997}, "left_eye": {"y": 80.9375, "x": 70.96875, "score": 0.135198637843132}, "right_eye": {"y": 89.78125, "x": 53.28125, "score": 0.112584263086319}, "right_hip": {"y": 116.3125, "x": 115.1875, "score": 0.242625430226326}, "left_wrist": {"y": 80.9375, "x": 35.59375, "score": 0.2359174638986588}, "left_ear": {"y": 80.9375, "x": 88.65625, "score": 0.2124553769826889}, "left_elbow": {"y": 80.9375, "x": 115.1875, "score": 0.1703930646181107}, "right_shoulder": {"y": 98.625, "x": 79.8125, "score": 0.2610959410667419}, "right_ankle": {"y": 116.3125, "x": 88.65625, "score": 0.08680985867977142}, "right_knee": {"y": 98.625, "x": 88.65625, "score": 0.08004247397184372}, "right_wrist": {"y": 89.78125, "x": 44.4375, "score": 0.2355084121227264}}, "location": {"height": 268.7959594726562, "width": 471.2840270996094, "top": 0.20404052734375, "score": 0.006873461417853832, "left": 7.715941905975342}}], "log_id": 2609972543418803521}