{"person_num": 2, "person_info": [{"body_parts": {"left_hip": {"y": 149.3125, "x": 341.78125, "score": 0.3641356229782104}, "top_head": {"y": 203.625, "x": 396.09375, "score": 0.7338200211524963}, "right_mouth_corner": {"y": 171.53125, "x": 393.625, "score": 0.1299405694007874}, "neck": {"y": 178.9375, "x": 368.9375, "score": 0.7063284516334534}, "left_shoulder": {"y": 161.65625, "x": 373.875, "score": 0.7204475998878479}, "left_knee": {"y": 183.875, "x": 331.90625, "score": 0.02803873084485531}, "left_ankle": {"y": 161.65625, "x": 322.03125, "score": 0.0584588460624218}, "left_mouth_corner": {"y": 171.53125, "x": 393.625, "score": 0.1118944138288498}, "right_elbow": {"y": 146.84375, "x": 304.75, "score": 0.1991285979747772}, "right_ear": {"y": 201.15625, "x": 368.9375, "score": 0.2476135641336441}, "nose": {"y": 181.40625, "x": 398.5625, "score": 0.1956499069929123}, "left_eye": {"y": 188.8125, "x": 396.09375, "score": 0.1661154627799988}, "right_eye": {"y": 191.28125, "x": 396.09375, "score": 0.3218079805374146}, "right_hip": {"y": 159.1875, "x": 326.96875, "score": 0.2470971047878265}, "left_wrist": {"y": 171.53125, "x": 408.4375, "score": 0.7332882881164551}, "left_ear": {"y": 183.875, "x": 381.28125, "score": 0.4730796813964844}, "left_elbow": {"y": 149.3125, "x": 388.6875, "score": 0.8118563294410706}, "right_shoulder": {"y": 186.34375, "x": 354.125, "score": 0.5223245620727539}, "right_ankle": {"y": 159.1875, "x": 317.09375, "score": 0.33775395154953}, "right_knee": {"y": 191.28125, "x": 326.96875, "score": 0.2083665579557419}, "right_wrist": {"y": 144.375, "x": 304.75, "score": 0.1024523973464966}}, "location": {"height": 73.8323745727539, "width": 131.8012084960938, "top": 137.7353210449219, "score": 0.497645229101181, "left": 298.3565673828125}}, {"body_parts": {"left_hip": {"y": 42.90625, "x": 0, "score": 0.04951132088899612}, "top_head": {"y": 109.15625, "x": 404.625, "score": 0.02387125603854656}, "right_mouth_corner": {"y": 183.6875, "x": 446.03125, "score": 0.02424179948866367}, "neck": {"y": 18.0625, "x": 139.625, "score": 0.01929134130477905}, "left_shoulder": {"y": 26.34375, "x": 371.5, "score": 0.06586248427629471}, "left_knee": {"y": 125.71875, "x": 164.46875, "score": 0.09924507141113281}, "left_ankle": {"y": 167.125, "x": 346.65625, "score": 0.2910445034503937}, "left_mouth_corner": {"y": 100.875, "x": 296.96875, "score": 0.03420199826359749}, "right_elbow": {"y": 109.15625, "x": 156.1875, "score": 0.06822974979877472}, "right_ear": {"y": 18.0625, "x": 462.59375, "score": 0.07516884803771973}, "nose": {"y": 1.5, "x": 470.875, "score": 0.04485044628381729}, "left_eye": {"y": 134.0, "x": 363.21875, "score": 0.05420511588454247}, "right_eye": {"y": 134.0, "x": 354.9375, "score": 0.09366340935230255}, "right_hip": {"y": 84.3125, "x": 0, "score": 0.01886828243732452}, "left_wrist": {"y": 1.5, "x": 0, "score": 0.03712891042232513}, "left_ear": {"y": 167.125, "x": 363.21875, "score": 0.0583447553217411}, "left_elbow": {"y": 109.15625, "x": 164.46875, "score": 0.07272006571292877}, "right_shoulder": {"y": 34.625, "x": 65.09375, "score": 0.04261575639247894}, "right_ankle": {"y": 167.125, "x": 354.9375, "score": 0.2259684503078461}, "right_knee": {"y": 125.71875, "x": 164.46875, "score": 0.1141957193613052}, "right_wrist": {"y": 175.40625, "x": 363.21875, "score": 0.02685655653476715}}, "location": {"height": 268.4604797363281, "width": 441.8400573730469, "top": 0.5395050048828125, "score": 0.008181455545127392, "left": 0.019073486328125}}], "log_id": 2892073153143199745}