{"person_num": 2, "person_info": [{"body_parts": {"left_hip": {"y": 179.0, "x": 185.0, "score": 0.05551072210073471}, "top_head": {"y": 170.0, "x": 437.0, "score": 0.1143141686916351}, "right_mouth_corner": {"y": 152.0, "x": 356.0, "score": 0.09562759846448898}, "neck": {"y": 170.0, "x": 347.0, "score": 0.1181739419698715}, "left_shoulder": {"y": 197.0, "x": 347.0, "score": 0.0752485990524292}, "left_knee": {"y": 125.0, "x": 158.0, "score": 0.03841519728302956}, "left_ankle": {"y": 197.0, "x": 410.0, "score": 0.1075055077672005}, "left_mouth_corner": {"y": 161.0, "x": 374.0, "score": 0.08508548140525818}, "right_elbow": {"y": 116.0, "x": 158.0, "score": 0.2134503722190857}, "right_ear": {"y": 26.0, "x": 480, "score": 0.1714965552091599}, "nose": {"y": 152.0, "x": 374.0, "score": 0.0713101476430893}, "left_eye": {"y": 0, "x": 0, "score": 0.0886506661772728}, "right_eye": {"y": 170.0, "x": 347.0, "score": 0.09352345019578934}, "right_hip": {"y": 125.0, "x": 185.0, "score": 0.04272972792387009}, "left_wrist": {"y": 179.0, "x": 428.0, "score": 0.1058418080210686}, "left_ear": {"y": 26.0, "x": 473.0, "score": 0.09518489986658096}, "left_elbow": {"y": 107.0, "x": 167.0, "score": 0.1265062540769577}, "right_shoulder": {"y": 26.0, "x": 5.0, "score": 0.1851290315389633}, "right_ankle": {"y": 197.0, "x": 401.0, "score": 0.08675110340118408}, "right_knee": {"y": 125.0, "x": 149.0, "score": 0.06747196614742279}, "right_wrist": {"y": 188.0, "x": 410.0, "score": 0.08494962751865387}}, "location": {"height": 268.6443786621094, "width": 479.0, "top": 0.3556365966796875, "score": 0.01897468604147434, "left": 0.0}}, {"body_parts": {"left_hip": {"y": 157.34375, "x": 362.25, "score": 0.325286328792572}, "top_head": {"y": 228.5, "x": 451.96875, "score": 0.1780642122030258}, "right_mouth_corner": {"y": 191.375, "x": 433.40625, "score": 0.1164673194289207}, "neck": {"y": 206.84375, "x": 427.21875, "score": 0.2635414898395538}, "left_shoulder": {"y": 175.90625, "x": 417.9375, "score": 0.2311478555202484}, "left_knee": {"y": 163.53125, "x": 365.34375, "score": 0.1692986488342285}, "left_ankle": {"y": 163.53125, "x": 337.5, "score": 0.2809948921203613}, "left_mouth_corner": {"y": 169.71875, "x": 427.21875, "score": 0.1007209941744804}, "right_elbow": {"y": 225.40625, "x": 448.875, "score": 0.6024690270423889}, "right_ear": {"y": 206.84375, "x": 433.40625, "score": 0.1097358167171478}, "nose": {"y": 172.8125, "x": 427.21875, "score": 0.08888284862041473}, "left_eye": {"y": 200.65625, "x": 439.59375, "score": 0.05669345334172249}, "right_eye": {"y": 200.65625, "x": 433.40625, "score": 0.06918802857398987}, "right_hip": {"y": 175.90625, "x": 352.96875, "score": 0.1271712630987167}, "left_wrist": {"y": 172.8125, "x": 421.03125, "score": 0.1316784471273422}, "left_ear": {"y": 197.5625, "x": 439.59375, "score": 0.05725761502981186}, "left_elbow": {"y": 169.71875, "x": 414.84375, "score": 0.2818570137023926}, "right_shoulder": {"y": 209.9375, "x": 411.75, "score": 0.2481463700532913}, "right_ankle": {"y": 166.625, "x": 325.125, "score": 0.4052872061729431}, "right_knee": {"y": 182.09375, "x": 356.0625, "score": 0.232053741812706}, "right_wrist": {"y": 209.9375, "x": 427.21875, "score": 0.2004397660493851}}, "location": {"height": 102.7811584472656, "width": 163.2621917724609, "top": 137.941162109375, "score": 0.01418202556669712, "left": 313.91357421875}}], "log_id": 8157320351087972961}