{"person_num": 3, "person_info": [{"body_parts": {"left_hip": {"y": 84.625, "x": 198.875, "score": 0.2852168679237366}, "top_head": {"y": 71.875, "x": 128.75, "score": 0.5268771648406982}, "right_mouth_corner": {"y": 78.25, "x": 156.375, "score": 0.6672024726867676}, "neck": {"y": 95.25, "x": 152.125, "score": 0.5542056560516357}, "left_shoulder": {"y": 71.875, "x": 147.875, "score": 0.1098516508936882}, "left_knee": {"y": 116.5, "x": 232.875, "score": 0.04294279962778091}, "left_ankle": {"y": 63.375, "x": 173.375, "score": 0.0672985166311264}, "left_mouth_corner": {"y": 76.125, "x": 158.5, "score": 0.5201966762542725}, "right_elbow": {"y": 125.0, "x": 184.0, "score": 0.7393915057182312}, "right_ear": {"y": 86.75, "x": 145.75, "score": 0.3658857643604279}, "nose": {"y": 71.875, "x": 154.25, "score": 0.6054744720458984}, "left_eye": {"y": 69.75, "x": 150.0, "score": 0.6252731680870056}, "right_eye": {"y": 74.0, "x": 147.875, "score": 0.6954444646835327}, "right_hip": {"y": 103.75, "x": 203.125, "score": 0.1906080991029739}, "left_wrist": {"y": 78.25, "x": 192.5, "score": 0.4649784564971924}, "left_ear": {"y": 71.875, "x": 145.75, "score": 0.1472179144620895}, "left_elbow": {"y": 67.625, "x": 141.5, "score": 0.2074274122714996}, "right_shoulder": {"y": 114.375, "x": 158.5, "score": 0.5869064331054688}, "right_ankle": {"y": 61.25, "x": 173.375, "score": 0.02376201376318932}, "right_knee": {"y": 86.75, "x": 220.125, "score": 0.04912108927965164}, "right_wrist": {"y": 108.0, "x": 194.625, "score": 0.3253065049648285}}, "location": {"height": 76.47843933105469, "width": 113.1067504882812, "top": 53.1163444519043, "score": 0.1362460553646088, "left": 111.6137390136719}}, {"body_parts": {"left_hip": {"y": 167.6875, "x": 381.1875, "score": 0.4376059770584106}, "top_head": {"y": 252.0625, "x": 437.4375, "score": 0.6364474296569824}, "right_mouth_corner": {"y": 235.1875, "x": 409.3125, "score": 0.5370146036148071}, "neck": {"y": 212.6875, "x": 420.5625, "score": 0.6598549485206604}, "left_shoulder": {"y": 209.875, "x": 445.875, "score": 0.5095407962799072}, "left_knee": {"y": 164.875, "x": 358.6875, "score": 0.6120618581771851}, "left_ankle": {"y": 156.4375, "x": 344.625, "score": 0.5000037550926208}, "left_mouth_corner": {"y": 232.375, "x": 406.5, "score": 0.5158655643463135}, "right_elbow": {"y": 193.0, "x": 367.125, "score": 0.2107674181461334}, "right_ear": {"y": 223.9375, "x": 423.375, "score": 0.5168783068656921}, "nose": {"y": 235.1875, "x": 409.3125, "score": 0.718024730682373}, "left_eye": {"y": 238.0, "x": 414.9375, "score": 0.570829451084137}, "right_eye": {"y": 235.1875, "x": 412.125, "score": 0.5951914191246033}, "right_hip": {"y": 170.5, "x": 372.75, "score": 0.3944153189659119}, "left_wrist": {"y": 215.5, "x": 448.6875, "score": 0.1796579957008362}, "left_ear": {"y": 226.75, "x": 431.8125, "score": 0.3425640761852264}, "left_elbow": {"y": 181.75, "x": 434.625, "score": 0.5896286964416504}, "right_shoulder": {"y": 209.875, "x": 398.0625, "score": 0.6034244894981384}, "right_ankle": {"y": 153.625, "x": 341.8125, "score": 0.5759614109992981}, "right_knee": {"y": 170.5, "x": 341.8125, "score": 0.3764896094799042}, "right_wrist": {"y": 187.375, "x": 350.25, "score": 0.3466755747795105}}, "location": {"height": 119.9313735961914, "width": 149.7894897460938, "top": 147.6624450683594, "score": 0.04341012611985207, "left": 309.8267822265625}}, {"body_parts": {"left_hip": {"y": 113.375, "x": 242.5, "score": 0.4568988382816315}, "top_head": {"y": 72.125, "x": 125.625, "score": 0.8027265071868896}, "right_mouth_corner": {"y": 85.875, "x": 153.125, "score": 0.7458257675170898}, "neck": {"y": 92.75, "x": 153.125, "score": 0.7328264117240906}, "left_shoulder": {"y": 79.0, "x": 166.875, "score": 0.6416550874710083}, "left_knee": {"y": 147.75, "x": 311.25, "score": 0.3049454391002655}, "left_ankle": {"y": 195.875, "x": 407.5, "score": 0.2677412033081055}, "left_mouth_corner": {"y": 79.0, "x": 160.0, "score": 0.7751612663269043}, "right_elbow": {"y": 120.25, "x": 187.5, "score": 0.5951762199401855}, "right_ear": {"y": 99.625, "x": 132.5, "score": 0.755510687828064}, "nose": {"y": 79.0, "x": 153.125, "score": 0.778289258480072}, "left_eye": {"y": 72.125, "x": 153.125, "score": 0.7706319689750671}, "right_eye": {"y": 79.0, "x": 146.25, "score": 0.7520526647567749}, "right_hip": {"y": 134.0, "x": 242.5, "score": 0.5114206075668335}, "left_wrist": {"y": 58.375, "x": 187.5, "score": 0.7173267006874084}, "left_ear": {"y": 65.25, "x": 153.125, "score": 0.634638786315918}, "left_elbow": {"y": 65.25, "x": 173.75, "score": 0.4108976125717163}, "right_shoulder": {"y": 120.25, "x": 160.0, "score": 0.6797968745231628}, "right_ankle": {"y": 202.75, "x": 400.625, "score": 0.3168508112430573}, "right_knee": {"y": 161.5, "x": 311.25, "score": 0.3526206016540527}, "right_wrist": {"y": 85.875, "x": 201.25, "score": 0.4524891376495361}}, "location": {"height": 260.4850158691406, "width": 366.2729797363281, "top": 7.843963623046875, "score": 0.00872067455202341, "left": 98.73988342285156}}], "log_id": 7464960504168729985}