{"person_num": 2, "person_info": [{"body_parts": {"left_hip": {"y": 44.9375, "x": 310.25, "score": 0.09830067306756973}, "top_head": {"y": 187.4375, "x": 443.84375, "score": 0.069431371986866}, "right_mouth_corner": {"y": 18.21875, "x": 363.6875, "score": 0.04296638816595078}, "neck": {"y": 178.53125, "x": 345.875, "score": 0.04602710157632828}, "left_shoulder": {"y": 18.21875, "x": 461.65625, "score": 0.07185685634613037}, "left_knee": {"y": 116.1875, "x": 167.75, "score": 0.07475963979959488}, "left_ankle": {"y": 178.53125, "x": 408.21875, "score": 0.2708817720413208}, "left_mouth_corner": {"y": 18.21875, "x": 363.6875, "score": 0.04654846712946892}, "right_elbow": {"y": 9.3125, "x": 381.5, "score": 0.4136977195739746}, "right_ear": {"y": 169.625, "x": 345.875, "score": 0.09295088797807693}, "nose": {"y": 0.40625, "x": 0, "score": 0.07624644041061401}, "left_eye": {"y": 18.21875, "x": 354.78125, "score": 0.0975341796875}, "right_eye": {"y": 125.09375, "x": 132.125, "score": 0.1288067549467087}, "right_hip": {"y": 125.09375, "x": 158.84375, "score": 0.06256777048110962}, "left_wrist": {"y": 9.3125, "x": 381.5, "score": 0.3091371357440948}, "left_ear": {"y": 9.3125, "x": 363.6875, "score": 0.1263279318809509}, "left_elbow": {"y": 9.3125, "x": 390.40625, "score": 0.547340989112854}, "right_shoulder": {"y": 27.125, "x": 34.15625, "score": 0.1568161696195602}, "right_ankle": {"y": 187.4375, "x": 408.21875, "score": 0.3077469170093536}, "right_knee": {"y": 142.90625, "x": 292.4375, "score": 0.09921739995479584}, "right_wrist": {"y": 9.3125, "x": 390.40625, "score": 0.0536799393594265}}, "location": {"height": 269.0, "width": 473.1482543945312, "top": 0.0, "score": 0.01974606513977051, "left": 5.85174560546875}}, {"body_parts": {"left_hip": {"y": 134.0, "x": 467.375, "score": 0.07448851317167282}, "top_head": {"y": 230.1875, "x": 462.3125, "score": 0.05233772471547127}, "right_mouth_corner": {"y": 37.8125, "x": 480, "score": 0.02707695215940475}, "neck": {"y": 199.8125, "x": 411.6875, "score": 0.05430338531732559}, "left_shoulder": {"y": 17.5625, "x": 467.375, "score": 0.1060992032289505}, "left_knee": {"y": 7.4375, "x": 381.3125, "score": 0.1790687590837479}, "left_ankle": {"y": 189.6875, "x": 416.75, "score": 0.1765181869268417}, "left_mouth_corner": {"y": 37.8125, "x": 480, "score": 0.05018334463238716}, "right_elbow": {"y": 17.5625, "x": 269.9375, "score": 0.08583206683397293}, "right_ear": {"y": 12.5, "x": 477.5, "score": 0.03317365795373917}, "nose": {"y": 32.75, "x": 411.6875, "score": 0.05428392440080643}, "left_eye": {"y": 27.6875, "x": 411.6875, "score": 0.05468820780515671}, "right_eye": {"y": 27.6875, "x": 411.6875, "score": 0.05144033953547478}, "right_hip": {"y": 128.9375, "x": 457.25, "score": 0.0685938224196434}, "left_wrist": {"y": 225.125, "x": 442.0625, "score": 0.02502905577421188}, "left_ear": {"y": 32.75, "x": 462.3125, "score": 0.02144551835954189}, "left_elbow": {"y": 225.125, "x": 437.0, "score": 0.05405484139919281}, "right_shoulder": {"y": 12.5, "x": 472.4375, "score": 0.2741761803627014}, "right_ankle": {"y": 189.6875, "x": 416.75, "score": 0.09573957324028015}, "right_knee": {"y": 12.5, "x": 376.25, "score": 0.2516776025295258}, "right_wrist": {"y": 230.1875, "x": 437.0, "score": 0.02452946081757545}}, "location": {"height": 268.7643127441406, "width": 164.7825012207031, "top": 0.235687255859375, "score": 0.01213922817260027, "left": 314.2174682617188}}], "log_id": 7520404066116791585}