{"person_num": 2, "person_info": [{"body_parts": {"left_hip": {"y": 129.03125, "x": 331.4375, "score": 0.08678069710731506}, "top_head": {"y": 140.1875, "x": 372.875, "score": 0.2915337383747101}, "right_mouth_corner": {"y": 132.21875, "x": 348.96875, "score": 0.2376587688922882}, "neck": {"y": 152.9375, "x": 345.78125, "score": 0.3624767661094666}, "left_shoulder": {"y": 146.5625, "x": 331.4375, "score": 0.2938497960567474}, "left_knee": {"y": 124.25, "x": 323.46875, "score": 0.08154268562793732}, "left_ankle": {"y": 135.40625, "x": 309.125, "score": 0.1055885255336761}, "left_mouth_corner": {"y": 129.03125, "x": 350.5625, "score": 0.1945503801107407}, "right_elbow": {"y": 140.1875, "x": 355.34375, "score": 0.3259309232234955}, "right_ear": {"y": 165.6875, "x": 364.90625, "score": 0.1838608831167221}, "nose": {"y": 130.625, "x": 350.5625, "score": 0.4109439849853516}, "left_eye": {"y": 130.625, "x": 352.15625, "score": 0.4422408044338226}, "right_eye": {"y": 130.625, "x": 352.15625, "score": 0.3827661275863647}, "right_hip": {"y": 132.21875, "x": 339.40625, "score": 0.1761343628168106}, "left_wrist": {"y": 119.46875, "x": 342.59375, "score": 0.7972435355186462}, "left_ear": {"y": 141.78125, "x": 347.375, "score": 0.1861871033906937}, "left_elbow": {"y": 117.875, "x": 318.6875, "score": 0.2717176079750061}, "right_shoulder": {"y": 159.3125, "x": 363.3125, "score": 0.2291104346513748}, "right_ankle": {"y": 137.0, "x": 310.71875, "score": 0.09707313776016235}, "right_knee": {"y": 138.59375, "x": 353.75, "score": 0.05488516017794609}, "right_wrist": {"y": 124.25, "x": 355.34375, "score": 0.6427562236785889}}, "location": {"height": 60.05063247680664, "width": 83.90290069580078, "top": 107.3684692382812, "score": 0.05256541445851326, "left": 299.3977355957031}}, {"body_parts": {"left_hip": {"y": 119.375, "x": 316.375, "score": 0.05911538004875183}, "top_head": {"y": 119.375, "x": 331.0, "score": 0.1144405752420425}, "right_mouth_corner": {"y": 134.0, "x": 316.375, "score": 0.2027380466461182}, "neck": {"y": 126.6875, "x": 309.0625, "score": 0.09901724010705948}, "left_shoulder": {"y": 126.6875, "x": 301.75, "score": 0.05743616819381714}, "left_knee": {"y": 112.0625, "x": 140.875, "score": 0.04247213527560234}, "left_ankle": {"y": 251.0, "x": 382.1875, "score": 0.07318875938653946}, "left_mouth_corner": {"y": 126.6875, "x": 331.0, "score": 0.1896076947450638}, "right_elbow": {"y": 104.75, "x": 374.875, "score": 0.1159358024597168}, "right_ear": {"y": 126.6875, "x": 309.0625, "score": 0.1773580461740494}, "nose": {"y": 134.0, "x": 316.375, "score": 0.1898903995752335}, "left_eye": {"y": 134.0, "x": 323.6875, "score": 0.1489289700984955}, "right_eye": {"y": 126.6875, "x": 316.375, "score": 0.1854403465986252}, "right_hip": {"y": 119.375, "x": 294.4375, "score": 0.09529295563697815}, "left_wrist": {"y": 141.3125, "x": 345.625, "score": 0.1930747032165527}, "left_ear": {"y": 126.6875, "x": 331.0, "score": 0.06918331235647202}, "left_elbow": {"y": 119.375, "x": 360.25, "score": 0.1333987563848495}, "right_shoulder": {"y": 119.375, "x": 301.75, "score": 0.1130881309509277}, "right_ankle": {"y": 251.0, "x": 374.875, "score": 0.07489746809005737}, "right_knee": {"y": 126.6875, "x": 140.875, "score": 0.04857901111245155}, "right_wrist": {"y": 119.375, "x": 338.3125, "score": 0.1185931339859962}}, "location": {"height": 269.0, "width": 390.4238891601562, "top": 0.0, "score": 0.006602364126592875, "left": 0.0}}], "log_id": 2099526555361193697}