{"person_num": 1, "person_info": [{"body_parts": {"left_hip": {"y": 102.5, "x": 346.0, "score": 0.446403980255127}, "top_head": {"y": 80.0, "x": 401.0, "score": 0.6120911836624146}, "right_mouth_corner": {"y": 87.5, "x": 371.0, "score": 0.3853149116039276}, "neck": {"y": 95.0, "x": 388.5, "score": 0.4327437281608582}, "left_shoulder": {"y": 112.5, "x": 371.0, "score": 0.4607166647911072}, "left_knee": {"y": 100.0, "x": 321.0, "score": 0.4646138548851013}, "left_ankle": {"y": 112.5, "x": 311.0, "score": 0.6252003312110901}, "left_mouth_corner": {"y": 90.0, "x": 373.5, "score": 0.4490281045436859}, "right_elbow": {"y": 75.0, "x": 381.0, "score": 0.440894603729248}, "right_ear": {"y": 75.0, "x": 383.5, "score": 0.3446109890937805}, "nose": {"y": 87.5, "x": 373.5, "score": 0.7082951068878174}, "left_eye": {"y": 90.0, "x": 381.0, "score": 0.7546829581260681}, "right_eye": {"y": 82.5, "x": 378.5, "score": 0.6336535215377808}, "right_hip": {"y": 87.5, "x": 358.5, "score": 0.3082221746444702}, "left_wrist": {"y": 102.5, "x": 331.0, "score": 0.6134459376335144}, "left_ear": {"y": 102.5, "x": 388.5, "score": 0.6629583835601807}, "left_elbow": {"y": 127.5, "x": 346.0, "score": 0.7027026414871216}, "right_shoulder": {"y": 82.5, "x": 391.0, "score": 0.1780799627304077}, "right_ankle": {"y": 70.0, "x": 371.0, "score": 0.2616575956344604}, "right_knee": {"y": 100.0, "x": 316.0, "score": 0.1585203558206558}, "right_wrist": {"y": 67.5, "x": 371.0, "score": 0.6068661212921143}}, "location": {"height": 82.86668395996094, "width": 132.9939575195312, "top": 54.69386672973633, "score": 0.794377863407135, "left": 290.8053588867188}}], "log_id": 4709073246161756129}