{"person_num": 2, "person_info": [{"body_parts": {"left_hip": {"y": 107.1875, "x": 252.90625, "score": 0.1142894476652145}, "top_head": {"y": 114.21875, "x": 214.9375, "score": 0.3403381705284119}, "right_mouth_corner": {"y": 102.96875, "x": 221.96875, "score": 0.0183575414121151}, "neck": {"y": 107.1875, "x": 233.21875, "score": 0.2148260921239853}, "left_shoulder": {"y": 121.25, "x": 250.09375, "score": 0.08698126673698425}, "left_knee": {"y": 139.53125, "x": 251.5, "score": 0.07388689368963242}, "left_ankle": {"y": 131.09375, "x": 217.75, "score": 0.2707265317440033}, "left_mouth_corner": {"y": 136.71875, "x": 221.96875, "score": 0.05475166812539101}, "right_elbow": {"y": 81.875, "x": 236.03125, "score": 0.3274651765823364}, "right_ear": {"y": 104.375, "x": 229.0, "score": 0.185491606593132}, "nose": {"y": 135.3125, "x": 221.96875, "score": 0.1204651817679405}, "left_eye": {"y": 131.09375, "x": 223.375, "score": 0.0977889746427536}, "right_eye": {"y": 104.375, "x": 229.0, "score": 0.102285161614418}, "right_hip": {"y": 86.09375, "x": 234.625, "score": 0.1317402720451355}, "left_wrist": {"y": 118.4375, "x": 244.46875, "score": 0.06492142379283905}, "left_ear": {"y": 119.84375, "x": 236.03125, "score": 0.1624528765678406}, "left_elbow": {"y": 105.78125, "x": 261.34375, "score": 0.1173018962144852}, "right_shoulder": {"y": 90.3125, "x": 231.8125, "score": 0.1544271260499954}, "right_ankle": {"y": 131.09375, "x": 216.34375, "score": 0.1069070175290108}, "right_knee": {"y": 142.34375, "x": 252.90625, "score": 0.2564335763454437}, "right_wrist": {"y": 104.375, "x": 212.125, "score": 0.3100695908069611}}, "location": {"height": 74.6966323852539, "width": 74.23185729980469, "top": 73.94938659667969, "score": 0.4065230786800385, "left": 192.9800109863281}}, {"body_parts": {"left_hip": {"y": 159.15625, "x": 97.6875, "score": 0.03307174891233444}, "top_head": {"y": 93.75, "x": 218.4375, "score": 0.1009874418377876}, "right_mouth_corner": {"y": 93.75, "x": 213.40625, "score": 0.0921008363366127}, "neck": {"y": 108.84375, "x": 208.375, "score": 0.1197036728262901}, "left_shoulder": {"y": 28.34375, "x": 263.71875, "score": 0.03427653759717941}, "left_knee": {"y": 174.25, "x": 67.5, "score": 0.03438789770007133}, "left_ankle": {"y": 239.65625, "x": 27.25, "score": 0.06654824316501617}, "left_mouth_corner": {"y": 98.78125, "x": 213.40625, "score": 0.1177999675273895}, "right_elbow": {"y": 88.71875, "x": 122.84375, "score": 0.01941928826272488}, "right_ear": {"y": 93.75, "x": 213.40625, "score": 0.2193267047405243}, "nose": {"y": 98.78125, "x": 213.40625, "score": 0.1589972972869873}, "left_eye": {"y": 93.75, "x": 218.4375, "score": 0.1649933159351349}, "right_eye": {"y": 93.75, "x": 213.40625, "score": 0.1833088994026184}, "right_hip": {"y": 123.9375, "x": 117.8125, "score": 0.03718212991952896}, "left_wrist": {"y": 108.84375, "x": 233.53125, "score": 0.1345848739147186}, "left_ear": {"y": 93.75, "x": 218.4375, "score": 0.110237792134285}, "left_elbow": {"y": 134.0, "x": 248.625, "score": 0.1092586293816566}, "right_shoulder": {"y": 98.78125, "x": 188.25, "score": 0.05203245580196381}, "right_ankle": {"y": 239.65625, "x": 37.3125, "score": 0.07600325345993042}, "right_knee": {"y": 179.28125, "x": 67.5, "score": 0.05252829939126968}, "right_wrist": {"y": 108.84375, "x": 228.5, "score": 0.0533624030649662}}, "location": {"height": 267.6839294433594, "width": 268.238037109375, "top": 1.316070556640625, "score": 0.01257279701530933, "left": 2.523574829101562}}], "log_id": 8011111045288018337}