{"person_num": 2, "person_info": [{"body_parts": {"left_hip": {"y": 126.03125, "x": 95.90625, "score": 0.1896011531352997}, "top_head": {"y": 131.96875, "x": 6.84375, "score": 0.6695507168769836}, "right_mouth_corner": {"y": 146.8125, "x": 30.59375381469727, "score": 0.3653828799724579}, "neck": {"y": 131.96875, "x": 42.46875381469727, "score": 0.6658846139907837}, "left_shoulder": {"y": 149.78125, "x": 60.28125, "score": 0.5704381465911865}, "left_knee": {"y": 123.0625, "x": 104.8125, "score": 0.2739194631576538}, "left_ankle": {"y": 114.15625, "x": 134.5, "score": 0.6482202410697937}, "left_mouth_corner": {"y": 143.84375, "x": 33.56250381469727, "score": 0.3862821459770203}, "right_elbow": {"y": 105.25, "x": 78.09375, "score": 0.329323410987854}, "right_ear": {"y": 123.0625, "x": 27.62500381469727, "score": 0.4996739625930786}, "nose": {"y": 143.84375, "x": 27.62500381469727, "score": 0.5765818357467651}, "left_eye": {"y": 143.84375, "x": 27.62500381469727, "score": 0.5940222144126892}, "right_eye": {"y": 143.84375, "x": 24.65625381469727, "score": 0.5105770230293274}, "right_hip": {"y": 123.0625, "x": 87.0, "score": 0.2460603713989258}, "left_wrist": {"y": 155.71875, "x": 104.8125, "score": 0.2132908701896667}, "left_ear": {"y": 143.84375, "x": 27.62500381469727, "score": 0.6725656986236572}, "left_elbow": {"y": 155.71875, "x": 92.9375, "score": 0.1850118786096573}, "right_shoulder": {"y": 111.1875, "x": 48.40625, "score": 0.66845703125}, "right_ankle": {"y": 114.15625, "x": 128.5625, "score": 0.2606890201568604}, "right_knee": {"y": 126.03125, "x": 98.875, "score": 0.1315042674541473}, "right_wrist": {"y": 117.125, "x": 84.03125, "score": 0.1445335000753403}}, "location": {"height": 72.53345489501953, "width": 158.5311584472656, "top": 93.84333801269531, "score": 0.5352097749710083, "left": 0.0}}, {"body_parts": {"left_hip": {"y": 21.5, "x": 367.0625, "score": 0.1831018924713135}, "top_head": {"y": 2.75, "x": 402.21875, "score": 0.1287415325641632}, "right_mouth_corner": {"y": 5.09375, "x": 369.40625, "score": 0.05765799805521965}, "neck": {"y": 2.75, "x": 390.5, "score": 0.08729376643896103}, "left_shoulder": {"y": 5.09375, "x": 402.21875, "score": 0.1394311189651489}, "left_knee": {"y": 49.625, "x": 336.59375, "score": 0.2544609308242798}, "left_ankle": {"y": 51.96875, "x": 329.5625, "score": 0.2038075029850006}, "left_mouth_corner": {"y": 5.09375, "x": 369.40625, "score": 0.09241849184036255}, "right_elbow": {"y": 5.09375, "x": 315.5, "score": 0.09711964428424835}, "right_ear": {"y": 12.125, "x": 331.90625, "score": 0.1467302888631821}, "nose": {"y": 5.09375, "x": 369.40625, "score": 0.1255878955125809}, "left_eye": {"y": 5.09375, "x": 369.40625, "score": 0.0876137912273407}, "right_eye": {"y": 14.46875, "x": 334.25, "score": 0.1654215008020401}, "right_hip": {"y": 9.78125, "x": 345.96875, "score": 0.07410780340433121}, "left_wrist": {"y": 2.75, "x": 374.09375, "score": 0.1750084608793259}, "left_ear": {"y": 9.78125, "x": 343.625, "score": 0.1283864378929138}, "left_elbow": {"y": 7.4375, "x": 397.53125, "score": 0.1259619146585464}, "right_shoulder": {"y": 9.78125, "x": 404.5625, "score": 0.08125539869070053}, "right_ankle": {"y": 68.375, "x": 308.46875, "score": 0.7464830875396729}, "right_knee": {"y": 51.96875, "x": 329.5625, "score": 0.4780987501144409}, "right_wrist": {"y": 5.09375, "x": 336.59375, "score": 0.0454588495194912}}, "location": {"height": 89.00334167480469, "width": 124.9417266845703, "top": 0.6860122680664062, "score": 0.2843594551086426, "left": 291.9705505371094}}], "log_id": 7395078736036656129}