{"person_num": 3, "person_info": [{"body_parts": {"left_hip": {"y": 62.875, "x": 363.0, "score": 0.3775004148483276}, "top_head": {"y": 68.0, "x": 460.375, "score": 0.5085985660552979}, "right_mouth_corner": {"y": 50.0625, "x": 439.875, "score": 0.08393754065036774}, "neck": {"y": 70.5625, "x": 419.375, "score": 0.7541719079017639}, "left_shoulder": {"y": 50.0625, "x": 411.6875, "score": 0.703667402267456}, "left_knee": {"y": 27.0, "x": 414.25, "score": 0.07547646760940552}, "left_ankle": {"y": 1.375, "x": 416.8125, "score": 0.07254273444414139}, "left_mouth_corner": {"y": 50.0625, "x": 424.5, "score": 0.1382480263710022}, "right_elbow": {"y": 98.75, "x": 393.75, "score": 0.6112183332443237}, "right_ear": {"y": 83.375, "x": 434.75, "score": 0.5872299671173096}, "nose": {"y": 55.1875, "x": 442.4375, "score": 0.1949971616268158}, "left_eye": {"y": 57.75, "x": 445.0, "score": 0.3533883392810822}, "right_eye": {"y": 60.3125, "x": 445.0, "score": 0.1757994443178177}, "right_hip": {"y": 83.375, "x": 357.875, "score": 0.2384504079818726}, "left_wrist": {"y": 39.8125, "x": 455.25, "score": 0.809076726436615}, "left_ear": {"y": 60.3125, "x": 437.3125, "score": 0.3849105536937714}, "left_elbow": {"y": 24.4375, "x": 427.0625, "score": 0.8381131291389465}, "right_shoulder": {"y": 88.5, "x": 406.5625, "score": 0.4853739738464355}, "right_ankle": {"y": 83.375, "x": 357.875, "score": 0.1502695828676224}, "right_knee": {"y": 88.5, "x": 383.5, "score": 0.08943714201450348}, "right_wrist": {"y": 91.0625, "x": 424.5, "score": 0.8076751828193665}}, "location": {"height": 101.8534164428711, "width": 135.1169891357422, "top": 4.743785858154297, "score": 0.06635301560163498, "left": 343.8829956054688}}, {"body_parts": {"left_hip": {"y": 89.0, "x": 384.0, "score": 0.4622874557971954}, "top_head": {"y": 74.0, "x": 434.0, "score": 0.2193396091461182}, "right_mouth_corner": {"y": 69.0, "x": 414.0, "score": 0.07365431636571884}, "neck": {"y": 59.0, "x": 409.0, "score": 0.1785817891359329}, "left_shoulder": {"y": 54.0, "x": 409.0, "score": 0.2103487998247147}, "left_knee": {"y": 79.0, "x": 404.0, "score": 0.2329739183187485}, "left_ankle": {"y": 84.0, "x": 419.0, "score": 0.3311042189598083}, "left_mouth_corner": {"y": 24.0, "x": 364.0, "score": 0.0704752504825592}, "right_elbow": {"y": 24.0, "x": 429.0, "score": 0.3966430723667145}, "right_ear": {"y": 74.0, "x": 434.0, "score": 0.1613379865884781}, "nose": {"y": 59.0, "x": 414.0, "score": 0.05818520113825798}, "left_eye": {"y": 69.0, "x": 429.0, "score": 0.1073674932122231}, "right_eye": {"y": 69.0, "x": 434.0, "score": 0.1195096671581268}, "right_hip": {"y": 69.0, "x": 369.0, "score": 0.3073804974555969}, "left_wrist": {"y": 39.0, "x": 454.0, "score": 0.7808766961097717}, "left_ear": {"y": 49.0, "x": 429.0, "score": 0.1140566244721413}, "left_elbow": {"y": 24.0, "x": 429.0, "score": 0.5719290971755981}, "right_shoulder": {"y": 59.0, "x": 409.0, "score": 0.2440464794635773}, "right_ankle": {"y": 29.0, "x": 384.0, "score": 0.2623820006847382}, "right_knee": {"y": 34.0, "x": 414.0, "score": 0.2434726655483246}, "right_wrist": {"y": 39.0, "x": 454.0, "score": 0.3690666556358337}}, "location": {"height": 266.6766967773438, "width": 137.2836456298828, "top": 1.875579833984375, "score": 0.01582127250730991, "left": 341.7163391113281}}, {"body_parts": {"left_hip": {"y": 116.1875, "x": 363.6875, "score": 0.09193570166826248}, "top_head": {"y": 9.3125, "x": 452.75, "score": 0.1450749635696411}, "right_mouth_corner": {"y": 27.125, "x": 470.5625, "score": 0.1610778868198395}, "neck": {"y": 9.3125, "x": 434.9375, "score": 0.203312411904335}, "left_shoulder": {"y": 18.21875, "x": 452.75, "score": 0.2091286033391953}, "left_knee": {"y": 116.1875, "x": 167.75, "score": 0.08348376303911209}, "left_ankle": {"y": 89.46875, "x": 381.5, "score": 0.06444697827100754}, "left_mouth_corner": {"y": 27.125, "x": 479.46875, "score": 0.1616935729980469}, "right_elbow": {"y": 71.65625, "x": 372.59375, "score": 0.2691275477409363}, "right_ear": {"y": 36.03125, "x": 426.03125, "score": 0.1395944654941559}, "nose": {"y": 27.125, "x": 470.5625, "score": 0.2208268642425537}, "left_eye": {"y": 18.21875, "x": 461.65625, "score": 0.2536137700080872}, "right_eye": {"y": 18.21875, "x": 461.65625, "score": 0.2980541884899139}, "right_hip": {"y": 89.46875, "x": 363.6875, "score": 0.07644672691822052}, "left_wrist": {"y": 44.9375, "x": 390.40625, "score": 0.2296495139598846}, "left_ear": {"y": 9.3125, "x": 470.5625, "score": 0.1600742340087891}, "left_elbow": {"y": 80.5625, "x": 372.59375, "score": 0.2607435584068298}, "right_shoulder": {"y": 18.21875, "x": 434.9375, "score": 0.2494582831859589}, "right_ankle": {"y": 240.875, "x": 372.59375, "score": 0.07032766938209534}, "right_knee": {"y": 116.1875, "x": 158.84375, "score": 0.08116688579320908}, "right_wrist": {"y": 53.84375, "x": 399.3125, "score": 0.1525557190179825}}, "location": {"height": 269.0, "width": 474.1139221191406, "top": 0.0, "score": 0.01360478717833757, "left": 4.886062622070312}}], "log_id": 8670268283616065953}