{"person_num": 2, "person_info": [{"body_parts": {"left_hip": {"y": 136.0, "x": 206.625, "score": 0.3104864060878754}, "top_head": {"y": 191.6875, "x": 162.75, "score": 0.2030865103006363}, "right_mouth_corner": {"y": 195.0625, "x": 171.1875, "score": 0.01763098873198032}, "neck": {"y": 161.3125, "x": 186.375, "score": 0.2708576619625092}, "left_shoulder": {"y": 169.75, "x": 206.625, "score": 0.493475079536438}, "left_knee": {"y": 163.0, "x": 208.3125, "score": 0.1400856375694275}, "left_ankle": {"y": 146.125, "x": 230.25, "score": 0.5688604712486267}, "left_mouth_corner": {"y": 198.4375, "x": 181.3125, "score": 0.06781976670026779}, "right_elbow": {"y": 176.5, "x": 159.375, "score": 0.04518294334411621}, "right_ear": {"y": 152.875, "x": 181.3125, "score": 0.1288255453109741}, "nose": {"y": 193.375, "x": 179.625, "score": 0.164278656244278}, "left_eye": {"y": 193.375, "x": 179.625, "score": 0.2471858561038971}, "right_eye": {"y": 193.375, "x": 177.9375, "score": 0.1039967983961105}, "right_hip": {"y": 134.3125, "x": 186.375, "score": 0.2872905135154724}, "left_wrist": {"y": 201.8125, "x": 181.3125, "score": 0.7901430726051331}, "left_ear": {"y": 186.625, "x": 183.0, "score": 0.3226771056652069}, "left_elbow": {"y": 205.1875, "x": 203.25, "score": 0.735734224319458}, "right_shoulder": {"y": 139.375, "x": 169.5, "score": 0.08482325077056885}, "right_ankle": {"y": 146.125, "x": 235.3125, "score": 0.1886853873729706}, "right_knee": {"y": 134.3125, "x": 162.75, "score": 0.1710276305675507}, "right_wrist": {"y": 184.9375, "x": 159.375, "score": 0.09886376559734344}}, "location": {"height": 89.5804443359375, "width": 83.95169830322266, "top": 118.5946502685547, "score": 0.06823092699050903, "left": 141.6437683105469}}, {"body_parts": {"left_hip": {"y": 179.5625, "x": 146.0, "score": 0.08154385536909103}, "top_head": {"y": 174.5, "x": 176.375, "score": 0.4162847399711609}, "right_mouth_corner": {"y": 169.4375, "x": 146.0, "score": 0.1723039746284485}, "neck": {"y": 149.1875, "x": 171.3125, "score": 0.4181038737297058}, "left_shoulder": {"y": 159.3125, "x": 206.75, "score": 0.3491295278072357}, "left_knee": {"y": 199.8125, "x": 196.625, "score": 0.103931799530983}, "left_ankle": {"y": 144.125, "x": 216.875, "score": 0.1551556587219238}, "left_mouth_corner": {"y": 164.375, "x": 146.0, "score": 0.1645914614200592}, "right_elbow": {"y": 174.5, "x": 176.375, "score": 0.1560021340847015}, "right_ear": {"y": 159.3125, "x": 161.1875, "score": 0.4306321144104004}, "nose": {"y": 174.5, "x": 156.125, "score": 0.2411160171031952}, "left_eye": {"y": 174.5, "x": 161.1875, "score": 0.1908559650182724}, "right_eye": {"y": 174.5, "x": 161.1875, "score": 0.3293564319610596}, "right_hip": {"y": 164.375, "x": 130.8125, "score": 0.1370314657688141}, "left_wrist": {"y": 199.8125, "x": 201.6875, "score": 0.734704852104187}, "left_ear": {"y": 169.4375, "x": 181.4375, "score": 0.2872100472450256}, "left_elbow": {"y": 199.8125, "x": 201.6875, "score": 0.3972573280334473}, "right_shoulder": {"y": 144.125, "x": 146.0, "score": 0.4619052708148956}, "right_ankle": {"y": 144.125, "x": 216.875, "score": 0.1211996152997017}, "right_knee": {"y": 189.6875, "x": 181.4375, "score": 0.1124469339847565}, "right_wrist": {"y": 189.6875, "x": 171.3125, "score": 0.3130835890769958}}, "location": {"height": 269.0, "width": 258.0617370605469, "top": 0.0, "score": 0.00887921079993248, "left": 1.114974975585938}}], "log_id": 6431750428627657217}