{"person_num": 1, "person_info": [{"body_parts": {"left_hip": {"y": 176.34375, "x": 162.78125, "score": 0.2175132632255554}, "top_head": {"y": 142.46875, "x": 188.1875, "score": 0.3512699902057648}, "right_mouth_corner": {"y": 159.40625, "x": 137.375, "score": 0.1067032665014267}, "neck": {"y": 142.46875, "x": 179.71875, "score": 0.5493512749671936}, "left_shoulder": {"y": 142.46875, "x": 179.71875, "score": 0.4130283296108246}, "left_knee": {"y": 218.6875, "x": 323.6875, "score": 0.1191601306200027}, "left_ankle": {"y": 244.09375, "x": 366.03125, "score": 0.108107753098011}, "left_mouth_corner": {"y": 150.9375, "x": 145.84375, "score": 0.1047157794237137}, "right_elbow": {"y": 142.46875, "x": 230.53125, "score": 0.2004704177379608}, "right_ear": {"y": 142.46875, "x": 171.25, "score": 0.447501540184021}, "nose": {"y": 150.9375, "x": 145.84375, "score": 0.122185193002224}, "left_eye": {"y": 134.0, "x": 162.78125, "score": 0.1432272344827652}, "right_eye": {"y": 150.9375, "x": 162.78125, "score": 0.1352635025978088}, "right_hip": {"y": 176.34375, "x": 179.71875, "score": 0.1864126473665237}, "left_wrist": {"y": 176.34375, "x": 145.84375, "score": 0.1639991849660873}, "left_ear": {"y": 142.46875, "x": 162.78125, "score": 0.3406358957290649}, "left_elbow": {"y": 150.9375, "x": 145.84375, "score": 0.1583867371082306}, "right_shoulder": {"y": 142.46875, "x": 179.71875, "score": 0.3675148487091064}, "right_ankle": {"y": 244.09375, "x": 357.5625, "score": 0.1172173619270325}, "right_knee": {"y": 193.28125, "x": 162.78125, "score": 0.1073580905795097}, "right_wrist": {"y": 142.46875, "x": 213.59375, "score": 0.2032135725021362}}, "location": {"height": 269.0, "width": 451.4501342773438, "top": 0.0, "score": 0.006142896600067616, "left": 0.0}}], "log_id": 8852520525587380961}