{"person_num": 4, "person_info": [{"body_parts": {"left_hip": {"y": 191.375, "x": 179.4375, "score": 0.07263555377721786}, "top_head": {"y": 214.8125, "x": 104.4375, "score": 0.4302870631217957}, "right_mouth_corner": {"y": 186.6875, "x": 137.25, "score": 0.2163426429033279}, "neck": {"y": 200.75, "x": 151.3125, "score": 0.3904827535152435}, "left_shoulder": {"y": 221.84375, "x": 151.3125, "score": 0.3442975282669067}, "left_knee": {"y": 174.96875, "x": 191.15625, "score": 0.4290405809879303}, "left_ankle": {"y": 146.84375, "x": 205.21875, "score": 0.4417271018028259}, "left_mouth_corner": {"y": 189.03125, "x": 137.25, "score": 0.1728111356496811}, "right_elbow": {"y": 149.1875, "x": 170.0625, "score": 0.8054460883140564}, "right_ear": {"y": 186.6875, "x": 139.59375, "score": 0.3179382383823395}, "nose": {"y": 184.34375, "x": 130.21875, "score": 0.2174937725067139}, "left_eye": {"y": 189.03125, "x": 130.21875, "score": 0.2725107669830322}, "right_eye": {"y": 186.6875, "x": 134.90625, "score": 0.2858925759792328}, "right_hip": {"y": 165.59375, "x": 184.125, "score": 0.2367538511753082}, "left_wrist": {"y": 172.625, "x": 160.6875, "score": 0.07398232817649841}, "left_ear": {"y": 212.46875, "x": 144.28125, "score": 0.1315666884183884}, "left_elbow": {"y": 233.5625, "x": 139.59375, "score": 0.09484365582466125}, "right_shoulder": {"y": 182.0, "x": 163.03125, "score": 0.4161705076694489}, "right_ankle": {"y": 149.1875, "x": 200.53125, "score": 0.2756467759609222}, "right_knee": {"y": 153.875, "x": 191.15625, "score": 0.310436874628067}, "right_wrist": {"y": 165.59375, "x": 148.96875, "score": 0.3712023198604584}}, "location": {"height": 102.0286026000977, "width": 123.9353637695312, "top": 131.068359375, "score": 0.1421530246734619, "left": 94.62763977050781}}, {"body_parts": {"left_hip": {"y": 152.875, "x": 141.4375, "score": 0.3359777927398682}, "top_head": {"y": 214.21875, "x": 117.84375, "score": 0.4106693267822266}, "right_mouth_corner": {"y": 190.625, "x": 117.84375, "score": 0.07986710965633392}, "neck": {"y": 190.625, "x": 146.15625, "score": 0.2478950619697571}, "left_shoulder": {"y": 181.1875, "x": 183.90625, "score": 0.2596103549003601}, "left_knee": {"y": 185.90625, "x": 89.53125, "score": 0.1911941170692444}, "left_ankle": {"y": 143.4375, "x": 198.0625, "score": 0.125628799200058}, "left_mouth_corner": {"y": 148.15625, "x": 198.0625, "score": 0.0423986129462719}, "right_elbow": {"y": 167.03125, "x": 188.625, "score": 0.345405250787735}, "right_ear": {"y": 190.625, "x": 136.71875, "score": 0.0791107788681984}, "nose": {"y": 190.625, "x": 117.84375, "score": 0.1506815999746323}, "left_eye": {"y": 190.625, "x": 117.84375, "score": 0.1467449516057968}, "right_eye": {"y": 190.625, "x": 117.84375, "score": 0.1482075899839401}, "right_hip": {"y": 152.875, "x": 141.4375, "score": 0.3735460340976715}, "left_wrist": {"y": 148.15625, "x": 198.0625, "score": 0.6821923851966858}, "left_ear": {"y": 209.5, "x": 150.875, "score": 0.157629132270813}, "left_elbow": {"y": 162.3125, "x": 188.625, "score": 0.4098657071590424}, "right_shoulder": {"y": 181.1875, "x": 179.1875, "score": 0.09296612441539764}, "right_ankle": {"y": 152.875, "x": 165.03125, "score": 0.0628296285867691}, "right_knee": {"y": 181.1875, "x": 84.8125, "score": 0.1603424400091171}, "right_wrist": {"y": 148.15625, "x": 198.0625, "score": 0.4594466388225555}}, "location": {"height": 252.6062774658203, "width": 226.6446990966797, "top": 0.0, "score": 0.0138114532455802, "left": 0.645050048828125}}, {"body_parts": {"left_hip": {"y": 172.9375, "x": 188.875, "score": 0.2362111210823059}, "top_head": {"y": 216.25, "x": 110.125, "score": 0.5191476345062256}, "right_mouth_corner": {"y": 184.75, "x": 129.8125, "score": 0.1459933966398239}, "neck": {"y": 192.625, "x": 145.5625, "score": 0.4145186543464661}, "left_shoulder": {"y": 212.3125, "x": 165.25, "score": 0.4785387814044952}, "left_knee": {"y": 192.625, "x": 82.5625, "score": 0.125145360827446}, "left_ankle": {"y": 149.3125, "x": 196.75, "score": 0.5106066465377808}, "left_mouth_corner": {"y": 184.75, "x": 129.8125, "score": 0.08865414559841156}, "right_elbow": {"y": 149.3125, "x": 165.25, "score": 0.4260724484920502}, "right_ear": {"y": 196.5625, "x": 118.0, "score": 0.3154012560844421}, "nose": {"y": 184.75, "x": 121.9375, "score": 0.1081418395042419}, "left_eye": {"y": 192.625, "x": 121.9375, "score": 0.06404045224189758}, "right_eye": {"y": 188.6875, "x": 121.9375, "score": 0.108973391354084}, "right_hip": {"y": 165.0625, "x": 173.125, "score": 0.3173503279685974}, "left_wrist": {"y": 149.3125, "x": 196.75, "score": 0.2259475886821747}, "left_ear": {"y": 220.1875, "x": 137.6875, "score": 0.2821491956710815}, "left_elbow": {"y": 157.1875, "x": 192.8125, "score": 0.4111408889293671}, "right_shoulder": {"y": 172.9375, "x": 157.375, "score": 0.2180925309658051}, "right_ankle": {"y": 153.25, "x": 188.875, "score": 0.3339987993240356}, "right_knee": {"y": 157.1875, "x": 173.125, "score": 0.1775281131267548}, "right_wrist": {"y": 165.0625, "x": 149.5, "score": 0.1844260990619659}}, "location": {"height": 130.6672973632812, "width": 210.0645294189453, "top": 131.6969299316406, "score": 0.0133967911824584, "left": 5.032127380371094}}, {"body_parts": {"left_hip": {"y": 217.75, "x": 121.75, "score": 0.06090706959366798}, "top_head": {"y": 159.125, "x": 155.25, "score": 0.396135002374649}, "right_mouth_corner": {"y": 175.875, "x": 130.125, "score": 0.4207803905010223}, "neck": {"y": 175.875, "x": 146.875, "score": 0.5333924889564514}, "left_shoulder": {"y": 175.875, "x": 146.875, "score": 0.2804376780986786}, "left_knee": {"y": 217.75, "x": 322.75, "score": 0.1076565235853195}, "left_ankle": {"y": 242.875, "x": 71.5, "score": 0.1334403902292252}, "left_mouth_corner": {"y": 175.875, "x": 138.5, "score": 0.4456258714199066}, "right_elbow": {"y": 150.75, "x": 188.75, "score": 0.4502350091934204}, "right_ear": {"y": 175.875, "x": 138.5, "score": 0.3937355279922485}, "nose": {"y": 167.5, "x": 130.125, "score": 0.5213590860366821}, "left_eye": {"y": 167.5, "x": 130.125, "score": 0.4950818419456482}, "right_eye": {"y": 167.5, "x": 130.125, "score": 0.3836457133293152}, "right_hip": {"y": 209.375, "x": 155.25, "score": 0.06138576567173004}, "left_wrist": {"y": 159.125, "x": 180.375, "score": 0.3213784098625183}, "left_ear": {"y": 167.5, "x": 146.875, "score": 0.5349718332290649}, "left_elbow": {"y": 159.125, "x": 130.125, "score": 0.3923498094081879}, "right_shoulder": {"y": 167.5, "x": 163.625, "score": 0.3670141696929932}, "right_ankle": {"y": 251.25, "x": 356.25, "score": 0.1090680733323097}, "right_knee": {"y": 242.875, "x": 331.125, "score": 0.1407371908426285}, "right_wrist": {"y": 150.75, "x": 188.75, "score": 0.5334446430206299}}, "location": {"height": 269.0, "width": 447.1047058105469, "top": 0.0, "score": 0.007489530369639397, "left": 27.26432800292969}}], "log_id": 8682885019862798049}