{"person_num": 4, "person_info": [{"body_parts": {"left_hip": {"y": 182.34375, "x": 178.4375, "score": 0.07240364700555801}, "top_head": {"y": 210.46875, "x": 105.78125, "score": 0.4031736254692078}, "right_mouth_corner": {"y": 184.6875, "x": 136.25, "score": 0.08454643934965134}, "neck": {"y": 198.75, "x": 152.65625, "score": 0.555219829082489}, "left_shoulder": {"y": 219.84375, "x": 147.96875, "score": 0.4336475431919098}, "left_knee": {"y": 156.5625, "x": 190.15625, "score": 0.139549121260643}, "left_ankle": {"y": 144.84375, "x": 206.5625, "score": 0.4073319435119629}, "left_mouth_corner": {"y": 180.0, "x": 124.53125, "score": 0.08572056889533997}, "right_elbow": {"y": 147.1875, "x": 171.40625, "score": 0.7555444836616516}, "right_ear": {"y": 184.6875, "x": 133.90625, "score": 0.3848777115345001}, "nose": {"y": 182.34375, "x": 129.21875, "score": 0.2145799845457077}, "left_eye": {"y": 184.6875, "x": 129.21875, "score": 0.154266431927681}, "right_eye": {"y": 184.6875, "x": 129.21875, "score": 0.3122327625751495}, "right_hip": {"y": 163.59375, "x": 185.46875, "score": 0.3020119667053223}, "left_wrist": {"y": 236.25, "x": 143.28125, "score": 0.05565927922725677}, "left_ear": {"y": 219.84375, "x": 133.90625, "score": 0.312379777431488}, "left_elbow": {"y": 231.5625, "x": 138.59375, "score": 0.1602065861225128}, "right_shoulder": {"y": 175.3125, "x": 159.6875, "score": 0.4277182817459106}, "right_ankle": {"y": 149.53125, "x": 199.53125, "score": 0.3073524236679077}, "right_knee": {"y": 151.875, "x": 190.15625, "score": 0.2971155345439911}, "right_wrist": {"y": 158.90625, "x": 112.8125, "score": 0.3443418741226196}}, "location": {"height": 101.557243347168, "width": 123.97021484375, "top": 130.3158874511719, "score": 0.1037080064415932, "left": 93.87882995605469}}, {"body_parts": {"left_hip": {"y": 170.84375, "x": 185.03125, "score": 0.4378694593906403}, "top_head": {"y": 205.4375, "x": 119.6875, "score": 0.6076977252960205}, "right_mouth_corner": {"y": 182.375, "x": 123.53125, "score": 0.2185258716344833}, "neck": {"y": 193.90625, "x": 150.4375, "score": 0.6210981607437134}, "left_shoulder": {"y": 193.90625, "x": 173.5, "score": 0.4137014448642731}, "left_knee": {"y": 151.625, "x": 200.40625, "score": 0.1010622382164001}, "left_ankle": {"y": 147.78125, "x": 196.5625, "score": 0.606880247592926}, "left_mouth_corner": {"y": 182.375, "x": 123.53125, "score": 0.1769402921199799}, "right_elbow": {"y": 147.78125, "x": 169.65625, "score": 0.4220923483371735}, "right_ear": {"y": 190.0625, "x": 138.90625, "score": 0.4034990668296814}, "nose": {"y": 182.375, "x": 123.53125, "score": 0.3177761435508728}, "left_eye": {"y": 190.0625, "x": 123.53125, "score": 0.1361768692731857}, "right_eye": {"y": 186.21875, "x": 127.375, "score": 0.2065756916999817}, "right_hip": {"y": 167.0, "x": 169.65625, "score": 0.4424292743206024}, "left_wrist": {"y": 151.625, "x": 192.71875, "score": 0.3344419300556183}, "left_ear": {"y": 216.96875, "x": 131.21875, "score": 0.3531167507171631}, "left_elbow": {"y": 159.3125, "x": 188.875, "score": 0.3609508872032166}, "right_shoulder": {"y": 174.6875, "x": 158.125, "score": 0.2719723582267761}, "right_ankle": {"y": 147.78125, "x": 192.71875, "score": 0.1996048241853714}, "right_knee": {"y": 155.46875, "x": 165.8125, "score": 0.1851445436477661}, "right_wrist": {"y": 155.46875, "x": 112.0, "score": 0.3826774656772614}}, "location": {"height": 123.5446853637695, "width": 205.3084259033203, "top": 127.7756042480469, "score": 0.008452889509499073, "left": 0.0}}, {"body_parts": {"left_hip": {"y": 209.375, "x": 155.25, "score": 0.1634778082370758}, "top_head": {"y": 150.75, "x": 146.875, "score": 0.4644609391689301}, "right_mouth_corner": {"y": 175.875, "x": 130.125, "score": 0.4757949113845825}, "neck": {"y": 167.5, "x": 146.875, "score": 0.6482625603675842}, "left_shoulder": {"y": 167.5, "x": 172.0, "score": 0.5058603882789612}, "left_knee": {"y": 217.75, "x": 314.375, "score": 0.2312401384115219}, "left_ankle": {"y": 259.625, "x": 364.625, "score": 0.1530309617519379}, "left_mouth_corner": {"y": 175.875, "x": 138.5, "score": 0.4980552196502686}, "right_elbow": {"y": 150.75, "x": 180.375, "score": 0.3649580180644989}, "right_ear": {"y": 175.875, "x": 130.125, "score": 0.4687462449073792}, "nose": {"y": 167.5, "x": 130.125, "score": 0.5937356948852539}, "left_eye": {"y": 167.5, "x": 130.125, "score": 0.5768375396728516}, "right_eye": {"y": 167.5, "x": 130.125, "score": 0.5228905081748962}, "right_hip": {"y": 209.375, "x": 146.875, "score": 0.1127945855259895}, "left_wrist": {"y": 150.75, "x": 188.75, "score": 0.4303452670574188}, "left_ear": {"y": 167.5, "x": 146.875, "score": 0.4444772601127625}, "left_elbow": {"y": 201.0, "x": 155.25, "score": 0.3841365873813629}, "right_shoulder": {"y": 175.875, "x": 138.5, "score": 0.3930647671222687}, "right_ankle": {"y": 251.25, "x": 356.25, "score": 0.1979222744703293}, "right_knee": {"y": 217.75, "x": 322.75, "score": 0.2249076366424561}, "right_wrist": {"y": 150.75, "x": 188.75, "score": 0.4866229891777039}}, "location": {"height": 269.0, "width": 445.6225280761719, "top": 0.0, "score": 0.007344428449869156, "left": 27.94647216796875}}, {"body_parts": {"left_hip": {"y": 152.875, "x": 145.15625, "score": 0.2570232152938843}, "top_head": {"y": 204.78125, "x": 116.84375, "score": 0.3521113395690918}, "right_mouth_corner": {"y": 148.15625, "x": 197.0625, "score": 0.09850267320871353}, "neck": {"y": 190.625, "x": 145.15625, "score": 0.2889649271965027}, "left_shoulder": {"y": 181.1875, "x": 182.90625, "score": 0.2806755602359772}, "left_knee": {"y": 214.21875, "x": 154.59375, "score": 0.2162418514490128}, "left_ankle": {"y": 143.4375, "x": 201.78125, "score": 0.1321291923522949}, "left_mouth_corner": {"y": 148.15625, "x": 197.0625, "score": 0.08996819704771042}, "right_elbow": {"y": 157.59375, "x": 178.1875, "score": 0.3810215890407562}, "right_ear": {"y": 190.625, "x": 135.71875, "score": 0.1740629523992538}, "nose": {"y": 148.15625, "x": 197.0625, "score": 0.1407489776611328}, "left_eye": {"y": 148.15625, "x": 206.5, "score": 0.1523853242397308}, "right_eye": {"y": 148.15625, "x": 201.78125, "score": 0.1381329894065857}, "right_hip": {"y": 152.875, "x": 149.875, "score": 0.2387138307094574}, "left_wrist": {"y": 148.15625, "x": 197.0625, "score": 0.6529815196990967}, "left_ear": {"y": 195.34375, "x": 149.875, "score": 0.1183492317795753}, "left_elbow": {"y": 176.46875, "x": 182.90625, "score": 0.4016667008399963}, "right_shoulder": {"y": 181.1875, "x": 173.46875, "score": 0.1213094890117645}, "right_ankle": {"y": 209.5, "x": 131.0, "score": 0.07381550222635269}, "right_knee": {"y": 152.875, "x": 178.1875, "score": 0.06545510143041611}, "right_wrist": {"y": 148.15625, "x": 192.34375, "score": 0.2823053598403931}}, "location": {"height": 251.3460845947266, "width": 225.7392272949219, "top": 0.3839263916015625, "score": 0.005378181580454111, "left": 0.0}}], "log_id": 6921564076684538625}