{"person_num": 3, "person_info": [{"body_parts": {"left_hip": {"y": 181.34375, "x": 190.15625, "score": 0.1131576225161552}, "top_head": {"y": 204.78125, "x": 105.78125, "score": 0.3624841570854187}, "right_mouth_corner": {"y": 183.6875, "x": 136.25, "score": 0.1094735786318779}, "neck": {"y": 193.0625, "x": 152.65625, "score": 0.61826092004776}, "left_shoulder": {"y": 216.5, "x": 152.65625, "score": 0.4679158627986908}, "left_knee": {"y": 153.21875, "x": 190.15625, "score": 0.1686775833368301}, "left_ankle": {"y": 143.84375, "x": 206.5625, "score": 0.5090451836585999}, "left_mouth_corner": {"y": 186.03125, "x": 138.59375, "score": 0.08504818379878998}, "right_elbow": {"y": 146.1875, "x": 171.40625, "score": 0.7416820526123047}, "right_ear": {"y": 183.6875, "x": 136.25, "score": 0.4639654755592346}, "nose": {"y": 181.34375, "x": 131.5625, "score": 0.1570407003164291}, "left_eye": {"y": 183.6875, "x": 131.5625, "score": 0.1085106134414673}, "right_eye": {"y": 183.6875, "x": 131.5625, "score": 0.3041037917137146}, "right_hip": {"y": 160.25, "x": 185.46875, "score": 0.2906844615936279}, "left_wrist": {"y": 230.5625, "x": 136.25, "score": 0.033720962703228}, "left_ear": {"y": 216.5, "x": 129.21875, "score": 0.2838196456432343}, "left_elbow": {"y": 218.84375, "x": 155.0, "score": 0.1241082176566124}, "right_shoulder": {"y": 171.96875, "x": 159.6875, "score": 0.49665567278862}, "right_ankle": {"y": 143.84375, "x": 201.875, "score": 0.2881211042404175}, "right_knee": {"y": 148.53125, "x": 192.5, "score": 0.2791059017181396}, "right_wrist": {"y": 153.21875, "x": 115.15625, "score": 0.4411216974258423}}, "location": {"height": 102.0051193237305, "width": 124.4815673828125, "top": 128.7759399414062, "score": 0.09690035879611969, "left": 93.53512573242188}}, {"body_parts": {"left_hip": {"y": 183.0625, "x": 179.625, "score": 0.082542285323143}, "top_head": {"y": 209.75, "x": 107.1875, "score": 0.625323474407196}, "right_mouth_corner": {"y": 179.25, "x": 122.4375, "score": 0.1938012391328812}, "neck": {"y": 190.6875, "x": 149.125, "score": 0.6551235318183899}, "left_shoulder": {"y": 213.5625, "x": 152.9375, "score": 0.5709387063980103}, "left_knee": {"y": 209.75, "x": 149.125, "score": 0.04642068967223167}, "left_ankle": {"y": 148.75, "x": 198.6875, "score": 0.2727505564689636}, "left_mouth_corner": {"y": 179.25, "x": 126.25, "score": 0.1146498620510101}, "right_elbow": {"y": 144.9375, "x": 149.125, "score": 0.4750089645385742}, "right_ear": {"y": 179.25, "x": 141.5, "score": 0.4252824187278748}, "nose": {"y": 179.25, "x": 122.4375, "score": 0.2050924003124237}, "left_eye": {"y": 144.9375, "x": 206.3125, "score": 0.0736083835363388}, "right_eye": {"y": 183.0625, "x": 122.4375, "score": 0.1845719665288925}, "right_hip": {"y": 164.0, "x": 175.8125, "score": 0.2037656307220459}, "left_wrist": {"y": 148.75, "x": 194.875, "score": 0.2394708693027496}, "left_ear": {"y": 213.5625, "x": 130.0625, "score": 0.3753488659858704}, "left_elbow": {"y": 171.625, "x": 179.625, "score": 0.2075311541557312}, "right_shoulder": {"y": 171.625, "x": 160.5625, "score": 0.4939790368080139}, "right_ankle": {"y": 148.75, "x": 191.0625, "score": 0.1915170550346375}, "right_knee": {"y": 141.125, "x": 149.125, "score": 0.09925825148820877}, "right_wrist": {"y": 152.5625, "x": 114.8125, "score": 0.6474960446357727}}, "location": {"height": 118.6911697387695, "width": 203.052490234375, "top": 122.3071136474609, "score": 0.007373623549938202, "left": 0.0}}, {"body_parts": {"left_hip": {"y": 167.5, "x": 146.875, "score": 0.02789937891066074}, "top_head": {"y": 150.75, "x": 155.25, "score": 0.2842179238796234}, "right_mouth_corner": {"y": 175.875, "x": 130.125, "score": 0.3034487068653107}, "neck": {"y": 167.5, "x": 146.875, "score": 0.5280650854110718}, "left_shoulder": {"y": 159.125, "x": 163.625, "score": 0.4384428262710571}, "left_knee": {"y": 217.75, "x": 322.75, "score": 0.1473713964223862}, "left_ankle": {"y": 251.25, "x": 356.25, "score": 0.1009815111756325}, "left_mouth_corner": {"y": 175.875, "x": 130.125, "score": 0.2779723703861237}, "right_elbow": {"y": 150.75, "x": 180.375, "score": 0.2879345118999481}, "right_ear": {"y": 175.875, "x": 130.125, "score": 0.3085119128227234}, "nose": {"y": 167.5, "x": 130.125, "score": 0.3522354364395142}, "left_eye": {"y": 167.5, "x": 130.125, "score": 0.2785986959934235}, "right_eye": {"y": 167.5, "x": 130.125, "score": 0.2698921263217926}, "right_hip": {"y": 167.5, "x": 130.125, "score": 0.04791256040334702}, "left_wrist": {"y": 150.75, "x": 188.75, "score": 0.4694488048553467}, "left_ear": {"y": 167.5, "x": 146.875, "score": 0.2965587973594666}, "left_elbow": {"y": 159.125, "x": 180.375, "score": 0.4419701099395752}, "right_shoulder": {"y": 159.125, "x": 155.25, "score": 0.2938545048236847}, "right_ankle": {"y": 251.25, "x": 356.25, "score": 0.1096199601888657}, "right_knee": {"y": 217.75, "x": 331.125, "score": 0.1407224833965302}, "right_wrist": {"y": 142.375, "x": 188.75, "score": 0.3539071083068848}}, "location": {"height": 269.0, "width": 445.9455261230469, "top": 0.0, "score": 0.00625128298997879, "left": 27.53265380859375}}], "log_id": 26580812572051777}