{"person_num": 3, "person_info": [{"body_parts": {"left_hip": {"y": 185.5625, "x": 172.8125, "score": 0.08517321944236755}, "top_head": {"y": 196.5, "x": 94.0625, "score": 0.2775899469852448}, "right_mouth_corner": {"y": 181.1875, "x": 122.5, "score": 0.1548897176980972}, "neck": {"y": 194.3125, "x": 140.0, "score": 0.5935353636741638}, "left_shoulder": {"y": 216.1875, "x": 137.8125, "score": 0.5418533086776733}, "left_knee": {"y": 174.625, "x": 181.5625, "score": 0.04957947134971619}, "left_ankle": {"y": 163.6875, "x": 192.5, "score": 0.4037517309188843}, "left_mouth_corner": {"y": 183.375, "x": 124.6875, "score": 0.135216698050499}, "right_elbow": {"y": 146.1875, "x": 161.875, "score": 0.6943066120147705}, "right_ear": {"y": 181.1875, "x": 126.875, "score": 0.5313278436660767}, "nose": {"y": 179.0, "x": 118.125, "score": 0.1777920722961426}, "left_eye": {"y": 183.375, "x": 98.4375, "score": 0.1897272318601608}, "right_eye": {"y": 181.1875, "x": 113.75, "score": 0.357846587896347}, "right_hip": {"y": 154.9375, "x": 179.375, "score": 0.3338117599487305}, "left_wrist": {"y": 163.6875, "x": 196.875, "score": 0.1108392551541328}, "left_ear": {"y": 218.375, "x": 115.9375, "score": 0.2285918295383453}, "left_elbow": {"y": 198.6875, "x": 131.25, "score": 0.0583157017827034}, "right_shoulder": {"y": 168.0625, "x": 148.75, "score": 0.5469623804092407}, "right_ankle": {"y": 150.5625, "x": 105.0, "score": 0.244676947593689}, "right_knee": {"y": 150.5625, "x": 155.3125, "score": 0.0411968007683754}, "right_wrist": {"y": 148.375, "x": 109.375, "score": 0.3656578660011292}}, "location": {"height": 104.7670822143555, "width": 116.50048828125, "top": 127.753173828125, "score": 0.09221190214157104, "left": 82.08383178710938}}, {"body_parts": {"left_hip": {"y": 165.5, "x": 177.5, "score": 0.2004463076591492}, "top_head": {"y": 204.0, "x": 97.0, "score": 0.5101838707923889}, "right_mouth_corner": {"y": 190.0, "x": 97.0, "score": 0.0370505191385746}, "neck": {"y": 190.0, "x": 135.5, "score": 0.7658345103263855}, "left_shoulder": {"y": 214.5, "x": 139.0, "score": 0.5116597414016724}, "left_knee": {"y": 214.5, "x": 132.0, "score": 0.08299446105957031}, "left_ankle": {"y": 249.5, "x": 34.0, "score": 0.1312847435474396}, "left_mouth_corner": {"y": 190.0, "x": 146.0, "score": 0.03251781314611435}, "right_elbow": {"y": 148.0, "x": 156.5, "score": 0.4401246309280396}, "right_ear": {"y": 179.5, "x": 111.0, "score": 0.4406445920467377}, "nose": {"y": 186.5, "x": 90.0, "score": 0.1030228212475777}, "left_eye": {"y": 186.5, "x": 97.0, "score": 0.1339747160673141}, "right_eye": {"y": 176.0, "x": 111.0, "score": 0.1327656805515289}, "right_hip": {"y": 148.0, "x": 167.0, "score": 0.2152963876724243}, "left_wrist": {"y": 144.5, "x": 177.5, "score": 0.3595837652683258}, "left_ear": {"y": 211.0, "x": 118.0, "score": 0.3680280148983002}, "left_elbow": {"y": 155.0, "x": 184.5, "score": 0.6765742897987366}, "right_shoulder": {"y": 162.0, "x": 135.5, "score": 0.3601290583610535}, "right_ankle": {"y": 249.5, "x": 34.0, "score": 0.1286580860614777}, "right_knee": {"y": 141.0, "x": 135.5, "score": 0.207729384303093}, "right_wrist": {"y": 155.0, "x": 100.5, "score": 0.4242376685142517}}, "location": {"height": 137.1920318603516, "width": 187.3940582275391, "top": 128.3418884277344, "score": 0.007827052846550941, "left": 4.51861572265625}}, {"body_parts": {"left_hip": {"y": 185.375, "x": 281.8125, "score": 0.0956326574087143}, "top_head": {"y": 211.0625, "x": 102.0, "score": 0.3770692050457001}, "right_mouth_corner": {"y": 176.8125, "x": 119.125, "score": 0.3749245703220367}, "neck": {"y": 168.25, "x": 136.25, "score": 0.6135180592536926}, "left_shoulder": {"y": 176.8125, "x": 153.375, "score": 0.487204372882843}, "left_knee": {"y": 219.625, "x": 333.1875, "score": 0.2655860483646393}, "left_ankle": {"y": 245.3125, "x": 358.875, "score": 0.1063620150089264}, "left_mouth_corner": {"y": 176.8125, "x": 119.125, "score": 0.3369534015655518}, "right_elbow": {"y": 142.5625, "x": 170.5, "score": 0.3471885323524475}, "right_ear": {"y": 176.8125, "x": 119.125, "score": 0.4375305473804474}, "nose": {"y": 168.25, "x": 119.125, "score": 0.3864866197109222}, "left_eye": {"y": 168.25, "x": 119.125, "score": 0.3059521317481995}, "right_eye": {"y": 185.375, "x": 110.5625, "score": 0.3314839601516724}, "right_hip": {"y": 168.25, "x": 281.8125, "score": 0.08189179748296738}, "left_wrist": {"y": 202.5, "x": 102.0, "score": 0.2453639060258865}, "left_ear": {"y": 185.375, "x": 119.125, "score": 0.3425481617450714}, "left_elbow": {"y": 151.125, "x": 179.0625, "score": 0.3870220184326172}, "right_shoulder": {"y": 159.6875, "x": 153.375, "score": 0.4536382555961609}, "right_ankle": {"y": 245.3125, "x": 358.875, "score": 0.1094154864549637}, "right_knee": {"y": 211.0625, "x": 333.1875, "score": 0.2568868100643158}, "right_wrist": {"y": 151.125, "x": 119.125, "score": 0.280924379825592}}, "location": {"height": 268.7885437011719, "width": 456.33935546875, "top": 0.2114715576171875, "score": 0.007615420501679182, "left": 20.088134765625}}], "log_id": 3362266183592890369}