{"person_num": 2, "person_info": [{"body_parts": {"left_hip": {"y": 172.625, "x": 109.75, "score": 0.3196043968200684}, "top_head": {"y": 163.25, "x": 22.25, "score": 0.3447898626327515}, "right_mouth_corner": {"y": 153.875, "x": 59.75, "score": 0.2507535219192505}, "neck": {"y": 175.75, "x": 62.875, "score": 0.7065368890762329}, "left_shoulder": {"y": 194.5, "x": 56.625, "score": 0.6066935658454895}, "left_knee": {"y": 150.75, "x": 137.875, "score": 0.198495626449585}, "left_ankle": {"y": 147.625, "x": 150.375, "score": 0.3139614760875702}, "left_mouth_corner": {"y": 147.625, "x": 50.375, "score": 0.291342705488205}, "right_elbow": {"y": 138.25, "x": 112.875, "score": 0.7370217442512512}, "right_ear": {"y": 157.0, "x": 56.625, "score": 0.6056499481201172}, "nose": {"y": 147.625, "x": 47.25, "score": 0.3293865323066711}, "left_eye": {"y": 147.625, "x": 44.125, "score": 0.297667384147644}, "right_eye": {"y": 153.875, "x": 50.375, "score": 0.277230829000473}, "right_hip": {"y": 150.75, "x": 112.875, "score": 0.3877807557582855}, "left_wrist": {"y": 144.5, "x": 50.375, "score": 0.1478981524705887}, "left_ear": {"y": 185.125, "x": 47.25, "score": 0.3765225410461426}, "left_elbow": {"y": 157.0, "x": 56.625, "score": 0.1471478790044785}, "right_shoulder": {"y": 160.125, "x": 87.875, "score": 0.654741644859314}, "right_ankle": {"y": 141.375, "x": 166.0, "score": 0.6648943424224854}, "right_knee": {"y": 144.5, "x": 141.0, "score": 0.5817911624908447}, "right_wrist": {"y": 138.25, "x": 94.125, "score": 0.1883935779333115}}, "location": {"height": 93.296142578125, "width": 167.5090484619141, "top": 111.0115966796875, "score": 0.4866930544376373, "left": 0.03849029541015625}}, {"body_parts": {"left_hip": {"y": 185.75, "x": 92.375, "score": 0.167365550994873}, "top_head": {"y": 151.25, "x": 49.25, "score": 0.2406170964241028}, "right_mouth_corner": {"y": 151.25, "x": 57.875, "score": 0.3689461052417755}, "neck": {"y": 151.25, "x": 49.25, "score": 0.4636272788047791}, "left_shoulder": {"y": 151.25, "x": 49.25, "score": 0.2412808239459991}, "left_knee": {"y": 194.375, "x": 92.375, "score": 0.09855357557535172}, "left_ankle": {"y": 185.75, "x": 92.375, "score": 0.09252995252609253}, "left_mouth_corner": {"y": 142.625, "x": 57.875, "score": 0.3863058984279633}, "right_elbow": {"y": 142.625, "x": 118.25, "score": 0.228475883603096}, "right_ear": {"y": 159.875, "x": 40.625, "score": 0.3212994635105133}, "nose": {"y": 142.625, "x": 57.875, "score": 0.3749745488166809}, "left_eye": {"y": 142.625, "x": 49.25, "score": 0.2776599228382111}, "right_eye": {"y": 142.625, "x": 57.875, "score": 0.3400204181671143}, "right_hip": {"y": 185.75, "x": 83.75, "score": 0.1558610796928406}, "left_wrist": {"y": 134.0, "x": 152.75, "score": 0.2335132658481598}, "left_ear": {"y": 151.25, "x": 49.25, "score": 0.2441710978746414}, "left_elbow": {"y": 142.625, "x": 109.625, "score": 0.2170147895812988}, "right_shoulder": {"y": 151.25, "x": 75.125, "score": 0.2551253139972687}, "right_ankle": {"y": 185.75, "x": 92.375, "score": 0.1126990616321564}, "right_knee": {"y": 194.375, "x": 92.375, "score": 0.1002544611692429}, "right_wrist": {"y": 134.0, "x": 152.75, "score": 0.4448589384555817}}, "location": {"height": 269.0, "width": 460.537353515625, "top": 0.0, "score": 0.005763767287135124, "left": 0.0}}], "log_id": 5559399571067260193}