{"person_num": 1, "person_info": [{"body_parts": {"left_hip": {"y": 166.65625, "x": 113.3125, "score": 0.2785800397396088}, "top_head": {"y": 169.875, "x": 23.1875, "score": 0.3294033110141754}, "right_mouth_corner": {"y": 150.5625, "x": 52.15625, "score": 0.1216970086097717}, "neck": {"y": 173.09375, "x": 65.03125, "score": 0.6996855735778809}, "left_shoulder": {"y": 192.40625, "x": 68.25, "score": 0.4966906905174255}, "left_knee": {"y": 147.34375, "x": 142.28125, "score": 0.3289322853088379}, "left_ankle": {"y": 140.90625, "x": 164.8125, "score": 0.4049193859100342}, "left_mouth_corner": {"y": 144.125, "x": 42.5, "score": 0.1718685030937195}, "right_elbow": {"y": 131.25, "x": 113.3125, "score": 0.852112889289856}, "right_ear": {"y": 160.21875, "x": 58.59375, "score": 0.459371954202652}, "nose": {"y": 144.125, "x": 42.5, "score": 0.2688950300216675}, "left_eye": {"y": 179.53125, "x": 58.59375, "score": 0.2046624571084976}, "right_eye": {"y": 150.5625, "x": 45.71875, "score": 0.229230210185051}, "right_hip": {"y": 150.5625, "x": 116.53125, "score": 0.4653439223766327}, "left_wrist": {"y": 153.78125, "x": 36.0625, "score": 0.1895435154438019}, "left_ear": {"y": 182.75, "x": 45.71875, "score": 0.4498148858547211}, "left_elbow": {"y": 160.21875, "x": 39.28125, "score": 0.09328668564558029}, "right_shoulder": {"y": 157.0, "x": 87.5625, "score": 0.6167690753936768}, "right_ankle": {"y": 140.90625, "x": 164.8125, "score": 0.5991455316543579}, "right_knee": {"y": 144.125, "x": 142.28125, "score": 0.6330804228782654}, "right_wrist": {"y": 137.6875, "x": 84.34375, "score": 0.4681875109672546}}, "location": {"height": 97.31697845458984, "width": 172.4299621582031, "top": 108.7418670654297, "score": 0.4225200414657593, "left": 0.0}}], "log_id": 5218488457478471329}