{"person_num": 2, "person_info": [{"body_parts": {"left_hip": {"y": 166.9375, "x": 119.34375, "score": 0.4554502367973328}, "top_head": {"y": 166.9375, "x": 15.28125, "score": 0.5076107978820801}, "right_mouth_corner": {"y": 149.59375, "x": 49.96875, "score": 0.31178018450737}, "neck": {"y": 173.875, "x": 67.3125, "score": 0.7992337346076965}, "left_shoulder": {"y": 191.21875, "x": 67.3125, "score": 0.6650161743164062}, "left_knee": {"y": 149.59375, "x": 147.09375, "score": 0.3680335283279419}, "left_ankle": {"y": 142.65625, "x": 167.90625, "score": 0.4351309537887573}, "left_mouth_corner": {"y": 149.59375, "x": 53.4375, "score": 0.359636515378952}, "right_elbow": {"y": 135.71875, "x": 112.40625, "score": 0.733549177646637}, "right_ear": {"y": 160.0, "x": 53.4375, "score": 0.5963976979255676}, "nose": {"y": 146.125, "x": 43.03125, "score": 0.5008810758590698}, "left_eye": {"y": 146.125, "x": 43.03125, "score": 0.1958537846803665}, "right_eye": {"y": 149.59375, "x": 43.03125, "score": 0.4619649946689606}, "right_hip": {"y": 149.59375, "x": 119.34375, "score": 0.4275009632110596}, "left_wrist": {"y": 153.0625, "x": 84.65625, "score": 0.1219358444213867}, "left_ear": {"y": 184.28125, "x": 46.5, "score": 0.5306633114814758}, "left_elbow": {"y": 173.875, "x": 88.125, "score": 0.1769205778837204}, "right_shoulder": {"y": 160.0, "x": 88.125, "score": 0.5998755693435669}, "right_ankle": {"y": 139.1875, "x": 167.90625, "score": 0.5019485354423523}, "right_knee": {"y": 142.65625, "x": 143.625, "score": 0.5748418569564819}, "right_wrist": {"y": 142.65625, "x": 88.125, "score": 0.3473542630672455}}, "location": {"height": 96.14454650878906, "width": 183.8048095703125, "top": 115.5693588256836, "score": 0.4182765483856201, "left": 1.723800659179688}}, {"body_parts": {"left_hip": {"y": 177.4375, "x": 56.5625, "score": 0.1171100661158562}, "top_head": {"y": 29.75, "x": 126.0625, "score": 0.1505719274282455}, "right_mouth_corner": {"y": 134.0, "x": 39.1875, "score": 0.07784825563430786}, "neck": {"y": 142.6875, "x": 39.1875, "score": 0.191761389374733}, "left_shoulder": {"y": 142.6875, "x": 91.3125, "score": 0.07732006907463074}, "left_knee": {"y": 160.0625, "x": 117.375, "score": 0.06373204290866852}, "left_ankle": {"y": 160.0625, "x": 108.6875, "score": 0.1267135739326477}, "left_mouth_corner": {"y": 134.0, "x": 39.1875, "score": 0.07605630159378052}, "right_elbow": {"y": 142.6875, "x": 117.375, "score": 0.1045418754220009}, "right_ear": {"y": 116.625, "x": 47.875, "score": 0.1107562854886055}, "nose": {"y": 142.6875, "x": 39.1875, "score": 0.1167387813329697}, "left_eye": {"y": 116.625, "x": 39.1875, "score": 0.09656135737895966}, "right_eye": {"y": 134.0, "x": 39.1875, "score": 0.1110043898224831}, "right_hip": {"y": 177.4375, "x": 47.875, "score": 0.1094188764691353}, "left_wrist": {"y": 134.0, "x": 160.8125, "score": 0.2164375633001328}, "left_ear": {"y": 142.6875, "x": 47.875, "score": 0.07339539378881454}, "left_elbow": {"y": 142.6875, "x": 108.6875, "score": 0.09989812225103378}, "right_shoulder": {"y": 99.25, "x": 39.1875, "score": 0.09712155163288116}, "right_ankle": {"y": 151.375, "x": 117.375, "score": 0.1008941233158112}, "right_knee": {"y": 151.375, "x": 91.3125, "score": 0.0903899148106575}, "right_wrist": {"y": 134.0, "x": 152.125, "score": 0.4325076639652252}}, "location": {"height": 268.7238464355469, "width": 463.9933166503906, "top": 0.2761383056640625, "score": 0.005554185248911381, "left": 0.0}}], "log_id": 2329310124786980769}