{"person_num": 2, "person_info": [{"body_parts": {"left_hip": {"y": 70.0, "x": 358.5625, "score": 0.525040864944458}, "top_head": {"y": 35.875, "x": 456.0625, "score": 0.6827333569526672}, "right_mouth_corner": {"y": 40.75, "x": 419.5, "score": 0.1571499556303024}, "neck": {"y": 60.25, "x": 424.375, "score": 0.8228338360786438}, "left_shoulder": {"y": 48.0625, "x": 404.875, "score": 0.7549684047698975}, "left_knee": {"y": 55.375, "x": 368.3125, "score": 0.1821589022874832}, "left_ankle": {"y": 74.875, "x": 351.25, "score": 0.2469387054443359}, "left_mouth_corner": {"y": 40.75, "x": 421.9375, "score": 0.2625881433486938}, "right_elbow": {"y": 101.6875, "x": 395.125, "score": 0.8115131855010986}, "right_ear": {"y": 60.25, "x": 443.875, "score": 0.6424931883811951}, "nose": {"y": 38.3125, "x": 426.8125, "score": 0.3158333599567413}, "left_eye": {"y": 35.875, "x": 431.6875, "score": 0.4566513895988464}, "right_eye": {"y": 35.875, "x": 431.6875, "score": 0.2088364362716675}, "right_hip": {"y": 91.9375, "x": 365.875, "score": 0.5748906135559082}, "left_wrist": {"y": 23.6875, "x": 395.125, "score": 0.8279544711112976}, "left_ear": {"y": 43.1875, "x": 431.6875, "score": 0.8573171496391296}, "left_elbow": {"y": 43.1875, "x": 373.1875, "score": 0.7911062836647034}, "right_shoulder": {"y": 84.625, "x": 417.0625, "score": 0.7065829038619995}, "right_ankle": {"y": 87.0625, "x": 356.125, "score": 0.4299900531768799}, "right_knee": {"y": 84.625, "x": 409.75, "score": 0.2067331969738007}, "right_wrist": {"y": 89.5, "x": 421.9375, "score": 0.7776033878326416}}, "location": {"height": 103.8829727172852, "width": 129.4529418945312, "top": 11.50011825561523, "score": 0.4622963070869446, "left": 335.9746704101562}}, {"body_parts": {"left_hip": {"y": 142.90625, "x": 443.84375, "score": 0.143038883805275}, "top_head": {"y": 36.03125, "x": 399.3125, "score": 0.1946812272071838}, "right_mouth_corner": {"y": 44.9375, "x": 452.75, "score": 0.3066216707229614}, "neck": {"y": 36.03125, "x": 426.03125, "score": 0.3052890300750732}, "left_shoulder": {"y": 36.03125, "x": 443.84375, "score": 0.2464360296726227}, "left_knee": {"y": 107.28125, "x": 167.75, "score": 0.08845469355583191}, "left_ankle": {"y": 249.78125, "x": 381.5, "score": 0.07149932533502579}, "left_mouth_corner": {"y": 44.9375, "x": 461.65625, "score": 0.2959941327571869}, "right_elbow": {"y": 80.5625, "x": 390.40625, "score": 0.1985612362623215}, "right_ear": {"y": 36.03125, "x": 399.3125, "score": 0.2188960611820221}, "nose": {"y": 36.03125, "x": 461.65625, "score": 0.3159138560295105}, "left_eye": {"y": 36.03125, "x": 452.75, "score": 0.3682363629341125}, "right_eye": {"y": 27.125, "x": 452.75, "score": 0.3281604051589966}, "right_hip": {"y": 98.375, "x": 354.78125, "score": 0.1298432350158691}, "left_wrist": {"y": 53.84375, "x": 390.40625, "score": 0.3130483031272888}, "left_ear": {"y": 44.9375, "x": 399.3125, "score": 0.2383761405944824}, "left_elbow": {"y": 80.5625, "x": 399.3125, "score": 0.2330994009971619}, "right_shoulder": {"y": 36.03125, "x": 426.03125, "score": 0.211850106716156}, "right_ankle": {"y": 249.78125, "x": 390.40625, "score": 0.07982905954122543}, "right_knee": {"y": 98.375, "x": 158.84375, "score": 0.09455545246601105}, "right_wrist": {"y": 53.84375, "x": 399.3125, "score": 0.2134016752243042}}, "location": {"height": 269.0, "width": 474.4468688964844, "top": 0.0, "score": 0.01179082132875919, "left": 4.553115844726562}}], "log_id": 2648311045036745185}