{"person_num": 3, "person_info": [{"body_parts": {"left_hip": {"y": 59.875, "x": 365.25, "score": 0.4801657497882843}, "top_head": {"y": 73.0, "x": 454.5, "score": 0.4935089945793152}, "right_mouth_corner": {"y": 67.75, "x": 436.125, "score": 0.06678782403469086}, "neck": {"y": 70.375, "x": 415.125, "score": 0.8284763693809509}, "left_shoulder": {"y": 52.0, "x": 415.125, "score": 0.7714222073554993}, "left_knee": {"y": 33.625, "x": 407.25, "score": 0.0941387489438057}, "left_ankle": {"y": 36.25, "x": 362.625, "score": 0.04492999613285065}, "left_mouth_corner": {"y": 59.875, "x": 433.5, "score": 0.1767561584711075}, "right_elbow": {"y": 94.0, "x": 396.75, "score": 0.4281676411628723}, "right_ear": {"y": 86.125, "x": 436.125, "score": 0.3638932704925537}, "nose": {"y": 65.125, "x": 446.625, "score": 0.116109624505043}, "left_eye": {"y": 65.125, "x": 444.0, "score": 0.2316699922084808}, "right_eye": {"y": 65.125, "x": 451.875, "score": 0.2544451057910919}, "right_hip": {"y": 86.125, "x": 362.625, "score": 0.4331818222999573}, "left_wrist": {"y": 57.25, "x": 470.25, "score": 0.7482151985168457}, "left_ear": {"y": 62.5, "x": 428.25, "score": 0.3087472319602966}, "left_elbow": {"y": 33.625, "x": 449.25, "score": 0.8130559921264648}, "right_shoulder": {"y": 91.375, "x": 399.375, "score": 0.5493234395980835}, "right_ankle": {"y": 86.125, "x": 357.375, "score": 0.2592262029647827}, "right_knee": {"y": 91.375, "x": 386.25, "score": 0.1356050074100494}, "right_wrist": {"y": 86.125, "x": 423.0, "score": 0.6157822012901306}}, "location": {"height": 88.69573211669922, "width": 138.1941833496094, "top": 18.81648254394531, "score": 0.2604920268058777, "left": 340.8057861328125}}, {"body_parts": {"left_hip": {"y": 134.0, "x": 443.125, "score": 0.1721666008234024}, "top_head": {"y": 27.5, "x": 398.75, "score": 0.125512421131134}, "right_mouth_corner": {"y": 54.125, "x": 452.0, "score": 0.1846186816692352}, "neck": {"y": 36.375, "x": 434.25, "score": 0.2882549166679382}, "left_shoulder": {"y": 36.375, "x": 443.125, "score": 0.2109882980585098}, "left_knee": {"y": 116.25, "x": 168.0, "score": 0.1005066558718681}, "left_ankle": {"y": 169.5, "x": 88.125, "score": 0.05380063503980637}, "left_mouth_corner": {"y": 45.25, "x": 460.875, "score": 0.1719220876693726}, "right_elbow": {"y": 71.875, "x": 363.25, "score": 0.5594150424003601}, "right_ear": {"y": 45.25, "x": 416.5, "score": 0.2516041994094849}, "nose": {"y": 36.375, "x": 460.875, "score": 0.1981545239686966}, "left_eye": {"y": 27.5, "x": 460.875, "score": 0.1925108283758163}, "right_eye": {"y": 18.625, "x": 460.875, "score": 0.2650189995765686}, "right_hip": {"y": 107.375, "x": 363.25, "score": 0.1388834416866302}, "left_wrist": {"y": 71.875, "x": 407.625, "score": 0.28858882188797}, "left_ear": {"y": 45.25, "x": 398.75, "score": 0.1853599846363068}, "left_elbow": {"y": 71.875, "x": 363.25, "score": 0.2687201499938965}, "right_shoulder": {"y": 27.5, "x": 398.75, "score": 0.3430590629577637}, "right_ankle": {"y": 160.625, "x": 88.125, "score": 0.06624587625265121}, "right_knee": {"y": 125.125, "x": 168.0, "score": 0.1101193204522133}, "right_wrist": {"y": 54.125, "x": 434.25, "score": 0.4137607216835022}}, "location": {"height": 269.0, "width": 472.6208190917969, "top": 0.0, "score": 0.01242517400532961, "left": 6.379165649414062}}, {"body_parts": {"left_hip": {"y": 68.1875, "x": 357.9375, "score": 0.08575717359781265}, "top_head": {"y": 73.25, "x": 438.9375, "score": 0.6846356391906738}, "right_mouth_corner": {"y": 88.4375, "x": 438.9375, "score": 0.1889762580394745}, "neck": {"y": 68.1875, "x": 408.5625, "score": 0.665195882320404}, "left_shoulder": {"y": 58.0625, "x": 408.5625, "score": 0.5461759567260742}, "left_knee": {"y": 63.125, "x": 352.875, "score": 0.1249347180128098}, "left_ankle": {"y": 225.125, "x": 337.6875, "score": 0.101041816174984}, "left_mouth_corner": {"y": 78.3125, "x": 438.9375, "score": 0.2162190675735474}, "right_elbow": {"y": 42.875, "x": 444.0, "score": 0.1327581107616425}, "right_ear": {"y": 78.3125, "x": 428.8125, "score": 0.518311619758606}, "nose": {"y": 83.375, "x": 444.0, "score": 0.2744466066360474}, "left_eye": {"y": 78.3125, "x": 438.9375, "score": 0.4309819042682648}, "right_eye": {"y": 83.375, "x": 438.9375, "score": 0.5094083547592163}, "right_hip": {"y": 78.3125, "x": 363.0, "score": 0.06038157641887665}, "left_wrist": {"y": 53.0, "x": 469.3125, "score": 0.7553267478942871}, "left_ear": {"y": 68.1875, "x": 428.8125, "score": 0.4476326107978821}, "left_elbow": {"y": 32.75, "x": 444.0, "score": 0.7463088035583496}, "right_shoulder": {"y": 78.3125, "x": 413.625, "score": 0.4729693233966827}, "right_ankle": {"y": 27.6875, "x": 388.3125, "score": 0.1193253695964813}, "right_knee": {"y": 53.0, "x": 352.875, "score": 0.1448030173778534}, "right_wrist": {"y": 68.1875, "x": 464.25, "score": 0.2335973680019379}}, "location": {"height": 268.8687438964844, "width": 137.1807250976562, "top": 0.131256103515625, "score": 0.00504024513065815, "left": 341.8192443847656}}], "log_id": 3084301063554499041}