{"person_num": 3, "person_info": [{"body_parts": {"left_hip": {"y": 65.875, "x": 359.96875, "score": 0.4341951012611389}, "top_head": {"y": 55.75, "x": 461.21875, "score": 0.6237919330596924}, "right_mouth_corner": {"y": 81.0625, "x": 440.96875, "score": 0.067369744181633}, "neck": {"y": 70.9375, "x": 420.71875, "score": 0.7563351988792419}, "left_shoulder": {"y": 50.6875, "x": 410.59375, "score": 0.7775986194610596}, "left_knee": {"y": 45.625, "x": 392.875, "score": 0.1170171126723289}, "left_ankle": {"y": 35.5, "x": 395.40625, "score": 0.1792794018983841}, "left_mouth_corner": {"y": 48.15625, "x": 423.25, "score": 0.09637510031461716}, "right_elbow": {"y": 101.3125, "x": 385.28125, "score": 0.4189180731773376}, "right_ear": {"y": 76.0, "x": 443.5, "score": 0.5689808130264282}, "nose": {"y": 78.53125, "x": 446.03125, "score": 0.3015800714492798}, "left_eye": {"y": 53.21875, "x": 440.96875, "score": 0.2055114060640335}, "right_eye": {"y": 76.0, "x": 451.09375, "score": 0.3651927709579468}, "right_hip": {"y": 86.125, "x": 362.5, "score": 0.4147995114326477}, "left_wrist": {"y": 35.5, "x": 395.40625, "score": 0.4291437268257141}, "left_ear": {"y": 53.21875, "x": 435.90625, "score": 0.6401500701904297}, "left_elbow": {"y": 50.6875, "x": 380.21875, "score": 0.2100041508674622}, "right_shoulder": {"y": 91.1875, "x": 405.53125, "score": 0.5408207774162292}, "right_ankle": {"y": 78.53125, "x": 357.4375, "score": 0.1050677448511124}, "right_knee": {"y": 91.1875, "x": 392.875, "score": 0.08359319716691971}, "right_wrist": {"y": 86.125, "x": 423.25, "score": 0.6985882520675659}}, "location": {"height": 92.52201080322266, "width": 134.1666107177734, "top": 26.28166961669922, "score": 0.03295651823282242, "left": 341.9571228027344}}, {"body_parts": {"left_hip": {"y": 142.9375, "x": 444.5625, "score": 0.0737873762845993}, "top_head": {"y": 17.8125, "x": 453.5, "score": 0.1029480472207069}, "right_mouth_corner": {"y": 44.625, "x": 462.4375, "score": 0.05351213365793228}, "neck": {"y": 35.6875, "x": 426.6875, "score": 0.06870844215154648}, "left_shoulder": {"y": 8.875, "x": 390.9375, "score": 0.1111695319414139}, "left_knee": {"y": 169.75, "x": 417.75, "score": 0.0540740117430687}, "left_ankle": {"y": 89.3125, "x": 390.9375, "score": 0.04642933234572411}, "left_mouth_corner": {"y": 35.6875, "x": 471.375, "score": 0.06315197050571442}, "right_elbow": {"y": 53.5625, "x": 444.5625, "score": 0.1560058742761612}, "right_ear": {"y": 44.625, "x": 417.75, "score": 0.1633687615394592}, "nose": {"y": 0, "x": 0, "score": 0.1128836497664452}, "left_eye": {"y": 26.75, "x": 462.4375, "score": 0.1220782846212387}, "right_eye": {"y": 35.6875, "x": 453.5, "score": 0.1302960813045502}, "right_hip": {"y": 142.9375, "x": 444.5625, "score": 0.0481174997985363}, "left_wrist": {"y": 53.5625, "x": 390.9375, "score": 0.1802623569965363}, "left_ear": {"y": 44.625, "x": 399.875, "score": 0.076554074883461}, "left_elbow": {"y": 80.375, "x": 364.125, "score": 0.1775186359882355}, "right_shoulder": {"y": 35.6875, "x": 6.625, "score": 0.2131742686033249}, "right_ankle": {"y": 241.25, "x": 373.0625, "score": 0.0427960529923439}, "right_knee": {"y": 107.1875, "x": 131.75, "score": 0.0535023994743824}, "right_wrist": {"y": 71.4375, "x": 417.75, "score": 0.1743559837341309}}, "location": {"height": 269.0, "width": 475.7195129394531, "top": 0.0, "score": 0.01392613910138607, "left": 3.280487060546875}}, {"body_parts": {"left_hip": {"y": 74.75, "x": 365.0, "score": 0.2548057436943054}, "top_head": {"y": 59.9375, "x": 444.0, "score": 0.378794401884079}, "right_mouth_corner": {"y": 74.75, "x": 434.125, "score": 0.175913542509079}, "neck": {"y": 64.875, "x": 419.3125, "score": 0.4456384181976318}, "left_shoulder": {"y": 55.0, "x": 409.4375, "score": 0.4005599915981293}, "left_knee": {"y": 64.875, "x": 355.125, "score": 0.1983722448348999}, "left_ankle": {"y": 30.3125, "x": 394.625, "score": 0.4191179573535919}, "left_mouth_corner": {"y": 69.8125, "x": 434.125, "score": 0.2422556579113007}, "right_elbow": {"y": 84.625, "x": 394.625, "score": 0.187970831990242}, "right_ear": {"y": 74.75, "x": 434.125, "score": 0.3356996774673462}, "nose": {"y": 69.8125, "x": 434.125, "score": 0.2935677766799927}, "left_eye": {"y": 64.875, "x": 439.0625, "score": 0.3607034683227539}, "right_eye": {"y": 64.875, "x": 439.0625, "score": 0.3069405555725098}, "right_hip": {"y": 84.625, "x": 365.0, "score": 0.1953118145465851}, "left_wrist": {"y": 64.875, "x": 439.0625, "score": 0.2288493067026138}, "left_ear": {"y": 50.0625, "x": 429.1875, "score": 0.326909989118576}, "left_elbow": {"y": 64.875, "x": 439.0625, "score": 0.08434406667947769}, "right_shoulder": {"y": 74.75, "x": 409.4375, "score": 0.253639280796051}, "right_ankle": {"y": 30.3125, "x": 394.625, "score": 0.283613920211792}, "right_knee": {"y": 74.75, "x": 360.0625, "score": 0.1632968783378601}, "right_wrist": {"y": 79.6875, "x": 424.25, "score": 0.3066332340240479}}, "location": {"height": 262.6724853515625, "width": 139.0326690673828, "top": 3.884262084960938, "score": 0.01218173373490572, "left": 339.9673156738281}}], "log_id": 2948642879122657921}