{"person_num": 3, "person_info": [{"body_parts": {"left_hip": {"y": 72.40625, "x": 359.09375, "score": 0.4985213875770569}, "top_head": {"y": 33.90625, "x": 457.75, "score": 0.6838359236717224}, "right_mouth_corner": {"y": 41.125, "x": 421.65625, "score": 0.05484966933727264}, "neck": {"y": 57.96875, "x": 424.0625, "score": 0.8022249341011047}, "left_shoulder": {"y": 45.9375, "x": 404.8125, "score": 0.7795823216438293}, "left_knee": {"y": 57.96875, "x": 361.5, "score": 0.3772060871124268}, "left_ankle": {"y": 77.21875, "x": 351.875, "score": 0.2888125479221344}, "left_mouth_corner": {"y": 38.71875, "x": 421.65625, "score": 0.1187526881694794}, "right_elbow": {"y": 98.875, "x": 397.59375, "score": 0.8519485592842102}, "right_ear": {"y": 55.5625, "x": 445.71875, "score": 0.6313639879226685}, "nose": {"y": 36.3125, "x": 428.875, "score": 0.3272066712379456}, "left_eye": {"y": 36.3125, "x": 431.28125, "score": 0.4392214119434357}, "right_eye": {"y": 31.5, "x": 433.6875, "score": 0.2191455364227295}, "right_hip": {"y": 91.65625, "x": 366.3125, "score": 0.5764181017875671}, "left_wrist": {"y": 33.90625, "x": 380.75, "score": 0.7470262050628662}, "left_ear": {"y": 41.125, "x": 431.28125, "score": 0.8929011821746826}, "left_elbow": {"y": 53.15625, "x": 368.71875, "score": 0.8191320896148682}, "right_shoulder": {"y": 84.4375, "x": 419.25, "score": 0.6749378442764282}, "right_ankle": {"y": 89.25, "x": 359.09375, "score": 0.4751865863800049}, "right_knee": {"y": 94.0625, "x": 395.1875, "score": 0.1491014659404755}, "right_wrist": {"y": 84.4375, "x": 426.46875, "score": 0.7535344362258911}}, "location": {"height": 98.64218139648438, "width": 128.2411499023438, "top": 15.10412216186523, "score": 0.1681557148694992, "left": 336.4779052734375}}, {"body_parts": {"left_hip": {"y": 142.9375, "x": 444.5625, "score": 0.09877893328666687}, "top_head": {"y": 35.6875, "x": 382.0, "score": 0.2065199911594391}, "right_mouth_corner": {"y": 62.5, "x": 355.1875, "score": 0.1419485807418823}, "neck": {"y": 35.6875, "x": 399.875, "score": 0.1529672890901566}, "left_shoulder": {"y": 35.6875, "x": 453.5, "score": 0.1831137090921402}, "left_knee": {"y": 169.75, "x": 417.75, "score": 0.04922011867165565}, "left_ankle": {"y": 241.25, "x": 382.0, "score": 0.06437940150499344}, "left_mouth_corner": {"y": 62.5, "x": 373.0625, "score": 0.1226286590099335}, "right_elbow": {"y": 62.5, "x": 399.875, "score": 0.1743444949388504}, "right_ear": {"y": 35.6875, "x": 390.9375, "score": 0.2237960696220398}, "nose": {"y": 62.5, "x": 364.125, "score": 0.1458693444728851}, "left_eye": {"y": 26.75, "x": 462.4375, "score": 0.1954802721738815}, "right_eye": {"y": 35.6875, "x": 453.5, "score": 0.2020441591739655}, "right_hip": {"y": 116.125, "x": 346.25, "score": 0.07016319781541824}, "left_wrist": {"y": 71.4375, "x": 399.875, "score": 0.3016288876533508}, "left_ear": {"y": 44.625, "x": 390.9375, "score": 0.1811937242746353}, "left_elbow": {"y": 71.4375, "x": 399.875, "score": 0.171828880906105}, "right_shoulder": {"y": 35.6875, "x": 453.5, "score": 0.2070342898368835}, "right_ankle": {"y": 250.1875, "x": 382.0, "score": 0.08150339871644974}, "right_knee": {"y": 205.5, "x": 382.0, "score": 0.04101994633674622}, "right_wrist": {"y": 53.5625, "x": 399.875, "score": 0.2301128357648849}}, "location": {"height": 269.0, "width": 475.59423828125, "top": 0.0, "score": 0.01501777954399586, "left": 3.40576171875}}, {"body_parts": {"left_hip": {"y": 88.4375, "x": 363.0, "score": 0.2512275874614716}, "top_head": {"y": 32.75, "x": 454.125, "score": 0.7748240828514099}, "right_mouth_corner": {"y": 63.125, "x": 438.9375, "score": 0.1566937267780304}, "neck": {"y": 53.0, "x": 423.75, "score": 0.9019414782524109}, "left_shoulder": {"y": 42.875, "x": 403.5, "score": 0.8166247606277466}, "left_knee": {"y": 169.4375, "x": 347.8125, "score": 0.2361502796411514}, "left_ankle": {"y": 225.125, "x": 342.75, "score": 0.1595169603824615}, "left_mouth_corner": {"y": 42.875, "x": 423.75, "score": 0.1053642705082893}, "right_elbow": {"y": 83.375, "x": 393.375, "score": 0.3485563695430756}, "right_ear": {"y": 58.0625, "x": 444.0, "score": 0.71090167760849}, "nose": {"y": 58.0625, "x": 449.0625, "score": 0.265462726354599}, "left_eye": {"y": 32.75, "x": 433.875, "score": 0.2507346570491791}, "right_eye": {"y": 53.0, "x": 449.0625, "score": 0.4202223122119904}, "right_hip": {"y": 123.875, "x": 373.125, "score": 0.3055863082408905}, "left_wrist": {"y": 27.6875, "x": 378.1875, "score": 0.3800388872623444}, "left_ear": {"y": 32.75, "x": 428.8125, "score": 0.7796191573143005}, "left_elbow": {"y": 42.875, "x": 368.0625, "score": 0.489553838968277}, "right_shoulder": {"y": 83.375, "x": 418.6875, "score": 0.7627951502799988}, "right_ankle": {"y": 230.1875, "x": 352.875, "score": 0.1276056170463562}, "right_knee": {"y": 174.5, "x": 352.875, "score": 0.227346658706665}, "right_wrist": {"y": 53.0, "x": 373.125, "score": 0.2261575013399124}}, "location": {"height": 269.0, "width": 136.0576324462891, "top": 0.0, "score": 0.005574628710746765, "left": 342.9423522949219}}], "log_id": 8418845025763549217}