{"person_num": 3, "person_info": [{"body_parts": {"left_hip": {"y": 54.1875, "x": 403.0, "score": 0.4816788136959076}, "top_head": {"y": 8.062496185302734, "x": 431.1875, "score": 0.0535239577293396}, "right_mouth_corner": {"y": 0.375, "x": 403.0, "score": 0.07707533985376358}, "neck": {"y": 0, "x": 444.0, "score": 0.2251600921154022}, "left_shoulder": {"y": 2.9375, "x": 413.25, "score": 0.5564996004104614}, "left_knee": {"y": 49.0625, "x": 385.0625, "score": 0.1798799335956573}, "left_ankle": {"y": 54.1875, "x": 372.25, "score": 0.2951887249946594}, "left_mouth_corner": {"y": 2.9375, "x": 400.4375, "score": 0.08342486619949341}, "right_elbow": {"y": 49.0625, "x": 459.375, "score": 0.7055816650390625}, "right_ear": {"y": 0, "x": 474.75, "score": 0.1004627123475075}, "nose": {"y": 2.9375, "x": 405.5625, "score": 0.2517219483852386}, "left_eye": {"y": 0.375, "x": 408.125, "score": 0.1567435264587402}, "right_eye": {"y": 0.375, "x": 408.125, "score": 0.147901251912117}, "right_hip": {"y": 77.25, "x": 415.8125, "score": 0.2912627160549164}, "left_wrist": {"y": 33.6875, "x": 377.375, "score": 0.7210491895675659}, "left_ear": {"y": 0, "x": 428.625, "score": 0.05417253822088242}, "left_elbow": {"y": 20.875, "x": 390.1875, "score": 0.6539850234985352}, "right_shoulder": {"y": 5.499996185302734, "x": 472.1875, "score": 0.6002177000045776}, "right_ankle": {"y": 92.625, "x": 354.3125, "score": 0.5221394300460815}, "right_knee": {"y": 77.25, "x": 379.9375, "score": 0.5278047919273376}, "right_wrist": {"y": 46.5, "x": 438.875, "score": 0.2501926124095917}}, "location": {"height": 105.9279327392578, "width": 135.669189453125, "top": 0.6433944702148438, "score": 0.8926090598106384, "left": 341.9765014648438}}, {"body_parts": {"left_hip": {"y": 53.84375, "x": 328.0625, "score": 0.04810582473874092}, "top_head": {"y": 9.3125, "x": 461.65625, "score": 0.1660723686218262}, "right_mouth_corner": {"y": 44.9375, "x": 363.6875, "score": 0.0806976929306984}, "neck": {"y": 71.65625, "x": 399.3125, "score": 0.05871349200606346}, "left_shoulder": {"y": 0.40625, "x": 452.75, "score": 0.1605078279972076}, "left_knee": {"y": 151.8125, "x": 434.9375, "score": 0.07772469520568848}, "left_ankle": {"y": 53.84375, "x": 399.3125, "score": 0.1301277130842209}, "left_mouth_corner": {"y": 27.125, "x": 372.59375, "score": 0.0984327644109726}, "right_elbow": {"y": 36.03125, "x": 434.9375, "score": 0.1975350379943848}, "right_ear": {"y": 44.9375, "x": 434.9375, "score": 0.1016971990466118}, "nose": {"y": 27.125, "x": 372.59375, "score": 0.1745239645242691}, "left_eye": {"y": 27.125, "x": 461.65625, "score": 0.1602023094892502}, "right_eye": {"y": 27.125, "x": 381.5, "score": 0.1726493686437607}, "right_hip": {"y": 80.5625, "x": 363.6875, "score": 0.04108529537916183}, "left_wrist": {"y": 44.9375, "x": 390.40625, "score": 0.2982041239738464}, "left_ear": {"y": 36.03125, "x": 470.5625, "score": 0.1293929666280746}, "left_elbow": {"y": 44.9375, "x": 426.03125, "score": 0.1993031203746796}, "right_shoulder": {"y": 27.125, "x": 34.15625, "score": 0.1593918800354004}, "right_ankle": {"y": 240.875, "x": 372.59375, "score": 0.08512739092111588}, "right_knee": {"y": 125.09375, "x": 158.84375, "score": 0.06950918585062027}, "right_wrist": {"y": 44.9375, "x": 399.3125, "score": 0.2035419195890427}}, "location": {"height": 269.0, "width": 474.1980590820312, "top": 0.0, "score": 0.009721113368868828, "left": 4.801910400390625}}, {"body_parts": {"left_hip": {"y": 53.0, "x": 428.8125, "score": 0.1626079678535461}, "top_head": {"y": 27.6875, "x": 469.3125, "score": 0.02872943505644798}, "right_mouth_corner": {"y": 22.625, "x": 373.125, "score": 0.04413768276572227}, "neck": {"y": 0, "x": 444.0, "score": 0.03286176174879074}, "left_shoulder": {"y": 7.4375, "x": 464.25, "score": 0.1648555994033813}, "left_knee": {"y": 63.125, "x": 388.3125, "score": 0.3398866057395935}, "left_ankle": {"y": 88.4375, "x": 363.0, "score": 0.4264607429504395}, "left_mouth_corner": {"y": 32.75, "x": 378.1875, "score": 0.02957546524703503}, "right_elbow": {"y": 12.5, "x": 403.5, "score": 0.2226777374744415}, "right_ear": {"y": 32.75, "x": 464.25, "score": 0.0266969408839941}, "nose": {"y": 22.625, "x": 373.125, "score": 0.05292101204395294}, "left_eye": {"y": 32.75, "x": 373.125, "score": 0.04298922419548035}, "right_eye": {"y": 17.5625, "x": 378.1875, "score": 0.02924892492592335}, "right_hip": {"y": 58.0625, "x": 438.9375, "score": 0.2009881287813187}, "left_wrist": {"y": 22.625, "x": 388.3125, "score": 0.4179002046585083}, "left_ear": {"y": 22.625, "x": 373.125, "score": 0.03239081799983978}, "left_elbow": {"y": 42.875, "x": 459.1875, "score": 0.1948078274726868}, "right_shoulder": {"y": 2.375, "x": 469.3125, "score": 0.09127771854400635}, "right_ankle": {"y": 73.25, "x": 378.1875, "score": 0.1347373127937317}, "right_knee": {"y": 78.3125, "x": 418.6875, "score": 0.2093273997306824}, "right_wrist": {"y": 22.625, "x": 388.3125, "score": 0.457048237323761}}, "location": {"height": 268.3462524414062, "width": 138.3051910400391, "top": 0.6537322998046875, "score": 0.00757630355656147, "left": 340.6947937011719}}], "log_id": 5104482088402631809}