{"person_num": 2, "person_info": [{"body_parts": {"left_hip": {"y": 70.875, "x": 126.625, "score": 0.3012010753154755}, "top_head": {"y": 66.125, "x": 100.5, "score": 0.3150522112846375}, "right_mouth_corner": {"y": 68.5, "x": 107.625, "score": 0.0602387934923172}, "neck": {"y": 70.875, "x": 83.875, "score": 0.4090466797351837}, "left_shoulder": {"y": 44.75, "x": 83.875, "score": 0.7190805077552795}, "left_knee": {"y": 82.75, "x": 157.5, "score": 0.4325951337814331}, "left_ankle": {"y": 97.0, "x": 167.0, "score": 0.5013353824615479}, "left_mouth_corner": {"y": 61.375, "x": 107.625, "score": 0.1524660438299179}, "right_elbow": {"y": 99.375, "x": 131.375, "score": 0.7602016925811768}, "right_ear": {"y": 87.5, "x": 95.75, "score": 0.3132611811161041}, "nose": {"y": 63.75, "x": 102.875, "score": 0.2577705681324005}, "left_eye": {"y": 63.75, "x": 107.625, "score": 0.4605844616889954}, "right_eye": {"y": 66.125, "x": 102.875, "score": 0.2416152060031891}, "right_hip": {"y": 99.375, "x": 136.125, "score": 0.2534081637859344}, "left_wrist": {"y": 54.25, "x": 143.25, "score": 0.8536056280136108}, "left_ear": {"y": 61.375, "x": 95.75, "score": 0.281812310218811}, "left_elbow": {"y": 47.125, "x": 114.75, "score": 0.7428374290466309}, "right_shoulder": {"y": 106.5, "x": 93.375, "score": 0.5953813195228577}, "right_ankle": {"y": 113.625, "x": 174.125, "score": 0.720300555229187}, "right_knee": {"y": 99.375, "x": 164.625, "score": 0.5343605279922485}, "right_wrist": {"y": 78.0, "x": 119.5, "score": 0.7722406387329102}}, "location": {"height": 89.27562713623047, "width": 127.0189361572266, "top": 34.66614151000977, "score": 0.7381178140640259, "left": 66.4894027709961}}, {"body_parts": {"left_hip": {"y": 117.1875, "x": 180.15625, "score": 0.0892452523112297}, "top_head": {"y": 58.34375, "x": 104.5, "score": 0.3874728381633759}, "right_mouth_corner": {"y": 91.96875, "x": 121.3125, "score": 0.2646030783653259}, "neck": {"y": 75.15625, "x": 146.53125, "score": 0.299677848815918}, "left_shoulder": {"y": 66.75, "x": 163.34375, "score": 0.2855564057826996}, "left_knee": {"y": 209.65625, "x": 331.46875, "score": 0.04189888387918472}, "left_ankle": {"y": 234.875, "x": 365.09375, "score": 0.06983298063278198}, "left_mouth_corner": {"y": 58.34375, "x": 163.34375, "score": 0.3288927674293518}, "right_elbow": {"y": 108.78125, "x": 154.9375, "score": 0.06723546981811523}, "right_ear": {"y": 33.125, "x": 474.375, "score": 0.3647343814373016}, "nose": {"y": 91.96875, "x": 112.90625, "score": 0.3488443493843079}, "left_eye": {"y": 75.15625, "x": 112.90625, "score": 0.429557204246521}, "right_eye": {"y": 83.5625, "x": 104.5, "score": 0.3962613344192505}, "right_hip": {"y": 125.59375, "x": 154.9375, "score": 0.06662328541278839}, "left_wrist": {"y": 49.9375, "x": 146.53125, "score": 0.3266043066978455}, "left_ear": {"y": 58.34375, "x": 129.71875, "score": 0.3840139806270599}, "left_elbow": {"y": 41.53125, "x": 87.6875, "score": 0.2641981244087219}, "right_shoulder": {"y": 100.375, "x": 138.125, "score": 0.1122409105300903}, "right_ankle": {"y": 234.875, "x": 356.6875, "score": 0.08344704657793045}, "right_knee": {"y": 150.8125, "x": 440.75, "score": 0.04641242325305939}, "right_wrist": {"y": 49.9375, "x": 138.125, "score": 0.1880041807889938}}, "location": {"height": 268.7088317871094, "width": 448.8778076171875, "top": 0.291168212890625, "score": 0.006165541242808104, "left": 25.12074279785156}}], "log_id": 7280992353117279297}