{"person_num": 2, "person_info": [{"body_parts": {"left_hip": {"y": 39.21875, "x": 263.15625, "score": 0.3100813031196594}, "top_head": {"y": 1.25, "x": 326.4375, "score": 0.06377779692411423}, "right_mouth_corner": {"y": 8.84375, "x": 265.6875, "score": 0.05956902727484703}, "neck": {"y": 0, "x": 291.0, "score": 0.09932687133550644}, "left_shoulder": {"y": 1.25, "x": 273.28125, "score": 0.7078303098678589}, "left_knee": {"y": 56.9375, "x": 253.03125, "score": 0.4832221865653992}, "left_ankle": {"y": 74.65625, "x": 247.96875, "score": 0.7097924947738647}, "left_mouth_corner": {"y": 8.84375, "x": 265.6875, "score": 0.04964641109108925}, "right_elbow": {"y": 24.03125, "x": 301.125, "score": 0.3500586152076721}, "right_ear": {"y": 1.25, "x": 326.4375, "score": 0.0760229155421257}, "nose": {"y": 6.3125, "x": 268.21875, "score": 0.02843022346496582}, "left_eye": {"y": 1.25, "x": 328.96875, "score": 0.01818156242370605}, "right_eye": {"y": 1.25, "x": 328.96875, "score": 0.02849050424993038}, "right_hip": {"y": 44.28125, "x": 285.9375, "score": 0.2585026919841766}, "left_wrist": {"y": 34.15625, "x": 242.90625, "score": 0.8157185316085815}, "left_ear": {"y": 0, "x": 273.28125, "score": 0.02726128324866295}, "left_elbow": {"y": 29.09375, "x": 258.09375, "score": 0.7751253843307495}, "right_shoulder": {"y": 1.25, "x": 321.375, "score": 0.3910189270973206}, "right_ankle": {"y": 56.9375, "x": 283.40625, "score": 0.4178331792354584}, "right_knee": {"y": 56.9375, "x": 263.15625, "score": 0.3111167550086975}, "right_wrist": {"y": 46.8125, "x": 288.46875, "score": 0.087997667491436}}, "location": {"height": 86.98860931396484, "width": 134.9638824462891, "top": 0.4619255065917969, "score": 0.1004559099674225, "left": 224.6730041503906}}, {"body_parts": {"left_hip": {"y": 151.625, "x": 459.3125, "score": 0.09937749058008194}, "top_head": {"y": 1.8125, "x": 283.0625, "score": 0.2813044786453247}, "right_mouth_corner": {"y": 28.25, "x": 274.25, "score": 0.07403033971786499}, "neck": {"y": 10.62499237060547, "x": 291.875, "score": 0.05248499661684036}, "left_shoulder": {"y": 28.25, "x": 468.125, "score": 0.0985189825296402}, "left_knee": {"y": 134.0, "x": 335.9375, "score": 0.05787547305226326}, "left_ankle": {"y": 54.6875, "x": 256.625, "score": 0.1045232564210892}, "left_mouth_corner": {"y": 28.25, "x": 283.0625, "score": 0.08818073570728302}, "right_elbow": {"y": 1.8125, "x": 318.3125, "score": 0.1481156349182129}, "right_ear": {"y": 28.25, "x": 468.125, "score": 0.195052295923233}, "nose": {"y": 28.25, "x": 256.625, "score": 0.1493107676506042}, "left_eye": {"y": 28.25, "x": 283.0625, "score": 0.2256100326776505}, "right_eye": {"y": 28.25, "x": 274.25, "score": 0.1867885589599609}, "right_hip": {"y": 151.625, "x": 441.6875, "score": 0.06375722587108612}, "left_wrist": {"y": 37.0625, "x": 265.4375, "score": 0.4797576069831848}, "left_ear": {"y": 19.4375, "x": 468.125, "score": 0.213643342256546}, "left_elbow": {"y": 1.8125, "x": 318.3125, "score": 0.3661083281040192}, "right_shoulder": {"y": 28.25, "x": 18.6875, "score": 0.1193526312708855}, "right_ankle": {"y": 239.75, "x": 371.1875, "score": 0.04932186007499695}, "right_knee": {"y": 125.1875, "x": 335.9375, "score": 0.06631986796855927}, "right_wrist": {"y": 28.25, "x": 265.4375, "score": 0.3056506812572479}}, "location": {"height": 269.0, "width": 469.4411926269531, "top": 0.0, "score": 0.01310343947261572, "left": 9.558792114257812}}], "log_id": 2514063034835693441}