{"person_num": 2, "person_info": [{"body_parts": {"left_hip": {"y": 71.40625, "x": 465.75, "score": 0.1208130419254303}, "top_head": {"y": 114.4375, "x": 458.15625, "score": 0.05098110064864159}, "right_mouth_corner": {"y": 81.53125, "x": 480, "score": 0.04451285302639008}, "neck": {"y": 81.53125, "x": 480, "score": 0.08907844871282578}, "left_shoulder": {"y": 51.15625, "x": 470.8125, "score": 0.02560429275035858}, "left_knee": {"y": 66.34375, "x": 397.40625, "score": 0.2024126350879669}, "left_ankle": {"y": 66.34375, "x": 367.03125, "score": 0.3651794195175171}, "left_mouth_corner": {"y": 84.0625, "x": 480, "score": 0.04151777178049088}, "right_elbow": {"y": 101.78125, "x": 430.3125, "score": 0.1374045759439468}, "right_ear": {"y": 18.25, "x": 473.34375, "score": 0.03998029977083206}, "nose": {"y": 116.96875, "x": 440.4375, "score": 0.02679264172911644}, "left_eye": {"y": 116.96875, "x": 440.4375, "score": 0.03007540665566921}, "right_eye": {"y": 116.96875, "x": 442.96875, "score": 0.03780706226825714}, "right_hip": {"y": 99.25, "x": 465.75, "score": 0.279356449842453}, "left_wrist": {"y": 53.6875, "x": 377.15625, "score": 0.03882370516657829}, "left_ear": {"y": 56.21875, "x": 445.5, "score": 0.02264366298913956}, "left_elbow": {"y": 48.625, "x": 397.40625, "score": 0.0888325497508049}, "right_shoulder": {"y": 99.25, "x": 468.28125, "score": 0.2603475749492645}, "right_ankle": {"y": 91.65625, "x": 367.03125, "score": 0.465071052312851}, "right_knee": {"y": 66.34375, "x": 397.40625, "score": 0.3525884747505188}, "right_wrist": {"y": 104.3125, "x": 430.3125, "score": 0.3147062659263611}}, "location": {"height": 87.65498352050781, "width": 133.7521667480469, "top": 35.30416870117188, "score": 0.03093281388282776, "left": 345.2478332519531}}, {"body_parts": {"left_hip": {"y": 142.875, "x": 443.125, "score": 0.1391099244356155}, "top_head": {"y": 9.75, "x": 407.625, "score": 0.08493652194738388}, "right_mouth_corner": {"y": 63.0, "x": 363.25, "score": 0.09088321030139923}, "neck": {"y": 18.625, "x": 452.0, "score": 0.07329677045345306}, "left_shoulder": {"y": 36.375, "x": 469.75, "score": 0.1081405207514763}, "left_knee": {"y": 205.0, "x": 372.125, "score": 0.04594622552394867}, "left_ankle": {"y": 160.625, "x": 88.125, "score": 0.06467946618795395}, "left_mouth_corner": {"y": 63.0, "x": 354.375, "score": 0.09091426432132721}, "right_elbow": {"y": 71.875, "x": 460.875, "score": 0.1993512064218521}, "right_ear": {"y": 9.75, "x": 381.0, "score": 0.0866934210062027}, "nose": {"y": 18.625, "x": 478.625, "score": 0.09492199122905731}, "left_eye": {"y": 18.625, "x": 478.625, "score": 0.1065451055765152}, "right_eye": {"y": 9.75, "x": 478.625, "score": 0.1257809996604919}, "right_hip": {"y": 151.75, "x": 434.25, "score": 0.06366808712482452}, "left_wrist": {"y": 63.0, "x": 389.875, "score": 0.2882551252841949}, "left_ear": {"y": 36.375, "x": 425.375, "score": 0.09112320840358734}, "left_elbow": {"y": 71.875, "x": 460.875, "score": 0.2810752987861633}, "right_shoulder": {"y": 27.5, "x": 34.875, "score": 0.1679268479347229}, "right_ankle": {"y": 169.5, "x": 88.125, "score": 0.09016846120357513}, "right_knee": {"y": 205.0, "x": 381.0, "score": 0.04509801790118217}, "right_wrist": {"y": 54.125, "x": 389.875, "score": 0.1369338184595108}}, "location": {"height": 269.0, "width": 472.5316772460938, "top": 0.0, "score": 0.01471107732504606, "left": 6.468307495117188}}], "log_id": 6581198538162668321}