{"person_num": 2, "person_info": [{"body_parts": {"left_hip": {"y": 94.25, "x": 458.40625, "score": 0.1373658776283264}, "top_head": {"y": 0, "x": 478.28125, "score": 0.04247215390205383}, "right_mouth_corner": {"y": 24.6875, "x": 458.40625, "score": 0.01094558276236057}, "neck": {"y": 14.74999237060547, "x": 304.375, "score": 0.1053954735398293}, "left_shoulder": {"y": 59.46875, "x": 453.4375, "score": 0.03191722929477692}, "left_knee": {"y": 64.4375, "x": 398.78125, "score": 0.09574747830629349}, "left_ankle": {"y": 79.34375, "x": 378.90625, "score": 0.3855219185352325}, "left_mouth_corner": {"y": 173.75, "x": 329.21875, "score": 0.01510214433073997}, "right_elbow": {"y": 64.4375, "x": 448.46875, "score": 0.08583180606365204}, "right_ear": {"y": 9.781242370605469, "x": 289.46875, "score": 0.03641388565301895}, "nose": {"y": 9.781242370605469, "x": 463.375, "score": 0.08250118792057037}, "left_eye": {"y": 109.15625, "x": 448.46875, "score": 0.04784269258379936}, "right_eye": {"y": 4.8125, "x": 463.375, "score": 0.07913172990083694}, "right_hip": {"y": 89.28125, "x": 463.375, "score": 0.1261756867170334}, "left_wrist": {"y": 64.4375, "x": 378.90625, "score": 0.3044117093086243}, "left_ear": {"y": 14.74999237060547, "x": 284.5, "score": 0.02211126498878002}, "left_elbow": {"y": 69.40625, "x": 448.46875, "score": 0.1260290443897247}, "right_shoulder": {"y": 74.375, "x": 378.90625, "score": 0.03316125646233559}, "right_ankle": {"y": 79.34375, "x": 378.90625, "score": 0.4009483456611633}, "right_knee": {"y": 69.40625, "x": 423.625, "score": 0.1120240762829781}, "right_wrist": {"y": 64.4375, "x": 383.875, "score": 0.1468569040298462}}, "location": {"height": 265.1431579589844, "width": 138.3835296630859, "top": 2.4447021484375, "score": 0.02468800731003284, "left": 340.616455078125}}, {"body_parts": {"left_hip": {"y": 151.6875, "x": 442.40625, "score": 0.1119235008955002}, "top_head": {"y": 0, "x": 480, "score": 0.06169470399618149}, "right_mouth_corner": {"y": 19.03125, "x": 477.78125, "score": 0.075264573097229}, "neck": {"y": 36.71875, "x": 480, "score": 0.04555989429354668}, "left_shoulder": {"y": 80.9375, "x": 451.25, "score": 0.0932423546910286}, "left_knee": {"y": 151.6875, "x": 415.875, "score": 0.04283390939235687}, "left_ankle": {"y": 240.125, "x": 371.65625, "score": 0.07111184298992157}, "left_mouth_corner": {"y": 27.875, "x": 477.78125, "score": 0.08010941743850708}, "right_elbow": {"y": 63.25, "x": 460.09375, "score": 0.2783190011978149}, "right_ear": {"y": 1.34375, "x": 477.78125, "score": 0.155583918094635}, "nose": {"y": 19.03125, "x": 477.78125, "score": 0.2275775820016861}, "left_eye": {"y": 10.1875, "x": 477.78125, "score": 0.2773378491401672}, "right_eye": {"y": 10.1875, "x": 477.78125, "score": 0.2756029367446899}, "right_hip": {"y": 151.6875, "x": 433.5625, "score": 0.07141142338514328}, "left_wrist": {"y": 72.09375, "x": 389.34375, "score": 0.370498389005661}, "left_ear": {"y": 19.03125, "x": 480, "score": 0.07056491822004318}, "left_elbow": {"y": 63.25, "x": 468.9375, "score": 0.269349068403244}, "right_shoulder": {"y": 27.875, "x": 17.90625, "score": 0.1796790361404419}, "right_ankle": {"y": 240.125, "x": 371.65625, "score": 0.07764401286840439}, "right_knee": {"y": 160.53125, "x": 274.375, "score": 0.04639603942632675}, "right_wrist": {"y": 72.09375, "x": 389.34375, "score": 0.2481390982866287}}, "location": {"height": 269.0, "width": 470.5508422851562, "top": 0.0, "score": 0.01423296052962542, "left": 8.449142456054688}}], "log_id": 3897050853969014849}