{"person_num": 2, "person_info": [{"body_parts": {"left_hip": {"y": 77.28125, "x": 118.71875, "score": 0.6709111332893372}, "top_head": {"y": 74.375, "x": 46.0625, "score": 0.4724350869655609}, "right_mouth_corner": {"y": 80.1875, "x": 72.21875, "score": 0.63987135887146}, "neck": {"y": 74.375, "x": 72.21875, "score": 0.6805344223976135}, "left_shoulder": {"y": 54.03125, "x": 78.03125, "score": 0.7645744681358337}, "left_knee": {"y": 83.09375, "x": 139.0625, "score": 0.7836942076683044}, "left_ankle": {"y": 86.0, "x": 162.3125, "score": 0.7864591479301453}, "left_mouth_corner": {"y": 77.28125, "x": 75.125, "score": 0.7984005212783813}, "right_elbow": {"y": 109.25, "x": 107.09375, "score": 0.7645950317382812}, "right_ear": {"y": 86.0, "x": 60.59375, "score": 0.4665799736976624}, "nose": {"y": 80.1875, "x": 75.125, "score": 0.5542661547660828}, "left_eye": {"y": 74.375, "x": 69.3125, "score": 0.4803827404975891}, "right_eye": {"y": 80.1875, "x": 69.3125, "score": 0.4678508639335632}, "right_hip": {"y": 94.71875, "x": 112.90625, "score": 0.5634728074073792}, "left_wrist": {"y": 71.46875, "x": 112.90625, "score": 0.939609169960022}, "left_ear": {"y": 68.5625, "x": 69.3125, "score": 0.4557428956031799}, "left_elbow": {"y": 56.9375, "x": 104.1875, "score": 0.8330086469650269}, "right_shoulder": {"y": 103.4375, "x": 78.03125, "score": 0.7505936026573181}, "right_ankle": {"y": 97.625, "x": 141.96875, "score": 0.2490203231573105}, "right_knee": {"y": 100.53125, "x": 127.4375, "score": 0.3534097075462341}, "right_wrist": {"y": 91.8125, "x": 115.8125, "score": 0.7649425268173218}}, "location": {"height": 72.5689697265625, "width": 154.7748870849609, "top": 44.34822845458984, "score": 0.8509839177131653, "left": 33.35560607910156}}, {"body_parts": {"left_hip": {"y": 89.78125, "x": 141.71875, "score": 0.1042056083679199}, "top_head": {"y": 63.25, "x": 115.1875, "score": 0.1140403747558594}, "right_mouth_corner": {"y": 63.25, "x": 79.8125, "score": 0.05341817811131477}, "neck": {"y": 80.9375, "x": 88.65625, "score": 0.1927083134651184}, "left_shoulder": {"y": 72.09375, "x": 115.1875, "score": 0.09354612976312637}, "left_knee": {"y": 80.9375, "x": 159.40625, "score": 0.06842681765556335}, "left_ankle": {"y": 89.78125, "x": 97.5, "score": 0.452951580286026}, "left_mouth_corner": {"y": 36.71875, "x": 88.65625, "score": 0.05281227454543114}, "right_elbow": {"y": 72.09375, "x": 168.25, "score": 0.06041720509529114}, "right_ear": {"y": 36.71875, "x": 468.9375, "score": 0.2396362274885178}, "nose": {"y": 80.9375, "x": 477.78125, "score": 0.1551284044981003}, "left_eye": {"y": 72.09375, "x": 480, "score": 0.08713342249393463}, "right_eye": {"y": 45.5625, "x": 477.78125, "score": 0.182748556137085}, "right_hip": {"y": 116.3125, "x": 124.03125, "score": 0.05635238811373711}, "left_wrist": {"y": 63.25, "x": 106.34375, "score": 0.05150439962744713}, "left_ear": {"y": 63.25, "x": 88.65625, "score": 0.1149755567312241}, "left_elbow": {"y": 72.09375, "x": 159.40625, "score": 0.07799968868494034}, "right_shoulder": {"y": 80.9375, "x": 124.03125, "score": 0.1245239153504372}, "right_ankle": {"y": 89.78125, "x": 88.65625, "score": 0.3508846163749695}, "right_knee": {"y": 89.78125, "x": 168.25, "score": 0.06640033423900604}, "right_wrist": {"y": 63.25, "x": 62.125, "score": 0.04350870847702026}}, "location": {"height": 268.270263671875, "width": 470.9674072265625, "top": 0.7297515869140625, "score": 0.007555405609309673, "left": 8.0325927734375}}], "log_id": 7163156575593702113}