{"person_num": 3, "person_info": [{"body_parts": {"left_hip": {"y": 134.0, "x": 446.4375, "score": 0.1273655444383621}, "top_head": {"y": 9.781242370605469, "x": 371.90625, "score": 0.1710542440414429}, "right_mouth_corner": {"y": 39.59375, "x": 480, "score": 0.01430386863648891}, "neck": {"y": 4.8125, "x": 381.84375, "score": 0.2469484210014343}, "left_shoulder": {"y": 4.8125, "x": 371.90625, "score": 0.2715626955032349}, "left_knee": {"y": 34.625, "x": 366.9375, "score": 0.05314114317297935}, "left_ankle": {"y": 49.53125, "x": 322.21875, "score": 0.2110470235347748}, "left_mouth_corner": {"y": 0, "x": 480, "score": 0.01052942220121622}, "right_elbow": {"y": 14.74999237060547, "x": 381.84375, "score": 0.1338900029659271}, "right_ear": {"y": 9.781242370605469, "x": 406.6875, "score": 0.09584186226129532}, "nose": {"y": 9.781242370605469, "x": 480, "score": 0.02864977158606052}, "left_eye": {"y": 4.8125, "x": 480, "score": 0.009985610842704773}, "right_eye": {"y": 0, "x": 480, "score": 0.01203501038253307}, "right_hip": {"y": 134.0, "x": 461.34375, "score": 0.135368138551712}, "left_wrist": {"y": 19.71874237060547, "x": 347.0625, "score": 0.1128697842359543}, "left_ear": {"y": 9.781242370605469, "x": 366.9375, "score": 0.05103470757603645}, "left_elbow": {"y": 34.625, "x": 352.03125, "score": 0.319952130317688}, "right_shoulder": {"y": 0, "x": 406.6875, "score": 0.2315622270107269}, "right_ankle": {"y": 39.59375, "x": 342.09375, "score": 0.05181446671485901}, "right_knee": {"y": 24.6875, "x": 366.9375, "score": 0.06356433033943176}, "right_wrist": {"y": 14.74999237060547, "x": 381.84375, "score": 0.06972809135913849}}, "location": {"height": 264.9282531738281, "width": 168.3841094970703, "top": 2.546920537948608, "score": 0.053893081843853, "left": 310.6158752441406}}, {"body_parts": {"left_hip": {"y": 151.625, "x": 459.3125, "score": 0.04377248510718346}, "top_head": {"y": 0, "x": 388.8125, "score": 0.0808991938829422}, "right_mouth_corner": {"y": 28.25, "x": 362.375, "score": 0.0755670815706253}, "neck": {"y": 28.25, "x": 480, "score": 0.1122967973351479}, "left_shoulder": {"y": 19.4375, "x": 468.125, "score": 0.1454112678766251}, "left_knee": {"y": 151.625, "x": 441.6875, "score": 0.05876532569527626}, "left_ankle": {"y": 239.75, "x": 380.0, "score": 0.05422741174697876}, "left_mouth_corner": {"y": 28.25, "x": 371.1875, "score": 0.1003732979297638}, "right_elbow": {"y": 19.4375, "x": 362.375, "score": 0.137982115149498}, "right_ear": {"y": 19.4375, "x": 476.9375, "score": 0.2253669649362564}, "nose": {"y": 19.4375, "x": 362.375, "score": 0.1999541670084}, "left_eye": {"y": 19.4375, "x": 371.1875, "score": 0.1990020722150803}, "right_eye": {"y": 19.4375, "x": 362.375, "score": 0.1877100616693497}, "right_hip": {"y": 151.625, "x": 441.6875, "score": 0.04223098605871201}, "left_wrist": {"y": 28.25, "x": 353.5625, "score": 0.3201891481876373}, "left_ear": {"y": 19.4375, "x": 476.9375, "score": 0.1654663980007172}, "left_elbow": {"y": 19.4375, "x": 353.5625, "score": 0.3321249783039093}, "right_shoulder": {"y": 28.25, "x": 18.6875, "score": 0.2418766915798187}, "right_ankle": {"y": 178.0625, "x": 89.1875, "score": 0.06336168944835663}, "right_knee": {"y": 151.625, "x": 441.6875, "score": 0.06776316463947296}, "right_wrist": {"y": 28.25, "x": 362.375, "score": 0.1378029137849808}}, "location": {"height": 269.0, "width": 469.18994140625, "top": 0.0, "score": 0.02347882464528084, "left": 9.81005859375}}, {"body_parts": {"left_hip": {"y": 18.0, "x": 343.875, "score": 0.2890737354755402}, "top_head": {"y": 8.0625, "x": 363.75, "score": 0.1048218309879303}, "right_mouth_corner": {"y": 1.4375, "x": 420.0625, "score": 0.05224385485053062}, "neck": {"y": 1.4375, "x": 386.9375, "score": 0.1951524466276169}, "left_shoulder": {"y": 8.0625, "x": 386.9375, "score": 0.1882364004850388}, "left_knee": {"y": 37.875, "x": 340.5625, "score": 0.1216705963015556}, "left_ankle": {"y": 54.4375, "x": 320.6875, "score": 0.1514125019311905}, "left_mouth_corner": {"y": 4.75, "x": 420.0625, "score": 0.06436380743980408}, "right_elbow": {"y": 24.625, "x": 360.4375, "score": 0.1592927277088165}, "right_ear": {"y": 1.4375, "x": 380.3125, "score": 0.1003947407007217}, "nose": {"y": 1.4375, "x": 420.0625, "score": 0.09412095695734024}, "left_eye": {"y": 1.4375, "x": 420.0625, "score": 0.1000549867749214}, "right_eye": {"y": 1.4375, "x": 416.75, "score": 0.1003406643867493}, "right_hip": {"y": 34.5625, "x": 343.875, "score": 0.4050758481025696}, "left_wrist": {"y": 8.0625, "x": 393.5625, "score": 0.2270295321941376}, "left_ear": {"y": 8.0625, "x": 357.125, "score": 0.1280730366706848}, "left_elbow": {"y": 1.4375, "x": 403.5, "score": 0.146021768450737}, "right_shoulder": {"y": 4.75, "x": 363.75, "score": 0.1868212670087814}, "right_ankle": {"y": 57.75, "x": 307.4375, "score": 0.7152320742607117}, "right_knee": {"y": 47.8125, "x": 337.25, "score": 0.5673630237579346}, "right_wrist": {"y": 34.5625, "x": 367.0625, "score": 0.1525239050388336}}, "location": {"height": 72.0102310180664, "width": 176.0798492431641, "top": 0.7458228468894958, "score": 0.02089084684848785, "left": 294.8855590820312}}], "log_id": 6206812703304096033}