{"person_num": 2, "person_info": [{"body_parts": {"left_hip": {"y": 134.0, "x": 444.5, "score": 0.1813767999410629}, "top_head": {"y": 14.74999237060547, "x": 384.875, "score": 0.02669953368604183}, "right_mouth_corner": {"y": 0, "x": 480, "score": 0.01897052489221096}, "neck": {"y": 9.781242370605469, "x": 320.28125, "score": 0.09266727417707443}, "left_shoulder": {"y": 9.781242370605469, "x": 454.4375, "score": 0.04055282101035118}, "left_knee": {"y": 238.34375, "x": 429.59375, "score": 0.1144377663731575}, "left_ankle": {"y": 253.25, "x": 414.6875, "score": 0.1133281588554382}, "left_mouth_corner": {"y": 0, "x": 480, "score": 0.01137117203325033}, "right_elbow": {"y": 19.71874237060547, "x": 454.4375, "score": 0.1350488513708115}, "right_ear": {"y": 4.8125, "x": 459.40625, "score": 0.09517921507358551}, "nose": {"y": 54.5, "x": 444.5, "score": 0.05759108066558838}, "left_eye": {"y": 44.5625, "x": 444.5, "score": 0.04990685358643532}, "right_eye": {"y": 9.781242370605469, "x": 340.15625, "score": 0.06014957278966904}, "right_hip": {"y": 129.03125, "x": 444.5, "score": 0.1988017708063126}, "left_wrist": {"y": 19.71874237060547, "x": 454.4375, "score": 0.01695838943123817}, "left_ear": {"y": 14.74999237060547, "x": 404.75, "score": 0.05539577454328537}, "left_elbow": {"y": 19.71874237060547, "x": 449.46875, "score": 0.1662460118532181}, "right_shoulder": {"y": 4.8125, "x": 479.28125, "score": 0.05768746882677078}, "right_ankle": {"y": 248.28125, "x": 409.71875, "score": 0.09860929101705551}, "right_knee": {"y": 238.34375, "x": 419.65625, "score": 0.1326251178979874}, "right_wrist": {"y": 9.781242370605469, "x": 454.4375, "score": 0.01888852939009666}}, "location": {"height": 265.5479125976562, "width": 135.2446136474609, "top": 2.237380981445312, "score": 0.03463968634605408, "left": 343.75537109375}}, {"body_parts": {"left_hip": {"y": 215.0, "x": 365.0, "score": 0.04155795276165009}, "top_head": {"y": 35.0, "x": 480, "score": 0.06785716116428375}, "right_mouth_corner": {"y": 134.0, "x": 284.0, "score": 0.05608117952942848}, "neck": {"y": 35.0, "x": 32.0, "score": 0.0340808667242527}, "left_shoulder": {"y": 35.0, "x": 14.0, "score": 0.09637217968702316}, "left_knee": {"y": 224.0, "x": 374.0, "score": 0.05266080424189568}, "left_ankle": {"y": 233.0, "x": 374.0, "score": 0.07479164749383926}, "left_mouth_corner": {"y": 152.0, "x": 302.0, "score": 0.03902662172913551}, "right_elbow": {"y": 116.0, "x": 158.0, "score": 0.1584524810314178}, "right_ear": {"y": 35.0, "x": 473.0, "score": 0.1238904893398285}, "nose": {"y": 26.0, "x": 480, "score": 0.09335421770811081}, "left_eye": {"y": 0, "x": 0, "score": 0.07523910701274872}, "right_eye": {"y": 35.0, "x": 480, "score": 0.159042701125145}, "right_hip": {"y": 188.0, "x": 275.0, "score": 0.03594546020030975}, "left_wrist": {"y": 242.0, "x": 338.0, "score": 0.05209272354841232}, "left_ear": {"y": 26.0, "x": 383.0, "score": 0.06434755027294159}, "left_elbow": {"y": 107.0, "x": 158.0, "score": 0.09495647251605988}, "right_shoulder": {"y": 26.0, "x": 14.0, "score": 0.2569102644920349}, "right_ankle": {"y": 242.0, "x": 374.0, "score": 0.07541744410991669}, "right_knee": {"y": 233.0, "x": 374.0, "score": 0.04550160467624664}, "right_wrist": {"y": 134.0, "x": 239.0, "score": 0.03421934321522713}}, "location": {"height": 269.0, "width": 479.0, "top": 0.0, "score": 0.01717555150389671, "left": 0.0}}], "log_id": 4574841965681249569}