{"person_num": 2, "person_info": [{"body_parts": {"left_hip": {"y": 114.3125, "x": 195.0625, "score": 0.1617832034826279}, "top_head": {"y": 122.75, "x": 186.625, "score": 0.2512565553188324}, "right_mouth_corner": {"y": 122.75, "x": 195.0625, "score": 0.09317756444215775}, "neck": {"y": 117.6875, "x": 171.4375, "score": 0.2942314743995667}, "left_shoulder": {"y": 104.1875, "x": 198.4375, "score": 0.2778713405132294}, "left_knee": {"y": 110.9375, "x": 213.625, "score": 0.1179404407739639}, "left_ankle": {"y": 109.25, "x": 220.375, "score": 0.2607602477073669}, "left_mouth_corner": {"y": 121.0625, "x": 179.875, "score": 0.1255727708339691}, "right_elbow": {"y": 153.125, "x": 188.3125, "score": 0.7838538885116577}, "right_ear": {"y": 134.5625, "x": 171.4375, "score": 0.371117502450943}, "nose": {"y": 141.3125, "x": 183.25, "score": 0.1383471190929413}, "left_eye": {"y": 116.0, "x": 184.9375, "score": 0.2053810954093933}, "right_eye": {"y": 136.25, "x": 184.9375, "score": 0.3010855913162231}, "right_hip": {"y": 129.5, "x": 184.9375, "score": 0.1637579202651978}, "left_wrist": {"y": 109.25, "x": 223.75, "score": 0.531415581703186}, "left_ear": {"y": 110.9375, "x": 188.3125, "score": 0.4149860739707947}, "left_elbow": {"y": 107.5625, "x": 217.0, "score": 0.4387676119804382}, "right_shoulder": {"y": 144.6875, "x": 163.0, "score": 0.5226295590400696}, "right_ankle": {"y": 122.75, "x": 203.5, "score": 0.1098867431282997}, "right_knee": {"y": 131.1875, "x": 196.75, "score": 0.3818538188934326}, "right_wrist": {"y": 154.8125, "x": 211.9375, "score": 0.8134856820106506}}, "location": {"height": 89.06932067871094, "width": 87.6021499633789, "top": 72.38615417480469, "score": 0.06306535005569458, "left": 146.79541015625}}, {"body_parts": {"left_hip": {"y": 53.5, "x": 99.71875, "score": 0.02680559828877449}, "top_head": {"y": 113.875, "x": 185.25, "score": 0.4700139462947845}, "right_mouth_corner": {"y": 128.96875, "x": 180.21875, "score": 0.2249727249145508}, "neck": {"y": 118.90625, "x": 165.125, "score": 0.5890392661094666}, "left_shoulder": {"y": 83.6875, "x": 170.15625, "score": 0.4735184907913208}, "left_knee": {"y": 93.75, "x": 185.25, "score": 0.1124782264232635}, "left_ankle": {"y": 108.84375, "x": 200.34375, "score": 0.1625361740589142}, "left_mouth_corner": {"y": 134.0, "x": 190.28125, "score": 0.2235606908798218}, "right_elbow": {"y": 149.09375, "x": 175.1875, "score": 0.7060464024543762}, "right_ear": {"y": 123.9375, "x": 170.15625, "score": 0.4506376683712006}, "nose": {"y": 134.0, "x": 185.25, "score": 0.3568901717662811}, "left_eye": {"y": 128.96875, "x": 190.28125, "score": 0.3986573219299316}, "right_eye": {"y": 128.96875, "x": 185.25, "score": 0.4609590172767639}, "right_hip": {"y": 159.15625, "x": 99.71875, "score": 0.03686613589525223}, "left_wrist": {"y": 103.8125, "x": 210.40625, "score": 0.4189222157001495}, "left_ear": {"y": 123.9375, "x": 180.21875, "score": 0.4103254675865173}, "left_elbow": {"y": 103.8125, "x": 210.40625, "score": 0.2592891454696655}, "right_shoulder": {"y": 134.0, "x": 160.09375, "score": 0.6353732943534851}, "right_ankle": {"y": 103.8125, "x": 205.375, "score": 0.0434790775179863}, "right_knee": {"y": 134.0, "x": 165.125, "score": 0.04383440315723419}, "right_wrist": {"y": 154.125, "x": 210.40625, "score": 0.8930322527885437}}, "location": {"height": 267.7796325683594, "width": 255.6921997070312, "top": 1.220352172851562, "score": 0.009379211813211441, "left": 2.865509033203125}}], "log_id": 3824300880347120353}