{"person_num": 3, "person_info": [{"body_parts": {"left_hip": {"y": 62.0, "x": 369.25, "score": 0.2657624781131744}, "top_head": {"y": 27.0, "x": 423.9375, "score": 0.3158449530601501}, "right_mouth_corner": {"y": 22.625, "x": 413.0, "score": 0.04783624038100243}, "neck": {"y": 33.5625, "x": 402.0625, "score": 0.3037698268890381}, "left_shoulder": {"y": 27.0, "x": 380.1875, "score": 0.1815978586673737}, "left_knee": {"y": 53.25, "x": 338.625, "score": 0.2106929570436478}, "left_ankle": {"y": 59.8125, "x": 334.25, "score": 0.207640528678894}, "left_mouth_corner": {"y": 20.4375, "x": 415.1875, "score": 0.06667206436395645}, "right_elbow": {"y": 57.625, "x": 395.5, "score": 0.1705523729324341}, "right_ear": {"y": 33.5625, "x": 408.625, "score": 0.1690786629915237}, "nose": {"y": 29.1875, "x": 413.0, "score": 0.1339481920003891}, "left_eye": {"y": 18.25, "x": 415.1875, "score": 0.1527600586414337}, "right_eye": {"y": 31.375, "x": 413.0, "score": 0.1459578275680542}, "right_hip": {"y": 64.1875, "x": 375.8125, "score": 0.3325324952602386}, "left_wrist": {"y": 55.4375, "x": 334.25, "score": 0.5056219100952148}, "left_ear": {"y": 29.1875, "x": 399.875, "score": 0.2123764604330063}, "left_elbow": {"y": 40.125, "x": 356.125, "score": 0.1199018433690071}, "right_shoulder": {"y": 46.6875, "x": 408.625, "score": 0.3537825047969818}, "right_ankle": {"y": 81.6875, "x": 351.75, "score": 0.5426076054573059}, "right_knee": {"y": 72.9375, "x": 358.3125, "score": 0.3323588371276855}, "right_wrist": {"y": 59.8125, "x": 332.0625, "score": 0.5632216930389404}}, "location": {"height": 96.8028793334961, "width": 115.8540649414062, "top": 6.684123992919922, "score": 0.5817997455596924, "left": 320.695556640625}}, {"body_parts": {"left_hip": {"y": 141.75, "x": 282.75, "score": 0.1353807747364044}, "top_head": {"y": 119.0, "x": 281.125, "score": 0.6271669864654541}, "right_mouth_corner": {"y": 182.375, "x": 276.25, "score": 0.09632054716348648}, "neck": {"y": 184.0, "x": 271.375, "score": 0.3574865460395813}, "left_shoulder": {"y": 159.625, "x": 292.5, "score": 0.3378373086452484}, "left_knee": {"y": 162.875, "x": 286.0, "score": 0.04838589206337929}, "left_ankle": {"y": 130.375, "x": 271.375, "score": 0.06160606816411018}, "left_mouth_corner": {"y": 177.5, "x": 279.5, "score": 0.2744183838367462}, "right_elbow": {"y": 159.625, "x": 253.5, "score": 0.08455970883369446}, "right_ear": {"y": 125.5, "x": 284.375, "score": 0.1992127001285553}, "nose": {"y": 175.875, "x": 279.5, "score": 0.1144068688154221}, "left_eye": {"y": 175.875, "x": 286.0, "score": 0.2525317370891571}, "right_eye": {"y": 127.125, "x": 279.5, "score": 0.1074072420597076}, "right_hip": {"y": 141.75, "x": 260.0, "score": 0.137967050075531}, "left_wrist": {"y": 175.875, "x": 290.875, "score": 0.04451588541269302}, "left_ear": {"y": 123.875, "x": 268.125, "score": 0.3098205029964447}, "left_elbow": {"y": 169.375, "x": 289.25, "score": 0.06824124604463577}, "right_shoulder": {"y": 184.0, "x": 255.125, "score": 0.1599040180444717}, "right_ankle": {"y": 171.0, "x": 269.75, "score": 0.01882212795317173}, "right_knee": {"y": 158.0, "x": 255.125, "score": 0.04970243200659752}, "right_wrist": {"y": 171.0, "x": 255.125, "score": 0.03901474177837372}}, "location": {"height": 86.4442367553711, "width": 57.43320465087891, "top": 115.4228286743164, "score": 0.06803394854068756, "left": 245.3780670166016}}, {"body_parts": {"left_hip": {"y": 142.6875, "x": 447.5, "score": 0.1102258712053299}, "top_head": {"y": 29.75, "x": 378.0, "score": 0.03798781335353851}, "right_mouth_corner": {"y": 0, "x": 480, "score": 0.04024134948849678}, "neck": {"y": 12.375, "x": 480, "score": 0.07411820441484451}, "left_shoulder": {"y": 12.375, "x": 456.1875, "score": 0.1226919591426849}, "left_knee": {"y": 142.6875, "x": 447.5, "score": 0.04622088745236397}, "left_ankle": {"y": 160.0625, "x": 265.0625, "score": 0.1141721606254578}, "left_mouth_corner": {"y": 29.75, "x": 369.3125, "score": 0.02818966098129749}, "right_elbow": {"y": 21.0625, "x": 421.4375, "score": 0.1958114206790924}, "right_ear": {"y": 3.6875, "x": 480, "score": 0.1203744262456894}, "nose": {"y": 0, "x": 0, "score": 0.06164548173546791}, "left_eye": {"y": 0, "x": 0, "score": 0.08220291137695312}, "right_eye": {"y": 0, "x": 0, "score": 0.07181486487388611}, "right_hip": {"y": 116.625, "x": 447.5, "score": 0.06460525095462799}, "left_wrist": {"y": 38.4375, "x": 395.375, "score": 0.1602354943752289}, "left_ear": {"y": 0, "x": 0, "score": 0.03342930600047112}, "left_elbow": {"y": 90.5625, "x": 160.8125, "score": 0.1070250123739243}, "right_shoulder": {"y": 12.375, "x": 456.1875, "score": 0.2228238582611084}, "right_ankle": {"y": 168.75, "x": 265.0625, "score": 0.1828912794589996}, "right_knee": {"y": 160.0625, "x": 299.8125, "score": 0.0451105609536171}, "right_wrist": {"y": 29.75, "x": 404.0625, "score": 0.4257338345050812}}, "location": {"height": 269.0, "width": 462.8687438964844, "top": 0.0, "score": 0.01006706804037094, "left": 16.13124084472656}}], "log_id": 3147529200304102561}