{"person_num": 1, "person_info": [{"body_parts": {"left_hip": {"y": 91.875, "x": 269.25, "score": 0.3337957262992859}, "top_head": {"y": 91.875, "x": 319.25, "score": 0.2269710600376129}, "right_mouth_corner": {"y": 87.1875, "x": 291.125, "score": 0.03670173138380051}, "neck": {"y": 98.125, "x": 294.25, "score": 0.2857595086097717}, "left_shoulder": {"y": 68.4375, "x": 281.75, "score": 0.2665788233280182}, "left_knee": {"y": 71.5625, "x": 284.875, "score": 0.0817321240901947}, "left_ankle": {"y": 105.9375, "x": 253.625, "score": 0.2579918205738068}, "left_mouth_corner": {"y": 80.9375, "x": 300.5, "score": 0.06324639171361923}, "right_elbow": {"y": 135.625, "x": 280.1875, "score": 0.2885787189006805}, "right_ear": {"y": 109.0625, "x": 306.75, "score": 0.3254074156284332}, "nose": {"y": 79.375, "x": 298.9375, "score": 0.02742519229650497}, "left_eye": {"y": 82.5, "x": 298.9375, "score": 0.194980725646019}, "right_eye": {"y": 112.1875, "x": 306.75, "score": 0.06488613039255142}, "right_hip": {"y": 112.1875, "x": 273.9375, "score": 0.2358129769563675}, "left_wrist": {"y": 84.0625, "x": 267.6875, "score": 0.2081106156110764}, "left_ear": {"y": 80.9375, "x": 302.0625, "score": 0.3748299777507782}, "left_elbow": {"y": 62.1875, "x": 272.375, "score": 0.3334688544273376}, "right_shoulder": {"y": 113.75, "x": 298.9375, "score": 0.3856305480003357}, "right_ankle": {"y": 107.5, "x": 253.625, "score": 0.355580061674118}, "right_knee": {"y": 132.5, "x": 280.1875, "score": 0.2401373237371445}, "right_wrist": {"y": 84.0625, "x": 269.25, "score": 0.0891621932387352}}, "location": {"height": 83.61884307861328, "width": 83.0045166015625, "top": 54.18870544433594, "score": 0.4009353518486023, "left": 247.2773284912109}}], "log_id": 612803615337956833}