{"person_num": 3, "person_info": [{"body_parts": {"left_hip": {"y": 103.0, "x": 367.75, "score": 0.520143449306488}, "top_head": {"y": 105.75, "x": 469.5, "score": 0.6322774887084961}, "right_mouth_corner": {"y": 130.5, "x": 447.5, "score": 0.09428874403238297}, "neck": {"y": 108.5, "x": 425.5, "score": 0.8340497612953186}, "left_shoulder": {"y": 81.0, "x": 411.75, "score": 0.7599228024482727}, "left_knee": {"y": 92.0, "x": 348.5, "score": 0.2872452735900879}, "left_ankle": {"y": 89.25, "x": 343.0, "score": 0.4362185597419739}, "left_mouth_corner": {"y": 127.75, "x": 450.25, "score": 0.1138678565621376}, "right_elbow": {"y": 166.25, "x": 447.5, "score": 0.7758640050888062}, "right_ear": {"y": 122.25, "x": 444.75, "score": 0.7152696251869202}, "nose": {"y": 125.0, "x": 453.0, "score": 0.4103897213935852}, "left_eye": {"y": 119.5, "x": 455.75, "score": 0.285102903842926}, "right_eye": {"y": 125.0, "x": 453.0, "score": 0.5005423426628113}, "right_hip": {"y": 130.5, "x": 376.0, "score": 0.5736624002456665}, "left_wrist": {"y": 89.25, "x": 367.75, "score": 0.8633008599281311}, "left_ear": {"y": 94.75, "x": 444.75, "score": 0.6267328858375549}, "left_elbow": {"y": 75.5, "x": 378.75, "score": 0.8288875222206116}, "right_shoulder": {"y": 136.0, "x": 422.75, "score": 0.6768920421600342}, "right_ankle": {"y": 114.0, "x": 340.25, "score": 0.3738848865032196}, "right_knee": {"y": 116.75, "x": 354.0, "score": 0.3183674812316895}, "right_wrist": {"y": 171.75, "x": 480, "score": 0.448724627494812}}, "location": {"height": 100.2609329223633, "width": 145.1274261474609, "top": 64.43705749511719, "score": 0.500249445438385, "left": 333.87255859375}}, {"body_parts": {"left_hip": {"y": 252.6875, "x": 320.0625, "score": 0.3296061456203461}, "top_head": {"y": 180.9375, "x": 312.375, "score": 0.5415160655975342}, "right_mouth_corner": {"y": 191.1875, "x": 307.25, "score": 0.4307572543621063}, "neck": {"y": 193.75, "x": 297.0, "score": 0.5589742660522461}, "left_shoulder": {"y": 198.875, "x": 312.375, "score": 0.3627707362174988}, "left_knee": {"y": 209.125, "x": 312.375, "score": 0.1433478891849518}, "left_ankle": {"y": 257.8125, "x": 325.1875, "score": 0.07514530420303345}, "left_mouth_corner": {"y": 188.625, "x": 309.8125, "score": 0.4173183143138885}, "right_elbow": {"y": 193.75, "x": 297.0, "score": 0.3535606563091278}, "right_ear": {"y": 186.0625, "x": 307.25, "score": 0.3200663030147552}, "nose": {"y": 188.625, "x": 309.8125, "score": 0.4921890497207642}, "left_eye": {"y": 186.0625, "x": 312.375, "score": 0.508372962474823}, "right_eye": {"y": 186.0625, "x": 309.8125, "score": 0.4653442203998566}, "right_hip": {"y": 252.6875, "x": 294.4375, "score": 0.3410435616970062}, "left_wrist": {"y": 186.0625, "x": 314.9375, "score": 0.575467586517334}, "left_ear": {"y": 188.625, "x": 314.9375, "score": 0.4118456542491913}, "left_elbow": {"y": 186.0625, "x": 317.5, "score": 0.4807277321815491}, "right_shoulder": {"y": 196.3125, "x": 286.75, "score": 0.3670794367790222}, "right_ankle": {"y": 193.75, "x": 286.75, "score": 0.1620161086320877}, "right_knee": {"y": 221.9375, "x": 286.75, "score": 0.1656617075204849}, "right_wrist": {"y": 183.5, "x": 314.9375, "score": 0.4393008649349213}}, "location": {"height": 94.25872039794922, "width": 135.639892578125, "top": 174.7412719726562, "score": 0.006238006986677647, "left": 270.4743041992188}}, {"body_parts": {"left_hip": {"y": 142.9375, "x": 355.1875, "score": 0.09313245862722397}, "top_head": {"y": 80.375, "x": 399.875, "score": 0.6675047278404236}, "right_mouth_corner": {"y": 89.3125, "x": 364.125, "score": 0.1532809436321259}, "neck": {"y": 98.25, "x": 390.9375, "score": 0.602771520614624}, "left_shoulder": {"y": 107.1875, "x": 373.0625, "score": 0.4503130614757538}, "left_knee": {"y": 107.1875, "x": 167.5, "score": 0.2005573213100433}, "left_ankle": {"y": 151.875, "x": 417.75, "score": 0.08315225690603256}, "left_mouth_corner": {"y": 98.25, "x": 408.8125, "score": 0.1139942407608032}, "right_elbow": {"y": 89.3125, "x": 346.25, "score": 0.3533510863780975}, "right_ear": {"y": 98.25, "x": 399.875, "score": 0.4491793215274811}, "nose": {"y": 89.3125, "x": 364.125, "score": 0.2217804193496704}, "left_eye": {"y": 89.3125, "x": 399.875, "score": 0.287909597158432}, "right_eye": {"y": 89.3125, "x": 399.875, "score": 0.2774174809455872}, "right_hip": {"y": 160.8125, "x": 283.6875, "score": 0.08401079475879669}, "left_wrist": {"y": 89.3125, "x": 355.1875, "score": 0.3294737935066223}, "left_ear": {"y": 98.25, "x": 399.875, "score": 0.4827139973640442}, "left_elbow": {"y": 107.1875, "x": 346.25, "score": 0.2804256677627563}, "right_shoulder": {"y": 98.25, "x": 364.125, "score": 0.450109601020813}, "right_ankle": {"y": 151.875, "x": 435.625, "score": 0.08692632615566254}, "right_knee": {"y": 107.1875, "x": 158.5625, "score": 0.1572909206151962}, "right_wrist": {"y": 89.3125, "x": 355.1875, "score": 0.3415561616420746}}, "location": {"height": 268.6347045898438, "width": 475.7591247558594, "top": 0.3652801513671875, "score": 0.006179050542414188, "left": 3.240859985351562}}], "log_id": 204828113318850561}