{"person_num": 3, "person_info": [{"body_parts": {"left_hip": {"y": 62.3125, "x": 347.875, "score": 0.6532866358757019}, "top_head": {"y": 35.875, "x": 456.5625, "score": 0.6827547550201416}, "right_mouth_corner": {"y": 62.3125, "x": 430.125, "score": 0.08058705180883408}, "neck": {"y": 47.625, "x": 412.5, "score": 0.7543438076972961}, "left_shoulder": {"y": 21.1875, "x": 394.875, "score": 0.7639647126197815}, "left_knee": {"y": 71.125, "x": 339.0625, "score": 0.6881800293922424}, "left_ankle": {"y": 77.0, "x": 327.3125, "score": 0.5989199876785278}, "left_mouth_corner": {"y": 62.3125, "x": 430.125, "score": 0.09083133190870285}, "right_elbow": {"y": 97.5625, "x": 383.125, "score": 0.6502794623374939}, "right_ear": {"y": 59.375, "x": 430.125, "score": 0.7597559690475464}, "nose": {"y": 62.3125, "x": 433.0625, "score": 0.3123121857643127}, "left_eye": {"y": 59.375, "x": 438.9375, "score": 0.1983158886432648}, "right_eye": {"y": 59.375, "x": 441.875, "score": 0.3654085099697113}, "right_hip": {"y": 82.875, "x": 362.5625, "score": 0.5707473158836365}, "left_wrist": {"y": 44.6875, "x": 374.3125, "score": 0.2592597901821136}, "left_ear": {"y": 30.0, "x": 424.25, "score": 0.540607213973999}, "left_elbow": {"y": 21.1875, "x": 377.25, "score": 0.5613923072814941}, "right_shoulder": {"y": 79.9375, "x": 397.8125, "score": 0.6737295389175415}, "right_ankle": {"y": 103.4375, "x": 342.0, "score": 0.7401320338249207}, "right_knee": {"y": 94.625, "x": 350.8125, "score": 0.5791882276535034}, "right_wrist": {"y": 94.625, "x": 383.125, "score": 0.2970804870128632}}, "location": {"height": 108.2967529296875, "width": 156.933837890625, "top": 7.610481262207031, "score": 0.9180712699890137, "left": 315.0357055664062}}, {"body_parts": {"left_hip": {"y": 151.625, "x": 441.6875, "score": 0.08380385488271713}, "top_head": {"y": 28.25, "x": 450.5, "score": 0.1624399125576019}, "right_mouth_corner": {"y": 204.5, "x": 309.5, "score": 0.04879437014460564}, "neck": {"y": 37.0625, "x": 415.25, "score": 0.1981495022773743}, "left_shoulder": {"y": 37.0625, "x": 380.0, "score": 0.1467616856098175}, "left_knee": {"y": 116.375, "x": 168.5, "score": 0.09245506674051285}, "left_ankle": {"y": 213.3125, "x": 309.5, "score": 0.08982384204864502}, "left_mouth_corner": {"y": 45.875, "x": 441.6875, "score": 0.05179174616932869}, "right_elbow": {"y": 37.0625, "x": 441.6875, "score": 0.08908044546842575}, "right_ear": {"y": 28.25, "x": 450.5, "score": 0.1003154590725899}, "nose": {"y": 204.5, "x": 309.5, "score": 0.08358980715274811}, "left_eye": {"y": 195.6875, "x": 318.3125, "score": 0.08907140046358109}, "right_eye": {"y": 195.6875, "x": 309.5, "score": 0.1116501241922379}, "right_hip": {"y": 151.625, "x": 441.6875, "score": 0.1036820560693741}, "left_wrist": {"y": 45.875, "x": 380.0, "score": 0.1328130215406418}, "left_ear": {"y": 213.3125, "x": 309.5, "score": 0.1125438660383224}, "left_elbow": {"y": 45.875, "x": 441.6875, "score": 0.1031182110309601}, "right_shoulder": {"y": 37.0625, "x": 441.6875, "score": 0.2091719657182693}, "right_ankle": {"y": 222.125, "x": 318.3125, "score": 0.09755450487136841}, "right_knee": {"y": 125.1875, "x": 168.5, "score": 0.0993206650018692}, "right_wrist": {"y": 45.875, "x": 380.0, "score": 0.09259448945522308}}, "location": {"height": 269.0, "width": 468.283935546875, "top": 0.0, "score": 0.01157325319945812, "left": 10.71603393554688}}, {"body_parts": {"left_hip": {"y": 247.09375, "x": 290.3125, "score": 0.6369363069534302}, "top_head": {"y": 179.65625, "x": 311.0625, "score": 0.6691238284111023}, "right_mouth_corner": {"y": 187.4375, "x": 305.875, "score": 0.2939175367355347}, "neck": {"y": 192.625, "x": 300.6875, "score": 0.6915732622146606}, "left_shoulder": {"y": 197.8125, "x": 287.71875, "score": 0.5459755063056946}, "left_knee": {"y": 254.875, "x": 329.21875, "score": 0.2514786720275879}, "left_ankle": {"y": 257.46875, "x": 311.0625, "score": 0.1258466690778732}, "left_mouth_corner": {"y": 190.03125, "x": 311.0625, "score": 0.3776382803916931}, "right_elbow": {"y": 182.25, "x": 313.65625, "score": 0.6526276469230652}, "right_ear": {"y": 190.03125, "x": 313.65625, "score": 0.565396785736084}, "nose": {"y": 184.84375, "x": 308.46875, "score": 0.3755860030651093}, "left_eye": {"y": 184.84375, "x": 311.0625, "score": 0.4389907717704773}, "right_eye": {"y": 184.84375, "x": 313.65625, "score": 0.4618894457817078}, "right_hip": {"y": 244.5, "x": 311.0625, "score": 0.415831983089447}, "left_wrist": {"y": 187.4375, "x": 298.09375, "score": 0.3902621865272522}, "left_ear": {"y": 184.84375, "x": 298.09375, "score": 0.4254924356937408}, "left_elbow": {"y": 184.84375, "x": 282.53125, "score": 0.5412998795509338}, "right_shoulder": {"y": 195.21875, "x": 308.46875, "score": 0.6243095397949219}, "right_ankle": {"y": 226.34375, "x": 316.25, "score": 0.1963808089494705}, "right_knee": {"y": 257.46875, "x": 334.40625, "score": 0.08081000298261642}, "right_wrist": {"y": 179.65625, "x": 318.84375, "score": 0.5420364141464233}}, "location": {"height": 94.88897705078125, "width": 138.3885955810547, "top": 174.1110229492188, "score": 0.005107348784804344, "left": 268.4531860351562}}], "log_id": 1563893679085897537}