{"person_num": 3, "person_info": [{"body_parts": {"left_hip": {"y": 46.0, "x": 373.0, "score": 0.6484925746917725}, "top_head": {"y": 10.0, "x": 480, "score": 0.5709491968154907}, "right_mouth_corner": {"y": 43.0, "x": 457.0, "score": 0.07544805854558945}, "neck": {"y": 31.0, "x": 439.0, "score": 0.8368691802024841}, "left_shoulder": {"y": 10.0, "x": 415.0, "score": 0.7500170469284058}, "left_knee": {"y": 46.0, "x": 361.0, "score": 0.6295141577720642}, "left_ankle": {"y": 61.0, "x": 340.0, "score": 0.8084403872489929}, "left_mouth_corner": {"y": 1.0, "x": 463.0, "score": 0.1216925904154778}, "right_elbow": {"y": 79.0, "x": 418.0, "score": 0.7669243216514587}, "right_ear": {"y": 37.0, "x": 463.0, "score": 0.5994040966033936}, "nose": {"y": 4.0, "x": 466.0, "score": 0.2675017118453979}, "left_eye": {"y": 4.0, "x": 466.0, "score": 0.3364770710468292}, "right_eye": {"y": 34.0, "x": 466.0, "score": 0.2216753959655762}, "right_hip": {"y": 70.0, "x": 382.0, "score": 0.6710304021835327}, "left_wrist": {"y": 4.0, "x": 424.0, "score": 0.3375963866710663}, "left_ear": {"y": 10.0, "x": 454.0, "score": 0.5210905075073242}, "left_elbow": {"y": 13.0, "x": 388.0, "score": 0.7235134243965149}, "right_shoulder": {"y": 64.0, "x": 436.0, "score": 0.7332012057304382}, "right_ankle": {"y": 76.0, "x": 346.0, "score": 0.7391895055770874}, "right_knee": {"y": 70.0, "x": 367.0, "score": 0.6351431608200073}, "right_wrist": {"y": 55.0, "x": 412.0, "score": 0.2506166398525238}}, "location": {"height": 87.6832275390625, "width": 159.05419921875, "top": 2.022857666015625, "score": 0.8045722246170044, "left": 319.94580078125}}, {"body_parts": {"left_hip": {"y": 64.4375, "x": 362.96875, "score": 0.1786685436964035}, "top_head": {"y": 14.74999237060547, "x": 472.28125, "score": 0.3134652972221375}, "right_mouth_corner": {"y": 29.65625, "x": 462.34375, "score": 0.021514642983675}, "neck": {"y": 29.65625, "x": 437.5, "score": 0.2245863080024719}, "left_shoulder": {"y": 14.74999237060547, "x": 407.6875, "score": 0.2304922193288803}, "left_knee": {"y": 54.5, "x": 372.90625, "score": 0.04162183031439781}, "left_ankle": {"y": 29.65625, "x": 392.78125, "score": 0.1212500557303429}, "left_mouth_corner": {"y": 24.6875, "x": 472.28125, "score": 0.02729257196187973}, "right_elbow": {"y": 74.375, "x": 417.625, "score": 0.1742402166128159}, "right_ear": {"y": 34.625, "x": 472.28125, "score": 0.1236484125256538}, "nose": {"y": 14.74999237060547, "x": 472.28125, "score": 0.08434368669986725}, "left_eye": {"y": 14.74999237060547, "x": 472.28125, "score": 0.153404176235199}, "right_eye": {"y": 14.74999237060547, "x": 472.28125, "score": 0.1335796415805817}, "right_hip": {"y": 79.34375, "x": 367.9375, "score": 0.09582330286502838}, "left_wrist": {"y": 258.21875, "x": 323.21875, "score": 0.1205798909068108}, "left_ear": {"y": 9.781242370605469, "x": 442.46875, "score": 0.1643254011869431}, "left_elbow": {"y": 9.781242370605469, "x": 397.75, "score": 0.1232163980603218}, "right_shoulder": {"y": 64.4375, "x": 432.53125, "score": 0.3482348620891571}, "right_ankle": {"y": 34.625, "x": 432.53125, "score": 0.1062681749463081}, "right_knee": {"y": 79.34375, "x": 412.65625, "score": 0.04364298656582832}, "right_wrist": {"y": 253.25, "x": 328.1875, "score": 0.09343981742858887}}, "location": {"height": 264.1802978515625, "width": 161.8731842041016, "top": 2.937942504882812, "score": 0.0224004965275526, "left": 316.6975708007812}}, {"body_parts": {"left_hip": {"y": 151.75, "x": 443.125, "score": 0.05336982384324074}, "top_head": {"y": 0, "x": 398.75, "score": 0.127863347530365}, "right_mouth_corner": {"y": 27.5, "x": 452.0, "score": 0.09779687970876694}, "neck": {"y": 27.5, "x": 434.25, "score": 0.315489649772644}, "left_shoulder": {"y": 45.25, "x": 443.125, "score": 0.2106795758008957}, "left_knee": {"y": 116.25, "x": 168.0, "score": 0.1886995136737823}, "left_ankle": {"y": 222.75, "x": 318.875, "score": 0.06168346107006073}, "left_mouth_corner": {"y": 27.5, "x": 460.875, "score": 0.08530507236719131}, "right_elbow": {"y": 63.0, "x": 425.375, "score": 0.2668592929840088}, "right_ear": {"y": 9.75, "x": 443.125, "score": 0.1317183822393417}, "nose": {"y": 27.5, "x": 443.125, "score": 0.1100327223539352}, "left_eye": {"y": 0.875, "x": 0, "score": 0.09558097273111343}, "right_eye": {"y": 18.625, "x": 443.125, "score": 0.1326752305030823}, "right_hip": {"y": 107.375, "x": 17.125, "score": 0.05049370601773262}, "left_wrist": {"y": 36.375, "x": 425.375, "score": 0.29020094871521}, "left_ear": {"y": 9.75, "x": 425.375, "score": 0.1402946561574936}, "left_elbow": {"y": 63.0, "x": 345.5, "score": 0.1344869434833527}, "right_shoulder": {"y": 45.25, "x": 434.25, "score": 0.2919921875}, "right_ankle": {"y": 222.75, "x": 318.875, "score": 0.06790952384471893}, "right_knee": {"y": 125.125, "x": 168.0, "score": 0.1701594144105911}, "right_wrist": {"y": 36.375, "x": 425.375, "score": 0.2333726584911346}}, "location": {"height": 269.0, "width": 472.5427856445312, "top": 0.0, "score": 0.01354534458369017, "left": 6.457199096679688}}], "log_id": 7947558735590658721}