{"person_num": 2, "person_info": [{"body_parts": {"left_hip": {"y": 12.75, "x": 383.625, "score": 0.7028735876083374}, "top_head": {"y": 7.5, "x": 475.5, "score": 0.03096306324005127}, "right_mouth_corner": {"y": 4.875, "x": 454.5, "score": 0.05048472806811333}, "neck": {"y": 0, "x": 433.5, "score": 0.1108348667621613}, "left_shoulder": {"y": 4.875, "x": 430.875, "score": 0.08939574658870697}, "left_knee": {"y": 25.875, "x": 370.5, "score": 0.7289633750915527}, "left_ankle": {"y": 41.625, "x": 354.75, "score": 0.7241806387901306}, "left_mouth_corner": {"y": 4.875, "x": 457.125, "score": 0.05752076953649521}, "right_elbow": {"y": 23.25, "x": 420.375, "score": 0.5803003907203674}, "right_ear": {"y": 12.75, "x": 420.375, "score": 0.06033048033714294}, "nose": {"y": 2.25, "x": 454.5, "score": 0.09861909598112106}, "left_eye": {"y": 2.25, "x": 457.125, "score": 0.1166991144418716}, "right_eye": {"y": 2.25, "x": 454.5, "score": 0.1023044139146805}, "right_hip": {"y": 28.5, "x": 399.375, "score": 0.5512096881866455}, "left_wrist": {"y": 18.0, "x": 425.625, "score": 0.1704963147640228}, "left_ear": {"y": 2.25, "x": 404.625, "score": 0.08082415908575058}, "left_elbow": {"y": 20.625, "x": 425.625, "score": 0.06149600073695183}, "right_shoulder": {"y": 2.25, "x": 438.75, "score": 0.3726612031459808}, "right_ankle": {"y": 57.375, "x": 357.375, "score": 0.7953572273254395}, "right_knee": {"y": 44.25, "x": 375.75, "score": 0.7245749831199646}, "right_wrist": {"y": 23.25, "x": 420.375, "score": 0.4136605560779572}}, "location": {"height": 71.71330261230469, "width": 139.0700073242188, "top": 0.759674072265625, "score": 0.1926245093345642, "left": 339.9299926757812}}, {"body_parts": {"left_hip": {"y": 53.84375, "x": 0, "score": 0.0536310151219368}, "top_head": {"y": 27.125, "x": 480, "score": 0.05937784537672997}, "right_mouth_corner": {"y": 18.21875, "x": 372.59375, "score": 0.08519335836172104}, "neck": {"y": 18.21875, "x": 470.5625, "score": 0.04169349372386932}, "left_shoulder": {"y": 27.125, "x": 470.5625, "score": 0.07346171885728836}, "left_knee": {"y": 36.03125, "x": 0, "score": 0.05628042668104172}, "left_ankle": {"y": 160.71875, "x": 194.46875, "score": 0.1760907918214798}, "left_mouth_corner": {"y": 18.21875, "x": 372.59375, "score": 0.09607463330030441}, "right_elbow": {"y": 9.3125, "x": 381.5, "score": 0.1032673344016075}, "right_ear": {"y": 53.84375, "x": 141.03125, "score": 0.07725468277931213}, "nose": {"y": 0.40625, "x": 372.59375, "score": 0.1993760466575623}, "left_eye": {"y": 0.40625, "x": 372.59375, "score": 0.1386981010437012}, "right_eye": {"y": 18.21875, "x": 0, "score": 0.1029341667890549}, "right_hip": {"y": 53.84375, "x": 16.34375, "score": 0.04223756864666939}, "left_wrist": {"y": 18.21875, "x": 390.40625, "score": 0.484552800655365}, "left_ear": {"y": 9.3125, "x": 470.5625, "score": 0.07555612921714783}, "left_elbow": {"y": 9.3125, "x": 390.40625, "score": 0.216840386390686}, "right_shoulder": {"y": 18.21875, "x": 452.75, "score": 0.1185499578714371}, "right_ankle": {"y": 169.625, "x": 194.46875, "score": 0.1357020437717438}, "right_knee": {"y": 71.65625, "x": 7.4375, "score": 0.05759091675281525}, "right_wrist": {"y": 18.21875, "x": 381.5, "score": 0.3455802500247955}}, "location": {"height": 269.0, "width": 474.8011779785156, "top": 0.0, "score": 0.01742560230195522, "left": 4.198806762695312}}], "log_id": 2153545472467652545}