{"person_num": 2, "person_info": [{"body_parts": {"left_hip": {"y": 19.5625, "x": 362.5, "score": 0.4774479269981384}, "top_head": {"y": 2.5, "x": 423.4375, "score": 0.1327071338891983}, "right_mouth_corner": {"y": 4.9375, "x": 423.4375, "score": 0.1629124581813812}, "neck": {"y": 4.9375, "x": 421.0, "score": 0.2316098362207413}, "left_shoulder": {"y": 7.375, "x": 416.125, "score": 0.09746284037828445}, "left_knee": {"y": 26.875, "x": 347.875, "score": 0.5322849154472351}, "left_ankle": {"y": 39.0625, "x": 333.25, "score": 0.6383946537971497}, "left_mouth_corner": {"y": 4.9375, "x": 423.4375, "score": 0.2007550150156021}, "right_elbow": {"y": 41.5, "x": 396.625, "score": 0.3996910452842712}, "right_ear": {"y": 2.5, "x": 423.4375, "score": 0.2803071737289429}, "nose": {"y": 4.9375, "x": 425.875, "score": 0.4662526845932007}, "left_eye": {"y": 2.5, "x": 428.3125, "score": 0.40611732006073}, "right_eye": {"y": 2.5, "x": 425.875, "score": 0.4657159447669983}, "right_hip": {"y": 39.0625, "x": 374.6875, "score": 0.3747626841068268}, "left_wrist": {"y": 39.0625, "x": 330.8125, "score": 0.1904827058315277}, "left_ear": {"y": 4.9375, "x": 421.0, "score": 0.09277018159627914}, "left_elbow": {"y": 26.875, "x": 345.4375, "score": 0.1805155724287033}, "right_shoulder": {"y": 17.125, "x": 416.125, "score": 0.3985548913478851}, "right_ankle": {"y": 70.75, "x": 343.0, "score": 0.8242793083190918}, "right_knee": {"y": 56.125, "x": 357.625, "score": 0.6469598412513733}, "right_wrist": {"y": 46.375, "x": 391.75, "score": 0.6526718139648438}}, "location": {"height": 87.9572982788086, "width": 129.0195465087891, "top": 1.017383575439453, "score": 0.1002053022384644, "left": 318.6527099609375}}, {"body_parts": {"left_hip": {"y": 142.84375, "x": 442.40625, "score": 0.1154894605278969}, "top_head": {"y": 0, "x": 407.03125, "score": 0.07932943105697632}, "right_mouth_corner": {"y": 27.875, "x": 0.21875, "score": 0.04331312701106071}, "neck": {"y": 1.34375, "x": 380.5, "score": 0.1155112311244011}, "left_shoulder": {"y": 10.1875, "x": 389.34375, "score": 0.1926147490739822}, "left_knee": {"y": 195.90625, "x": 371.65625, "score": 0.05956902354955673}, "left_ankle": {"y": 160.53125, "x": 70.96875, "score": 0.1259405612945557}, "left_mouth_corner": {"y": 45.5625, "x": 17.90625, "score": 0.07909710705280304}, "right_elbow": {"y": 19.03125, "x": 389.34375, "score": 0.2487310320138931}, "right_ear": {"y": 1.34375, "x": 380.5, "score": 0.08714604377746582}, "nose": {"y": 27.875, "x": 0.21875, "score": 0.146582305431366}, "left_eye": {"y": 1.34375, "x": 0.21875, "score": 0.1198630779981613}, "right_eye": {"y": 19.03125, "x": 0, "score": 0.1158180236816406}, "right_hip": {"y": 151.6875, "x": 451.25, "score": 0.09524878114461899}, "left_wrist": {"y": 27.875, "x": 362.8125, "score": 0.2828707098960876}, "left_ear": {"y": 1.34375, "x": 362.8125, "score": 0.08525672554969788}, "left_elbow": {"y": 19.03125, "x": 389.34375, "score": 0.3879881203174591}, "right_shoulder": {"y": 10.1875, "x": 389.34375, "score": 0.1972662657499313}, "right_ankle": {"y": 169.375, "x": 70.96875, "score": 0.1442298591136932}, "right_knee": {"y": 116.3125, "x": 97.5, "score": 0.06650711596012115}, "right_wrist": {"y": 36.71875, "x": 362.8125, "score": 0.1475561410188675}}, "location": {"height": 269.0, "width": 470.3562316894531, "top": 0.0, "score": 0.009458284825086594, "left": 8.64373779296875}}], "log_id": 4016638868756092385}