{"person_num": 2, "person_info": [{"body_parts": {"left_hip": {"y": 44.9375, "x": 363.6875, "score": 0.0653238296508789}, "top_head": {"y": 0, "x": 390.40625, "score": 0.1084493696689606}, "right_mouth_corner": {"y": 18.21875, "x": 363.6875, "score": 0.07015016674995422}, "neck": {"y": 9.3125, "x": 381.5, "score": 0.102234348654747}, "left_shoulder": {"y": 9.3125, "x": 372.59375, "score": 0.1433947831392288}, "left_knee": {"y": 116.1875, "x": 167.75, "score": 0.08035871386528015}, "left_ankle": {"y": 240.875, "x": 372.59375, "score": 0.09372847527265549}, "left_mouth_corner": {"y": 27.125, "x": 354.78125, "score": 0.05938312783837318}, "right_elbow": {"y": 9.3125, "x": 399.3125, "score": 0.1785587519407272}, "right_ear": {"y": 9.3125, "x": 479.46875, "score": 0.1577091962099075}, "nose": {"y": 18.21875, "x": 354.78125, "score": 0.1106036975979805}, "left_eye": {"y": 18.21875, "x": 354.78125, "score": 0.139838919043541}, "right_eye": {"y": 18.21875, "x": 354.78125, "score": 0.1450731307268143}, "right_hip": {"y": 18.21875, "x": 363.6875, "score": 0.07880163937807083}, "left_wrist": {"y": 18.21875, "x": 363.6875, "score": 0.3209274411201477}, "left_ear": {"y": 18.21875, "x": 372.59375, "score": 0.118068128824234}, "left_elbow": {"y": 9.3125, "x": 390.40625, "score": 0.3115296363830566}, "right_shoulder": {"y": 9.3125, "x": 363.6875, "score": 0.191799521446228}, "right_ankle": {"y": 240.875, "x": 372.59375, "score": 0.08198775351047516}, "right_knee": {"y": 125.09375, "x": 158.84375, "score": 0.1033042967319489}, "right_wrist": {"y": 18.21875, "x": 363.6875, "score": 0.1845824718475342}}, "location": {"height": 269.0, "width": 473.2403869628906, "top": 0.0, "score": 0.01881910488009453, "left": 5.759613037109375}}, {"body_parts": {"left_hip": {"y": 17.15625, "x": 359.09375, "score": 0.5238243937492371}, "top_head": {"y": 11.84375, "x": 372.375, "score": 0.04720422998070717}, "right_mouth_corner": {"y": 3.875, "x": 351.125, "score": 0.05100148543715477}, "neck": {"y": 0, "x": 417.53125, "score": 0.09521707147359848}, "left_shoulder": {"y": 1.21875, "x": 414.875, "score": 0.2666556537151337}, "left_knee": {"y": 25.125, "x": 345.8125, "score": 0.5583505034446716}, "left_ankle": {"y": 38.40625, "x": 332.53125, "score": 0.702590823173523}, "left_mouth_corner": {"y": 1.21875, "x": 417.53125, "score": 0.03844855725765228}, "right_elbow": {"y": 22.46875, "x": 404.25, "score": 0.6581045985221863}, "right_ear": {"y": 3.875, "x": 414.875, "score": 0.02691037952899933}, "nose": {"y": 1.21875, "x": 417.53125, "score": 0.05726756900548935}, "left_eye": {"y": 1.21875, "x": 417.53125, "score": 0.02380734868347645}, "right_eye": {"y": 1.21875, "x": 422.84375, "score": 0.03548867627978325}, "right_hip": {"y": 27.78125, "x": 380.34375, "score": 0.4815970361232758}, "left_wrist": {"y": 1.21875, "x": 422.84375, "score": 0.4192721247673035}, "left_ear": {"y": 9.1875, "x": 388.3125, "score": 0.0344640426337719}, "left_elbow": {"y": 19.8125, "x": 404.25, "score": 0.4096752107143402}, "right_shoulder": {"y": 1.21875, "x": 414.875, "score": 0.2708415985107422}, "right_ankle": {"y": 54.34375, "x": 361.75, "score": 0.7326960563659668}, "right_knee": {"y": 41.0625, "x": 367.0625, "score": 0.6309854388237}, "right_wrist": {"y": 1.21875, "x": 422.84375, "score": 0.3509299457073212}}, "location": {"height": 61.71159362792969, "width": 140.7490234375, "top": 0.0, "score": 0.00846614595502615, "left": 313.7508239746094}}], "log_id": 6676108529784071297}