{"person_num": 3, "person_info": [{"body_parts": {"left_hip": {"y": 19.0, "x": 419.0, "score": 0.2646349668502808}, "top_head": {"y": 14.0, "x": 384.0, "score": 0.02783896774053574}, "right_mouth_corner": {"y": 9.0, "x": 339.0, "score": 0.008325055241584778}, "neck": {"y": 4.0, "x": 464.0, "score": 0.2723318040370941}, "left_shoulder": {"y": 14.0, "x": 459.0, "score": 0.1736207753419876}, "left_knee": {"y": 29.0, "x": 404.0, "score": 0.3032203316688538}, "left_ankle": {"y": 29.0, "x": 374.0, "score": 0.5190922617912292}, "left_mouth_corner": {"y": 14.0, "x": 344.0, "score": 0.02411063760519028}, "right_elbow": {"y": 64.0, "x": 449.0, "score": 0.06939540803432465}, "right_ear": {"y": 9.0, "x": 480, "score": 0.01026058476418257}, "nose": {"y": 14.0, "x": 344.0, "score": 0.05160018801689148}, "left_eye": {"y": 14.0, "x": 344.0, "score": 0.01975969783961773}, "right_eye": {"y": 14.0, "x": 339.0, "score": 0.02085517533123493}, "right_hip": {"y": 44.0, "x": 449.0, "score": 0.3107819259166718}, "left_wrist": {"y": 9.0, "x": 479.0, "score": 0.1245410740375519}, "left_ear": {"y": 9.0, "x": 454.0, "score": 0.01314976438879967}, "left_elbow": {"y": 29.0, "x": 409.0, "score": 0.07207122445106506}, "right_shoulder": {"y": 24.0, "x": 459.0, "score": 0.2427638620138168}, "right_ankle": {"y": 49.0, "x": 369.0, "score": 0.3278608620166779}, "right_knee": {"y": 39.0, "x": 399.0, "score": 0.2964482009410858}, "right_wrist": {"y": 9.0, "x": 469.0, "score": 0.07953839004039764}}, "location": {"height": 267.8529357910156, "width": 136.8538055419922, "top": 1.080535888671875, "score": 0.1686242371797562, "left": 342.1461791992188}}, {"body_parts": {"left_hip": {"y": 19.5, "x": 400.0, "score": 0.5487543940544128}, "top_head": {"y": 4.5, "x": 480, "score": 0.1240050494670868}, "right_mouth_corner": {"y": 29.5, "x": 475.0, "score": 0.1899378001689911}, "neck": {"y": 7.0, "x": 465.0, "score": 0.4972343444824219}, "left_shoulder": {"y": 2.0, "x": 450.0, "score": 0.4210542440414429}, "left_knee": {"y": 22.0, "x": 382.5, "score": 0.6695632338523865}, "left_ankle": {"y": 27.0, "x": 365.0, "score": 0.6491675972938538}, "left_mouth_corner": {"y": 29.5, "x": 475.0, "score": 0.2057780027389526}, "right_elbow": {"y": 57.0, "x": 442.5, "score": 0.7815156579017639}, "right_ear": {"y": 17.0, "x": 477.5, "score": 0.3464426100254059}, "nose": {"y": 29.5, "x": 477.5, "score": 0.2390559315681458}, "left_eye": {"y": 27.0, "x": 480.0, "score": 0.1001224145293236}, "right_eye": {"y": 22.0, "x": 480.0, "score": 0.1987339407205582}, "right_hip": {"y": 42.0, "x": 405.0, "score": 0.527083694934845}, "left_wrist": {"y": 34.5, "x": 465.0, "score": 0.08639033138751984}, "left_ear": {"y": 2.0, "x": 470.0, "score": 0.2794815301895142}, "left_elbow": {"y": 4.5, "x": 427.5, "score": 0.1725630164146423}, "right_shoulder": {"y": 27.0, "x": 460.0, "score": 0.5551625490188599}, "right_ankle": {"y": 52.0, "x": 362.5, "score": 0.6087905168533325}, "right_knee": {"y": 47.0, "x": 380.0, "score": 0.7088528871536255}, "right_wrist": {"y": 42.0, "x": 472.5, "score": 0.7345794439315796}}, "location": {"height": 108.8905334472656, "width": 132.9285583496094, "top": 1.403419494628906, "score": 0.08302139490842819, "left": 346.0714111328125}}, {"body_parts": {"left_hip": {"y": 187.625, "x": 382.0, "score": 0.03602369129657745}, "top_head": {"y": 0, "x": 435.625, "score": 0.1023513078689575}, "right_mouth_corner": {"y": 17.8125, "x": 471.375, "score": 0.08775543421506882}, "neck": {"y": 8.875, "x": 453.5, "score": 0.1246313229203224}, "left_shoulder": {"y": 17.8125, "x": 444.5625, "score": 0.1323362439870834}, "left_knee": {"y": 178.6875, "x": 417.75, "score": 0.04874395579099655}, "left_ankle": {"y": 17.8125, "x": 417.75, "score": 0.1279679089784622}, "left_mouth_corner": {"y": 17.8125, "x": 480, "score": 0.1244344636797905}, "right_elbow": {"y": 44.625, "x": 453.5, "score": 0.1538900434970856}, "right_ear": {"y": 0, "x": 417.75, "score": 0.1063047796487808}, "nose": {"y": 8.875, "x": 471.375, "score": 0.1547242701053619}, "left_eye": {"y": 8.875, "x": 471.375, "score": 0.1228967010974884}, "right_eye": {"y": 0, "x": 462.4375, "score": 0.1084845960140228}, "right_hip": {"y": 125.0625, "x": 113.875, "score": 0.02909732982516289}, "left_wrist": {"y": 17.8125, "x": 399.875, "score": 0.1203651428222656}, "left_ear": {"y": 0, "x": 426.6875, "score": 0.109015055000782}, "left_elbow": {"y": 35.6875, "x": 435.625, "score": 0.1090988740324974}, "right_shoulder": {"y": 35.6875, "x": 6.625, "score": 0.2413671761751175}, "right_ankle": {"y": 26.75, "x": 435.625, "score": 0.09616719186306}, "right_knee": {"y": 151.875, "x": 435.625, "score": 0.03805967420339584}, "right_wrist": {"y": 17.8125, "x": 462.4375, "score": 0.1399236619472504}}, "location": {"height": 269.0, "width": 476.9965515136719, "top": 0.0, "score": 0.01473558414727449, "left": 2.00341796875}}], "log_id": 7704707341827377601}