{"person_num": 3, "person_info": [{"body_parts": {"left_hip": {"y": 139.0, "x": 434.0, "score": 0.1419916898012161}, "top_head": {"y": 0, "x": 464.0, "score": 0.05907325446605682}, "right_mouth_corner": {"y": 9.0, "x": 469.0, "score": 0.1160722374916077}, "neck": {"y": 4.0, "x": 464.0, "score": 0.3814710080623627}, "left_shoulder": {"y": 14.0, "x": 459.0, "score": 0.1080015003681183}, "left_knee": {"y": 39.0, "x": 404.0, "score": 0.2435575723648071}, "left_ankle": {"y": 54.0, "x": 364.0, "score": 0.4905065298080444}, "left_mouth_corner": {"y": 9.0, "x": 469.0, "score": 0.1490298956632614}, "right_elbow": {"y": 59.0, "x": 439.0, "score": 0.2187958657741547}, "right_ear": {"y": 4.0, "x": 469.0, "score": 0.09551674127578735}, "nose": {"y": 4.0, "x": 469.0, "score": 0.2989959716796875}, "left_eye": {"y": 0, "x": 464.0, "score": 0.1749456971883774}, "right_eye": {"y": 4.0, "x": 464.0, "score": 0.2251899540424347}, "right_hip": {"y": 44.0, "x": 444.0, "score": 0.1851158291101456}, "left_wrist": {"y": 29.0, "x": 374.0, "score": 0.04093990847468376}, "left_ear": {"y": 0, "x": 464.0, "score": 0.08217567950487137}, "left_elbow": {"y": 39.0, "x": 409.0, "score": 0.04838831350207329}, "right_shoulder": {"y": 34.0, "x": 459.0, "score": 0.3936558961868286}, "right_ankle": {"y": 39.0, "x": 374.0, "score": 0.1608591228723526}, "right_knee": {"y": 34.0, "x": 399.0, "score": 0.1666421890258789}, "right_wrist": {"y": 24.0, "x": 369.0, "score": 0.04295020550489426}}, "location": {"height": 266.6503295898438, "width": 137.2557220458984, "top": 1.682754516601562, "score": 0.08827130496501923, "left": 341.7442626953125}}, {"body_parts": {"left_hip": {"y": 19.5, "x": 400.0, "score": 0.5047484040260315}, "top_head": {"y": 0, "x": 475.0, "score": 0.06066951528191566}, "right_mouth_corner": {"y": 27.0, "x": 472.5, "score": 0.1707495450973511}, "neck": {"y": 4.5, "x": 465.0, "score": 0.4310556352138519}, "left_shoulder": {"y": 2.0, "x": 447.5, "score": 0.4210821390151978}, "left_knee": {"y": 22.0, "x": 380.0, "score": 0.6551700234413147}, "left_ankle": {"y": 27.0, "x": 362.5, "score": 0.6812858581542969}, "left_mouth_corner": {"y": 29.5, "x": 477.5, "score": 0.1359852999448776}, "right_elbow": {"y": 54.5, "x": 437.5, "score": 0.7684760093688965}, "right_ear": {"y": 12.0, "x": 475.0, "score": 0.2411685883998871}, "nose": {"y": 29.5, "x": 475.0, "score": 0.177466407418251}, "left_eye": {"y": 24.5, "x": 480.0, "score": 0.1093641072511673}, "right_eye": {"y": 22.0, "x": 480.0, "score": 0.1850363165140152}, "right_hip": {"y": 44.5, "x": 405.0, "score": 0.5567229390144348}, "left_wrist": {"y": 29.5, "x": 417.5, "score": 0.07267937809228897}, "left_ear": {"y": 0, "x": 472.5, "score": 0.1835908591747284}, "left_elbow": {"y": 4.5, "x": 417.5, "score": 0.2356248646974564}, "right_shoulder": {"y": 32.0, "x": 462.5, "score": 0.6832278966903687}, "right_ankle": {"y": 52.0, "x": 360.0, "score": 0.7382643222808838}, "right_knee": {"y": 47.0, "x": 380.0, "score": 0.6954939961433411}, "right_wrist": {"y": 54.5, "x": 440.0, "score": 0.2853810489177704}}, "location": {"height": 109.9302978515625, "width": 132.67138671875, "top": 0.7663497924804688, "score": 0.05454719439148903, "left": 346.32861328125}}, {"body_parts": {"left_hip": {"y": 142.90625, "x": 443.84375, "score": 0.06645742058753967}, "top_head": {"y": 0.40625, "x": 426.03125, "score": 0.1777587682008743}, "right_mouth_corner": {"y": 18.21875, "x": 470.5625, "score": 0.1777353584766388}, "neck": {"y": 9.3125, "x": 443.84375, "score": 0.2293349504470825}, "left_shoulder": {"y": 18.21875, "x": 443.84375, "score": 0.1984451413154602}, "left_knee": {"y": 205.25, "x": 372.59375, "score": 0.06110551208257675}, "left_ankle": {"y": 240.875, "x": 372.59375, "score": 0.07246512174606323}, "left_mouth_corner": {"y": 18.21875, "x": 479.46875, "score": 0.1921966075897217}, "right_elbow": {"y": 36.03125, "x": 452.75, "score": 0.2017953991889954}, "right_ear": {"y": 0.40625, "x": 417.125, "score": 0.144746795296669}, "nose": {"y": 9.3125, "x": 479.46875, "score": 0.2330552637577057}, "left_eye": {"y": 9.3125, "x": 470.5625, "score": 0.1570377498865128}, "right_eye": {"y": 9.3125, "x": 461.65625, "score": 0.1840822696685791}, "right_hip": {"y": 125.09375, "x": 452.75, "score": 0.05265314877033234}, "left_wrist": {"y": 36.03125, "x": 390.40625, "score": 0.176806315779686}, "left_ear": {"y": 9.3125, "x": 426.03125, "score": 0.1621506810188293}, "left_elbow": {"y": 27.125, "x": 390.40625, "score": 0.1838822215795517}, "right_shoulder": {"y": 27.125, "x": 443.84375, "score": 0.2165459096431732}, "right_ankle": {"y": 240.875, "x": 372.59375, "score": 0.0847742035984993}, "right_knee": {"y": 142.90625, "x": 167.75, "score": 0.0618891678750515}, "right_wrist": {"y": 18.21875, "x": 434.9375, "score": 0.1292445957660675}}, "location": {"height": 269.0, "width": 474.9126586914062, "top": 0.0, "score": 0.01687418483197689, "left": 4.08734130859375}}], "log_id": 3230529722276915745}