{"person_num": 2, "person_info": [{"body_parts": {"left_hip": {"y": 101.90625, "x": 105.46875, "score": 0.5223819613456726}, "top_head": {"y": 114.28125, "x": 9.5625, "score": 0.5826635360717773}, "right_mouth_corner": {"y": 114.28125, "x": 49.78125, "score": 0.2875385582447052}, "neck": {"y": 98.8125, "x": 49.78125, "score": 0.700711190700531}, "left_shoulder": {"y": 83.34375, "x": 71.4375, "score": 0.6424688696861267}, "left_knee": {"y": 108.09375, "x": 127.125, "score": 0.2278357893228531}, "left_ankle": {"y": 98.8125, "x": 136.40625, "score": 0.603030800819397}, "left_mouth_corner": {"y": 111.1875, "x": 49.78125, "score": 0.2926833033561707}, "right_elbow": {"y": 114.28125, "x": 77.625, "score": 0.1463974863290787}, "right_ear": {"y": 114.28125, "x": 43.59375, "score": 0.3901617527008057}, "nose": {"y": 120.46875, "x": 43.59375, "score": 0.3051393032073975}, "left_eye": {"y": 117.375, "x": 37.40625, "score": 0.326912522315979}, "right_eye": {"y": 117.375, "x": 40.5, "score": 0.2889603972434998}, "right_hip": {"y": 117.375, "x": 90.0, "score": 0.5685957074165344}, "left_wrist": {"y": 101.90625, "x": 136.40625, "score": 0.7320920825004578}, "left_ear": {"y": 111.1875, "x": 40.5, "score": 0.4373316168785095}, "left_elbow": {"y": 89.53125, "x": 111.65625, "score": 0.7563434839248657}, "right_shoulder": {"y": 111.1875, "x": 46.6875, "score": 0.310116708278656}, "right_ankle": {"y": 123.5625, "x": 130.21875, "score": 0.8886560201644897}, "right_knee": {"y": 123.5625, "x": 108.5625, "score": 0.6844348311424255}, "right_wrist": {"y": 114.28125, "x": 37.40625, "score": 0.1298724114894867}}, "location": {"height": 68.08592224121094, "width": 164.2938537597656, "top": 71.94802856445312, "score": 0.5131032466888428, "left": 0.0}}, {"body_parts": {"left_hip": {"y": 107.5625, "x": 142.0625, "score": 0.251598060131073}, "top_head": {"y": 107.5625, "x": 9.875, "score": 0.5977612137794495}, "right_mouth_corner": {"y": 107.5625, "x": 45.125, "score": 0.1965788900852203}, "neck": {"y": 98.75, "x": 45.125, "score": 0.6564379334449768}, "left_shoulder": {"y": 81.125, "x": 71.5625, "score": 0.6474652886390686}, "left_knee": {"y": 107.5625, "x": 142.0625, "score": 0.1696363985538483}, "left_ankle": {"y": 160.4375, "x": 53.9375, "score": 0.08565551042556763}, "left_mouth_corner": {"y": 98.75, "x": 45.125, "score": 0.1621583104133606}, "right_elbow": {"y": 125.1875, "x": 98.0, "score": 0.1212824583053589}, "right_ear": {"y": 107.5625, "x": 36.3125, "score": 0.4618696272373199}, "nose": {"y": 98.75, "x": 36.3125, "score": 0.2111843228340149}, "left_eye": {"y": 98.75, "x": 18.6875, "score": 0.245003879070282}, "right_eye": {"y": 98.75, "x": 36.3125, "score": 0.2514194846153259}, "right_hip": {"y": 116.375, "x": 142.0625, "score": 0.1638593673706055}, "left_wrist": {"y": 116.375, "x": 53.9375, "score": 0.3508724868297577}, "left_ear": {"y": 98.75, "x": 27.5, "score": 0.5018595457077026}, "left_elbow": {"y": 89.9375, "x": 98.0, "score": 0.3070914447307587}, "right_shoulder": {"y": 98.75, "x": 53.9375, "score": 0.3812229037284851}, "right_ankle": {"y": 151.625, "x": 80.375, "score": 0.08202257007360458}, "right_knee": {"y": 107.5625, "x": 142.0625, "score": 0.168220117688179}, "right_wrist": {"y": 116.375, "x": 45.125, "score": 0.2466106563806534}}, "location": {"height": 269.0, "width": 468.6777038574219, "top": 0.0, "score": 0.007910420186817646, "left": 10.32229614257812}}], "log_id": 2334183004099851617}