{"person_num": 3, "person_info": [{"body_parts": {"left_hip": {"y": 149.1875, "x": 155.125, "score": 0.1947768181562424}, "top_head": {"y": 154.25, "x": 155.125, "score": 0.2034669816493988}, "right_mouth_corner": {"y": 134.0, "x": 150.0625, "score": 0.05491598322987556}, "neck": {"y": 144.125, "x": 150.0625, "score": 0.1955923587083817}, "left_shoulder": {"y": 118.8125, "x": 175.375, "score": 0.2420729547739029}, "left_knee": {"y": 159.3125, "x": 160.1875, "score": 0.08098438382148743}, "left_ankle": {"y": 154.25, "x": 200.6875, "score": 0.1729860305786133}, "left_mouth_corner": {"y": 134.0, "x": 170.3125, "score": 0.04368116706609726}, "right_elbow": {"y": 154.25, "x": 185.5, "score": 0.1648514270782471}, "right_ear": {"y": 149.1875, "x": 145.0, "score": 0.1662686765193939}, "nose": {"y": 134.0, "x": 150.0625, "score": 0.08815065026283264}, "left_eye": {"y": 134.0, "x": 165.25, "score": 0.04412006586790085}, "right_eye": {"y": 134.0, "x": 145.0, "score": 0.08086177706718445}, "right_hip": {"y": 154.25, "x": 150.0625, "score": 0.1162995621562004}, "left_wrist": {"y": 128.9375, "x": 180.4375, "score": 0.3154505789279938}, "left_ear": {"y": 134.0, "x": 170.3125, "score": 0.09389115124940872}, "left_elbow": {"y": 103.625, "x": 180.4375, "score": 0.2907741069793701}, "right_shoulder": {"y": 154.25, "x": 124.75, "score": 0.2224502116441727}, "right_ankle": {"y": 154.25, "x": 205.75, "score": 0.2605653703212738}, "right_knee": {"y": 154.25, "x": 134.875, "score": 0.2064995169639587}, "right_wrist": {"y": 154.25, "x": 210.8125, "score": 0.1871306896209717}}, "location": {"height": 268.3386535644531, "width": 251.3781127929688, "top": 0.6613311767578125, "score": 0.02444904670119286, "left": 4.11810302734375}}, {"body_parts": {"left_hip": {"y": 148.8125, "x": 439.75, "score": 0.150101363658905}, "top_head": {"y": 126.59375, "x": 173.125, "score": 0.1668483763933182}, "right_mouth_corner": {"y": 22.90624237060547, "x": 476.78125, "score": 0.08286771178245544}, "neck": {"y": 37.71874237060547, "x": 480, "score": 0.03636502102017403}, "left_shoulder": {"y": 22.90624237060547, "x": 454.5625, "score": 0.09603040665388107}, "left_knee": {"y": 245.09375, "x": 439.75, "score": 0.07747364044189453}, "left_ankle": {"y": 141.40625, "x": 165.71875, "score": 0.2617148458957672}, "left_mouth_corner": {"y": 30.31249237060547, "x": 476.78125, "score": 0.03848157823085785}, "right_elbow": {"y": 126.59375, "x": 461.96875, "score": 0.0399695597589016}, "right_ear": {"y": 37.71874237060547, "x": 469.375, "score": 0.109483003616333}, "nose": {"y": 22.90624237060547, "x": 469.375, "score": 0.102605789899826}, "left_eye": {"y": 30.31249237060547, "x": 469.375, "score": 0.06463311612606049}, "right_eye": {"y": 134.0, "x": 158.3125, "score": 0.1382786631584167}, "right_hip": {"y": 141.40625, "x": 424.9375, "score": 0.1093814894556999}, "left_wrist": {"y": 141.40625, "x": 143.5, "score": 0.03356422483921051}, "left_ear": {"y": 45.12499237060547, "x": 461.96875, "score": 0.1421864479780197}, "left_elbow": {"y": 82.15625, "x": 417.53125, "score": 0.09995991736650467}, "right_shoulder": {"y": 22.90624237060547, "x": 461.96875, "score": 0.05115550756454468}, "right_ankle": {"y": 252.5, "x": 402.71875, "score": 0.2576199173927307}, "right_knee": {"y": 252.5, "x": 410.125, "score": 0.0712800920009613}, "right_wrist": {"y": 141.40625, "x": 143.5, "score": 0.05202633515000343}}, "location": {"height": 268.9983215332031, "width": 393.3643188476562, "top": 0.001678466796875, "score": 0.008427578955888748, "left": 85.63563537597656}}, {"body_parts": {"left_hip": {"y": 123.625, "x": 181.1875, "score": 0.3450558483600616}, "top_head": {"y": 169.0, "x": 158.5, "score": 0.3913677334785461}, "right_mouth_corner": {"y": 148.375, "x": 181.1875, "score": 0.09581911563873291}, "neck": {"y": 148.375, "x": 162.625, "score": 0.5073736310005188}, "left_shoulder": {"y": 123.625, "x": 168.8125, "score": 0.5520935654640198}, "left_knee": {"y": 131.875, "x": 189.4375, "score": 0.3210663795471191}, "left_ankle": {"y": 127.75, "x": 193.5625, "score": 0.213078573346138}, "left_mouth_corner": {"y": 146.3125, "x": 170.875, "score": 0.157660961151123}, "right_elbow": {"y": 160.75, "x": 129.625, "score": 0.2095726430416107}, "right_ear": {"y": 164.875, "x": 146.125, "score": 0.340059906244278}, "nose": {"y": 152.5, "x": 179.125, "score": 0.2566462755203247}, "left_eye": {"y": 150.4375, "x": 177.0625, "score": 0.3635894060134888}, "right_eye": {"y": 154.5625, "x": 177.0625, "score": 0.3130500316619873}, "right_hip": {"y": 152.5, "x": 181.1875, "score": 0.1195570006966591}, "left_wrist": {"y": 113.3125, "x": 193.5625, "score": 0.5884552001953125}, "left_ear": {"y": 166.9375, "x": 172.9375, "score": 0.3478747606277466}, "left_elbow": {"y": 111.25, "x": 185.3125, "score": 0.7690849304199219}, "right_shoulder": {"y": 160.75, "x": 135.8125, "score": 0.4880269765853882}, "right_ankle": {"y": 156.625, "x": 212.125, "score": 0.691723644733429}, "right_knee": {"y": 152.5, "x": 177.0625, "score": 0.1527285575866699}, "right_wrist": {"y": 160.75, "x": 168.8125, "score": 0.1954674869775772}}, "location": {"height": 71.15457916259766, "width": 108.8677062988281, "top": 101.6943588256836, "score": 0.006323551293462515, "left": 121.3685989379883}}], "log_id": 3656696218513184481}