{"person_num": 4, "person_info": [{"body_parts": {"left_hip": {"y": 178.125, "x": 174.34375, "score": 0.2124198079109192}, "top_head": {"y": 237.9375, "x": 81.90625, "score": 0.7001160383224487}, "right_mouth_corner": {"y": 221.625, "x": 119.96875, "score": 0.1313833296298981}, "neck": {"y": 194.4375, "x": 119.96875, "score": 0.7707725167274475}, "left_shoulder": {"y": 202.59375, "x": 149.875, "score": 0.6803430318832397}, "left_knee": {"y": 172.6875, "x": 190.65625, "score": 0.5162710547447205}, "left_ankle": {"y": 164.53125, "x": 201.53125, "score": 0.7075077295303345}, "left_mouth_corner": {"y": 221.625, "x": 119.96875, "score": 0.149149477481842}, "right_elbow": {"y": 153.65625, "x": 125.40625, "score": 0.8807719945907593}, "right_ear": {"y": 221.625, "x": 114.53125, "score": 0.3673164844512939}, "nose": {"y": 229.78125, "x": 111.8125, "score": 0.2232116162776947}, "left_eye": {"y": 229.78125, "x": 109.09375, "score": 0.2207408398389816}, "right_eye": {"y": 229.78125, "x": 109.09375, "score": 0.2529599368572235}, "right_hip": {"y": 156.375, "x": 163.46875, "score": 0.3919221460819244}, "left_wrist": {"y": 194.4375, "x": 166.1875, "score": 0.1961171627044678}, "left_ear": {"y": 218.90625, "x": 109.09375, "score": 0.3828303217887878}, "left_elbow": {"y": 197.15625, "x": 182.5, "score": 0.715185284614563}, "right_shoulder": {"y": 172.6875, "x": 106.375, "score": 0.7745616436004639}, "right_ankle": {"y": 153.65625, "x": 177.0625, "score": 0.324580579996109}, "right_knee": {"y": 194.4375, "x": 179.78125, "score": 0.1149777919054031}, "right_wrist": {"y": 161.8125, "x": 139.0, "score": 0.1405196487903595}}, "location": {"height": 106.7536697387695, "width": 144.4460144042969, "top": 143.8776245117188, "score": 0.04219072684645653, "left": 67.37419128417969}}, {"body_parts": {"left_hip": {"y": 116.5, "x": 449.0, "score": 0.03859364986419678}, "top_head": {"y": 169.0, "x": 151.5, "score": 0.3291618525981903}, "right_mouth_corner": {"y": 195.25, "x": 169.0, "score": 0.2533702850341797}, "neck": {"y": 186.5, "x": 116.5, "score": 0.5168424844741821}, "left_shoulder": {"y": 186.5, "x": 125.25, "score": 0.4727113246917725}, "left_knee": {"y": 142.75, "x": 449.0, "score": 0.02040824480354786}, "left_ankle": {"y": 0, "x": 414.0, "score": 0.0388408899307251}, "left_mouth_corner": {"y": 195.25, "x": 177.75, "score": 0.2048335373401642}, "right_elbow": {"y": 221.5, "x": 90.25, "score": 0.2576499879360199}, "right_ear": {"y": 169.0, "x": 142.75, "score": 0.3249938189983368}, "nose": {"y": 186.5, "x": 177.75, "score": 0.2774943709373474}, "left_eye": {"y": 186.5, "x": 177.75, "score": 0.2032013535499573}, "right_eye": {"y": 177.75, "x": 177.75, "score": 0.32403564453125}, "right_hip": {"y": 116.5, "x": 475.25, "score": 0.02565213665366173}, "left_wrist": {"y": 2.75, "x": 396.5, "score": 0.07601408660411835}, "left_ear": {"y": 186.5, "x": 116.5, "score": 0.2769899368286133}, "left_elbow": {"y": 221.5, "x": 90.25, "score": 0.1726295948028564}, "right_shoulder": {"y": 195.25, "x": 125.25, "score": 0.3929726481437683}, "right_ankle": {"y": 0, "x": 414.0, "score": 0.03383687138557434}, "right_knee": {"y": 99.0, "x": 475.25, "score": 0.03172453120350838}, "right_wrist": {"y": 195.25, "x": 107.75, "score": 0.1048378348350525}}, "location": {"height": 269.0, "width": 466.1711120605469, "top": 0.0, "score": 0.0404483750462532, "left": 12.82887268066406}}, {"body_parts": {"left_hip": {"y": 162.875, "x": 205.1875, "score": 0.1643282473087311}, "top_head": {"y": 230.25, "x": 84.875, "score": 0.8646492958068848}, "right_mouth_corner": {"y": 215.8125, "x": 113.75, "score": 0.2229101955890656}, "neck": {"y": 196.5625, "x": 118.5625, "score": 0.7446753978729248}, "left_shoulder": {"y": 201.375, "x": 147.4375, "score": 0.6793161034584045}, "left_knee": {"y": 153.25, "x": 190.75, "score": 0.02823225408792496}, "left_ankle": {"y": 153.25, "x": 195.5625, "score": 0.04580020532011986}, "left_mouth_corner": {"y": 225.4375, "x": 113.75, "score": 0.2765139639377594}, "right_elbow": {"y": 158.0625, "x": 133.0, "score": 0.4840455949306488}, "right_ear": {"y": 206.1875, "x": 94.5, "score": 0.430752694606781}, "nose": {"y": 225.4375, "x": 108.9375, "score": 0.2129682451486588}, "left_eye": {"y": 230.25, "x": 104.125, "score": 0.2726150155067444}, "right_eye": {"y": 225.4375, "x": 99.3125, "score": 0.33843794465065}, "right_hip": {"y": 158.0625, "x": 166.6875, "score": 0.1363341212272644}, "left_wrist": {"y": 162.875, "x": 195.5625, "score": 0.5567595362663269}, "left_ear": {"y": 225.4375, "x": 113.75, "score": 0.3551684319972992}, "left_elbow": {"y": 191.75, "x": 181.125, "score": 0.5812943577766418}, "right_shoulder": {"y": 177.3125, "x": 108.9375, "score": 0.5651485919952393}, "right_ankle": {"y": 158.0625, "x": 181.125, "score": 0.0160095077008009}, "right_knee": {"y": 172.5, "x": 147.4375, "score": 0.03736267238855362}, "right_wrist": {"y": 158.0625, "x": 123.375, "score": 0.3075945973396301}}, "location": {"height": 257.3497009277344, "width": 223.3995208740234, "top": 0.0, "score": 0.01197344623506069, "left": 1.982261776924133}}, {"body_parts": {"left_hip": {"y": 85.25, "x": 471.125, "score": 0.1206193342804909}, "top_head": {"y": 2.375, "x": 417.5, "score": 0.1162567213177681}, "right_mouth_corner": {"y": 17.0, "x": 359.0, "score": 0.03039749898016453}, "neck": {"y": 12.125, "x": 305.375, "score": 0.1881389319896698}, "left_shoulder": {"y": 21.875, "x": 256.625, "score": 0.02956867218017578}, "left_knee": {"y": 138.875, "x": 437.0, "score": 0.1397416293621063}, "left_ankle": {"y": 12.125, "x": 368.75, "score": 0.1695427298545837}, "left_mouth_corner": {"y": 17.0, "x": 354.125, "score": 0.02762253396213055}, "right_elbow": {"y": 2.375, "x": 417.5, "score": 0.09810908883810043}, "right_ear": {"y": 2.375, "x": 349.25, "score": 0.2111577689647675}, "nose": {"y": 17.0, "x": 359.0, "score": 0.1023541837930679}, "left_eye": {"y": 12.125, "x": 383.375, "score": 0.08383556455373764}, "right_eye": {"y": 12.125, "x": 363.875, "score": 0.0961138904094696}, "right_hip": {"y": 85.25, "x": 466.25, "score": 0.09649099409580231}, "left_wrist": {"y": 21.875, "x": 354.125, "score": 0.06713715195655823}, "left_ear": {"y": 2.375, "x": 359.0, "score": 0.04087191075086594}, "left_elbow": {"y": 0, "x": 417.5, "score": 0.1100763976573944}, "right_shoulder": {"y": 17.0, "x": 471.125, "score": 0.07057582587003708}, "right_ankle": {"y": 241.25, "x": 402.875, "score": 0.07109535485506058}, "right_knee": {"y": 148.625, "x": 437.0, "score": 0.08927695453166962}, "right_wrist": {"y": 17.0, "x": 359.0, "score": 0.06540738046169281}}, "location": {"height": 258.8580322265625, "width": 164.6100158691406, "top": 5.587570190429688, "score": 0.009022649377584457, "left": 314.3899841308594}}], "log_id": 2769075541189671585}