{"person_num": 3, "person_info": [{"body_parts": {"left_hip": {"y": 184.25, "x": 172.6875, "score": 0.4114174246788025}, "top_head": {"y": 235.4375, "x": 97.125, "score": 0.6186685562133789}, "right_mouth_corner": {"y": 220.8125, "x": 131.25, "score": 0.2178155034780502}, "neck": {"y": 196.4375, "x": 126.375, "score": 0.7101104855537415}, "left_shoulder": {"y": 206.1875, "x": 153.1875, "score": 0.5790684223175049}, "left_knee": {"y": 179.375, "x": 182.4375, "score": 0.5473598837852478}, "left_ankle": {"y": 172.0625, "x": 194.625, "score": 0.2169742584228516}, "left_mouth_corner": {"y": 218.375, "x": 131.25, "score": 0.3552175164222717}, "right_elbow": {"y": 152.5625, "x": 123.9375, "score": 0.6341262459754944}, "right_ear": {"y": 215.9375, "x": 123.9375, "score": 0.3261247277259827}, "nose": {"y": 223.25, "x": 126.375, "score": 0.3162213563919067}, "left_eye": {"y": 223.25, "x": 126.375, "score": 0.314982146024704}, "right_eye": {"y": 220.8125, "x": 123.9375, "score": 0.2537773847579956}, "right_hip": {"y": 162.3125, "x": 160.5, "score": 0.501720666885376}, "left_wrist": {"y": 220.8125, "x": 138.5625, "score": 0.5951986908912659}, "left_ear": {"y": 215.9375, "x": 126.375, "score": 0.3185891211032867}, "left_elbow": {"y": 208.625, "x": 167.8125, "score": 0.6590782999992371}, "right_shoulder": {"y": 167.1875, "x": 111.75, "score": 0.629218339920044}, "right_ankle": {"y": 169.625, "x": 199.5, "score": 0.4179251194000244}, "right_knee": {"y": 155.0, "x": 175.125, "score": 0.4627867341041565}, "right_wrist": {"y": 174.5, "x": 128.8125, "score": 0.08255612105131149}}, "location": {"height": 108.908073425293, "width": 130.0301513671875, "top": 144.3033905029297, "score": 0.02738004550337791, "left": 76.58312225341797}}, {"body_parts": {"left_hip": {"y": 173.0, "x": 158.375, "score": 0.2244904637336731}, "top_head": {"y": 226.625, "x": 99.875, "score": 0.862268328666687}, "right_mouth_corner": {"y": 192.5, "x": 99.875, "score": 0.1998826861381531}, "neck": {"y": 197.375, "x": 124.25, "score": 0.6281692981719971}, "left_shoulder": {"y": 202.25, "x": 158.375, "score": 0.6776003241539001}, "left_knee": {"y": 153.5, "x": 177.875, "score": 0.1081134155392647}, "left_ankle": {"y": 153.5, "x": 182.75, "score": 0.1868568509817123}, "left_mouth_corner": {"y": 197.375, "x": 99.875, "score": 0.2135306000709534}, "right_elbow": {"y": 153.5, "x": 114.5, "score": 0.4253993928432465}, "right_ear": {"y": 207.125, "x": 95.0, "score": 0.4263006746768951}, "nose": {"y": 197.375, "x": 104.75, "score": 0.1946954876184464}, "left_eye": {"y": 226.625, "x": 114.5, "score": 0.225253090262413}, "right_eye": {"y": 212.0, "x": 99.875, "score": 0.2215191870927811}, "right_hip": {"y": 163.25, "x": 153.5, "score": 0.339385986328125}, "left_wrist": {"y": 173.0, "x": 197.375, "score": 0.6058776378631592}, "left_ear": {"y": 212.0, "x": 134.0, "score": 0.4990551173686981}, "left_elbow": {"y": 177.875, "x": 177.875, "score": 0.4853948652744293}, "right_shoulder": {"y": 177.875, "x": 109.625, "score": 0.4472528994083405}, "right_ankle": {"y": 163.25, "x": 173.0, "score": 0.1564537882804871}, "right_knee": {"y": 158.375, "x": 182.75, "score": 0.1573513448238373}, "right_wrist": {"y": 187.625, "x": 114.5, "score": 0.1544738113880157}}, "location": {"height": 259.068115234375, "width": 222.7262725830078, "top": 0.0, "score": 0.01654542237520218, "left": 1.239311218261719}}, {"body_parts": {"left_hip": {"y": 193.9375, "x": 230.4375, "score": 0.04526647925376892}, "top_head": {"y": 176.8125, "x": 136.25, "score": 0.3943584561347961}, "right_mouth_corner": {"y": 202.5, "x": 127.6875, "score": 0.2353691160678864}, "neck": {"y": 185.375, "x": 127.6875, "score": 0.5639142394065857}, "left_shoulder": {"y": 185.375, "x": 136.25, "score": 0.4847483038902283}, "left_knee": {"y": 219.625, "x": 324.625, "score": 0.08994857221841812}, "left_ankle": {"y": 245.3125, "x": 350.3125, "score": 0.07187698036432266}, "left_mouth_corner": {"y": 211.0625, "x": 127.6875, "score": 0.2086618840694427}, "right_elbow": {"y": 219.625, "x": 93.4375, "score": 0.3298569321632385}, "right_ear": {"y": 193.9375, "x": 119.125, "score": 0.5133524537086487}, "nose": {"y": 219.625, "x": 127.6875, "score": 0.257965087890625}, "left_eye": {"y": 193.9375, "x": 127.6875, "score": 0.2369980663061142}, "right_eye": {"y": 211.0625, "x": 127.6875, "score": 0.28870889544487}, "right_hip": {"y": 185.375, "x": 179.0625, "score": 0.04756706580519676}, "left_wrist": {"y": 202.5, "x": 110.5625, "score": 0.2493729740381241}, "left_ear": {"y": 185.375, "x": 119.125, "score": 0.4769501388072968}, "left_elbow": {"y": 219.625, "x": 110.5625, "score": 0.256608635187149}, "right_shoulder": {"y": 193.9375, "x": 144.8125, "score": 0.4186781644821167}, "right_ankle": {"y": 253.875, "x": 341.75, "score": 0.08682911843061447}, "right_knee": {"y": 219.625, "x": 333.1875, "score": 0.09301673620939255}, "right_wrist": {"y": 193.9375, "x": 119.125, "score": 0.2013259530067444}}, "location": {"height": 268.8275146484375, "width": 455.9999389648438, "top": 0.1724700927734375, "score": 0.009637171402573586, "left": 20.91081237792969}}], "log_id": 7592981667721434465}