{"person_num": 2, "person_info": [{"body_parts": {"left_hip": {"y": 172.25, "x": 173.6875, "score": 0.3337845504283905}, "top_head": {"y": 228.3125, "x": 103.0, "score": 0.5957304239273071}, "right_mouth_corner": {"y": 206.375, "x": 132.25, "score": 0.1151109859347343}, "neck": {"y": 182.0, "x": 129.8125, "score": 0.6979739665985107}, "left_shoulder": {"y": 194.1875, "x": 154.1875, "score": 0.6086658835411072}, "left_knee": {"y": 182.0, "x": 178.5625, "score": 0.4699478447437286}, "left_ankle": {"y": 169.8125, "x": 198.0625, "score": 0.7750998139381409}, "left_mouth_corner": {"y": 208.8125, "x": 134.6875, "score": 0.1645591109991074}, "right_elbow": {"y": 147.875, "x": 122.5, "score": 0.5115768909454346}, "right_ear": {"y": 199.0625, "x": 110.3125, "score": 0.5186595320701599}, "nose": {"y": 211.25, "x": 132.25, "score": 0.2721436619758606}, "left_eye": {"y": 211.25, "x": 129.8125, "score": 0.317395806312561}, "right_eye": {"y": 208.8125, "x": 127.375, "score": 0.1812153309583664}, "right_hip": {"y": 155.1875, "x": 154.1875, "score": 0.3492950797080994}, "left_wrist": {"y": 216.125, "x": 129.8125, "score": 0.6706052422523499}, "left_ear": {"y": 206.375, "x": 129.8125, "score": 0.4780135154724121}, "left_elbow": {"y": 208.8125, "x": 161.5, "score": 0.7680858373641968}, "right_shoulder": {"y": 160.0625, "x": 112.75, "score": 0.726943850517273}, "right_ankle": {"y": 155.1875, "x": 183.4375, "score": 0.4099966883659363}, "right_knee": {"y": 160.0625, "x": 173.6875, "score": 0.1058246493339539}, "right_wrist": {"y": 194.1875, "x": 112.75, "score": 0.1064008623361588}}, "location": {"height": 89.81600189208984, "width": 129.0170593261719, "top": 137.9439697265625, "score": 0.3714998662471771, "left": 78.8426513671875}}, {"body_parts": {"left_hip": {"y": 192.625, "x": 230.625, "score": 0.04864521324634552}, "top_head": {"y": 209.375, "x": 105.0, "score": 0.380329430103302}, "right_mouth_corner": {"y": 184.25, "x": 113.375, "score": 0.3483434319496155}, "neck": {"y": 175.875, "x": 130.125, "score": 0.5408487319946289}, "left_shoulder": {"y": 184.25, "x": 138.5, "score": 0.4240798950195312}, "left_knee": {"y": 217.75, "x": 331.125, "score": 0.1625900417566299}, "left_ankle": {"y": 242.875, "x": 347.875, "score": 0.05068265646696091}, "left_mouth_corner": {"y": 192.625, "x": 113.375, "score": 0.3318095505237579}, "right_elbow": {"y": 209.375, "x": 96.625, "score": 0.4007638692855835}, "right_ear": {"y": 184.25, "x": 113.375, "score": 0.4916816353797913}, "nose": {"y": 192.625, "x": 105.0, "score": 0.3831181526184082}, "left_eye": {"y": 192.625, "x": 105.0, "score": 0.3062730133533478}, "right_eye": {"y": 184.25, "x": 113.375, "score": 0.3762010633945465}, "right_hip": {"y": 167.5, "x": 230.625, "score": 0.04552631825208664}, "left_wrist": {"y": 209.375, "x": 113.375, "score": 0.1970048993825912}, "left_ear": {"y": 184.25, "x": 121.75, "score": 0.3658778071403503}, "left_elbow": {"y": 217.75, "x": 138.5, "score": 0.1998731195926666}, "right_shoulder": {"y": 175.875, "x": 121.75, "score": 0.3797231316566467}, "right_ankle": {"y": 242.875, "x": 339.5, "score": 0.05653946846723557}, "right_knee": {"y": 242.875, "x": 339.5, "score": 0.1343805938959122}, "right_wrist": {"y": 175.875, "x": 121.75, "score": 0.2192984521389008}}, "location": {"height": 269.0, "width": 445.7362976074219, "top": 0.0, "score": 0.008455260656774044, "left": 26.79827880859375}}], "log_id": 3966948179733142785}