{"person_num": 2, "person_info": [{"body_parts": {"left_hip": {"y": 182.5, "x": 168.875, "score": 0.211773544549942}, "top_head": {"y": 235.625, "x": 107.25, "score": 0.5276501178741455}, "right_mouth_corner": {"y": 210.125, "x": 141.25, "score": 0.1977092325687408}, "neck": {"y": 188.875, "x": 132.75, "score": 0.6426798701286316}, "left_shoulder": {"y": 195.25, "x": 164.625, "score": 0.3911025822162628}, "left_knee": {"y": 180.375, "x": 185.875, "score": 0.6634565591812134}, "left_ankle": {"y": 169.75, "x": 202.875, "score": 0.7438234090805054}, "left_mouth_corner": {"y": 208.0, "x": 143.375, "score": 0.2330119907855988}, "right_elbow": {"y": 146.375, "x": 128.5, "score": 0.8229112029075623}, "right_ear": {"y": 205.875, "x": 111.5, "score": 0.4099530577659607}, "nose": {"y": 214.375, "x": 139.125, "score": 0.2703239917755127}, "left_eye": {"y": 216.5, "x": 134.875, "score": 0.39753457903862}, "right_eye": {"y": 214.375, "x": 137.0, "score": 0.2062580287456512}, "right_hip": {"y": 159.125, "x": 160.375, "score": 0.3139089345932007}, "left_wrist": {"y": 222.875, "x": 149.75, "score": 0.6504295468330383}, "left_ear": {"y": 212.25, "x": 132.75, "score": 0.3853500187397003}, "left_elbow": {"y": 199.5, "x": 173.125, "score": 0.5260900855064392}, "right_shoulder": {"y": 167.625, "x": 113.625, "score": 0.6510434150695801}, "right_ankle": {"y": 154.875, "x": 185.875, "score": 0.6738759279251099}, "right_knee": {"y": 154.875, "x": 173.125, "score": 0.4900561273097992}, "right_wrist": {"y": 148.5, "x": 124.25, "score": 0.1768336445093155}}, "location": {"height": 100.6957626342773, "width": 112.7793884277344, "top": 141.3105773925781, "score": 0.4285614192485809, "left": 98.38475036621094}}, {"body_parts": {"left_hip": {"y": 176.8125, "x": 264.6875, "score": 0.03947275504469872}, "top_head": {"y": 151.125, "x": 136.25, "score": 0.2378554046154022}, "right_mouth_corner": {"y": 202.5, "x": 144.8125, "score": 0.1098330542445183}, "neck": {"y": 185.375, "x": 127.6875, "score": 0.4490250051021576}, "left_shoulder": {"y": 211.0625, "x": 127.6875, "score": 0.2100810706615448}, "left_knee": {"y": 219.625, "x": 324.625, "score": 0.03099226951599121}, "left_ankle": {"y": 245.3125, "x": 341.75, "score": 0.02389316819608212}, "left_mouth_corner": {"y": 193.9375, "x": 144.8125, "score": 0.0800735279917717}, "right_elbow": {"y": 228.1875, "x": 110.5625, "score": 0.2138929516077042}, "right_ear": {"y": 193.9375, "x": 136.25, "score": 0.2778725922107697}, "nose": {"y": 185.375, "x": 179.0625, "score": 0.1058260798454285}, "left_eye": {"y": 168.25, "x": 127.6875, "score": 0.1213884130120277}, "right_eye": {"y": 185.375, "x": 136.25, "score": 0.1367689967155457}, "right_hip": {"y": 168.25, "x": 281.8125, "score": 0.03889612108469009}, "left_wrist": {"y": 185.375, "x": 119.125, "score": 0.1208678856492043}, "left_ear": {"y": 185.375, "x": 127.6875, "score": 0.2694909572601318}, "left_elbow": {"y": 219.625, "x": 110.5625, "score": 0.1780062913894653}, "right_shoulder": {"y": 202.5, "x": 127.6875, "score": 0.2831156849861145}, "right_ankle": {"y": 245.3125, "x": 341.75, "score": 0.02105491794645786}, "right_knee": {"y": 219.625, "x": 324.625, "score": 0.03025675565004349}, "right_wrist": {"y": 185.375, "x": 119.125, "score": 0.1793028712272644}}, "location": {"height": 269.0, "width": 455.8349304199219, "top": 0.0, "score": 0.008218331262469292, "left": 21.168212890625}}], "log_id": 5658485806326094753}