{"person_num": 3, "person_info": [{"body_parts": {"left_hip": {"y": 176.0, "x": 170.125, "score": 0.2865403890609741}, "top_head": {"y": 233.0, "x": 98.875, "score": 0.5438770055770874}, "right_mouth_corner": {"y": 211.625, "x": 134.5, "score": 0.3170736730098724}, "neck": {"y": 187.875, "x": 132.125, "score": 0.6976812481880188}, "left_shoulder": {"y": 197.375, "x": 158.25, "score": 0.555235743522644}, "left_knee": {"y": 180.75, "x": 184.375, "score": 0.545242965221405}, "left_ankle": {"y": 168.875, "x": 203.375, "score": 0.7056604027748108}, "left_mouth_corner": {"y": 211.625, "x": 134.5, "score": 0.4239284098148346}, "right_elbow": {"y": 149.875, "x": 127.375, "score": 0.6672459840774536}, "right_ear": {"y": 214.0, "x": 127.375, "score": 0.4145961403846741}, "nose": {"y": 218.75, "x": 132.125, "score": 0.4280853271484375}, "left_eye": {"y": 218.75, "x": 129.75, "score": 0.3655650317668915}, "right_eye": {"y": 221.125, "x": 129.75, "score": 0.4601261913776398}, "right_hip": {"y": 161.75, "x": 158.25, "score": 0.4681991934776306}, "left_wrist": {"y": 228.25, "x": 155.875, "score": 0.5984901189804077}, "left_ear": {"y": 214.0, "x": 127.375, "score": 0.529119074344635}, "left_elbow": {"y": 206.875, "x": 167.75, "score": 0.6932144165039062}, "right_shoulder": {"y": 168.875, "x": 113.125, "score": 0.7256889939308167}, "right_ankle": {"y": 152.25, "x": 186.75, "score": 0.6257385015487671}, "right_knee": {"y": 157.0, "x": 172.5, "score": 0.5574329495429993}, "right_wrist": {"y": 149.875, "x": 127.375, "score": 0.2648270130157471}}, "location": {"height": 106.4973678588867, "width": 127.0505599975586, "top": 145.6658782958984, "score": 0.4777810871601105, "left": 81.35063171386719}}, {"body_parts": {"left_hip": {"y": 177.4375, "x": 299.8125, "score": 0.04350429028272629}, "top_head": {"y": 160.0625, "x": 134.75, "score": 0.2904027700424194}, "right_mouth_corner": {"y": 186.125, "x": 117.375, "score": 0.1170889437198639}, "neck": {"y": 177.4375, "x": 126.0625, "score": 0.486463725566864}, "left_shoulder": {"y": 177.4375, "x": 134.75, "score": 0.3637622594833374}, "left_knee": {"y": 220.875, "x": 334.5625, "score": 0.04179289937019348}, "left_ankle": {"y": 177.4375, "x": 169.5, "score": 0.03994765877723694}, "left_mouth_corner": {"y": 194.8125, "x": 126.0625, "score": 0.0930071696639061}, "right_elbow": {"y": 220.875, "x": 100.0, "score": 0.1718224883079529}, "right_ear": {"y": 177.4375, "x": 126.0625, "score": 0.2917903959751129}, "nose": {"y": 177.4375, "x": 178.1875, "score": 0.1004545614123344}, "left_eye": {"y": 177.4375, "x": 126.0625, "score": 0.09970317035913467}, "right_eye": {"y": 177.4375, "x": 134.75, "score": 0.1476289927959442}, "right_hip": {"y": 168.75, "x": 282.4375, "score": 0.04214603453874588}, "left_wrist": {"y": 186.125, "x": 126.0625, "score": 0.1328887194395065}, "left_ear": {"y": 177.4375, "x": 117.375, "score": 0.2663759589195251}, "left_elbow": {"y": 212.1875, "x": 117.375, "score": 0.08444716036319733}, "right_shoulder": {"y": 194.8125, "x": 117.375, "score": 0.3339493274688721}, "right_ankle": {"y": 177.4375, "x": 178.1875, "score": 0.05090757086873055}, "right_knee": {"y": 212.1875, "x": 160.8125, "score": 0.03801169991493225}, "right_wrist": {"y": 186.125, "x": 143.4375, "score": 0.1276320219039917}}, "location": {"height": 269.0, "width": 462.911865234375, "top": 0.0, "score": 0.007267983164638281, "left": 16.08811950683594}}, {"body_parts": {"left_hip": {"y": 154.25, "x": 162.3125, "score": 0.1127939075231552}, "top_head": {"y": 220.0625, "x": 101.5625, "score": 0.8250635266304016}, "right_mouth_corner": {"y": 209.9375, "x": 126.875, "score": 0.5024399161338806}, "neck": {"y": 194.75, "x": 126.875, "score": 0.7148811221122742}, "left_shoulder": {"y": 194.75, "x": 162.3125, "score": 0.658657431602478}, "left_knee": {"y": 154.25, "x": 187.625, "score": 0.04804397746920586}, "left_ankle": {"y": 164.375, "x": 192.6875, "score": 0.2453489452600479}, "left_mouth_corner": {"y": 209.9375, "x": 137.0, "score": 0.5330173969268799}, "right_elbow": {"y": 154.25, "x": 116.75, "score": 0.3120524883270264}, "right_ear": {"y": 199.8125, "x": 106.625, "score": 0.3039872944355011}, "nose": {"y": 215.0, "x": 126.875, "score": 0.6025136709213257}, "left_eye": {"y": 215.0, "x": 121.8125, "score": 0.6209191083908081}, "right_eye": {"y": 209.9375, "x": 116.75, "score": 0.6492863297462463}, "right_hip": {"y": 159.3125, "x": 157.25, "score": 0.2061413526535034}, "left_wrist": {"y": 235.25, "x": 152.1875, "score": 0.7509018182754517}, "left_ear": {"y": 209.9375, "x": 121.8125, "score": 0.4948306679725647}, "left_elbow": {"y": 204.875, "x": 167.375, "score": 0.6661660671234131}, "right_shoulder": {"y": 174.5, "x": 111.6875, "score": 0.5877982974052429}, "right_ankle": {"y": 164.375, "x": 182.5625, "score": 0.09831073880195618}, "right_knee": {"y": 174.5, "x": 142.0625, "score": 0.105525940656662}, "right_wrist": {"y": 189.6875, "x": 126.875, "score": 0.2875159978866577}}, "location": {"height": 269.0, "width": 224.9073028564453, "top": 0.0, "score": 0.007232120260596275, "left": 0.6775894165039062}}], "log_id": 6887332120575756065}