{"person_num": 2, "person_info": [{"body_parts": {"left_hip": {"y": 110.5, "x": 67.5, "score": 0.5256243944168091}, "top_head": {"y": 112.875, "x": 148.25, "score": 0.52145916223526}, "right_mouth_corner": {"y": 105.75, "x": 129.25, "score": 0.150172546505928}, "neck": {"y": 117.625, "x": 112.625, "score": 0.5982480049133301}, "left_shoulder": {"y": 96.25, "x": 105.5, "score": 0.5724210739135742}, "left_knee": {"y": 93.875, "x": 107.875, "score": 0.2002182900905609}, "left_ankle": {"y": 108.125, "x": 136.375, "score": 0.07813761383295059}, "left_mouth_corner": {"y": 108.125, "x": 131.625, "score": 0.1602920293807983}, "right_elbow": {"y": 155.625, "x": 93.625, "score": 0.6957926154136658}, "right_ear": {"y": 127.125, "x": 134.0, "score": 0.4538824856281281}, "nose": {"y": 110.5, "x": 131.625, "score": 0.3084495067596436}, "left_eye": {"y": 110.5, "x": 131.625, "score": 0.5111429691314697}, "right_eye": {"y": 110.5, "x": 134.0, "score": 0.4135936200618744}, "right_hip": {"y": 139.0, "x": 77.0, "score": 0.4483238458633423}, "left_wrist": {"y": 89.125, "x": 119.75, "score": 0.396085649728775}, "left_ear": {"y": 108.125, "x": 129.25, "score": 0.2077029794454575}, "left_elbow": {"y": 91.5, "x": 105.5, "score": 0.2977514863014221}, "right_shoulder": {"y": 141.375, "x": 105.5, "score": 0.3756989538669586}, "right_ankle": {"y": 127.125, "x": 155.375, "score": 0.3500087261199951}, "right_knee": {"y": 139.0, "x": 105.5, "score": 0.1464068740606308}, "right_wrist": {"y": 158.0, "x": 105.5, "score": 0.6099008917808533}}, "location": {"height": 86.67060089111328, "width": 125.5137939453125, "top": 77.01119995117188, "score": 0.7931704521179199, "left": 52.99739837646484}}, {"body_parts": {"left_hip": {"y": 142.5625, "x": 196.1875, "score": 0.1552491933107376}, "top_head": {"y": 99.75, "x": 84.875, "score": 0.4860547184944153}, "right_mouth_corner": {"y": 108.3125, "x": 119.125, "score": 0.3654135465621948}, "neck": {"y": 116.875, "x": 102.0, "score": 0.5423218011856079}, "left_shoulder": {"y": 108.3125, "x": 119.125, "score": 0.5343753099441528}, "left_knee": {"y": 185.375, "x": 281.8125, "score": 0.1440039426088333}, "left_ankle": {"y": 236.75, "x": 358.875, "score": 0.1311692893505096}, "left_mouth_corner": {"y": 108.3125, "x": 127.6875, "score": 0.3867147564888}, "right_elbow": {"y": 116.875, "x": 67.75, "score": 0.4011310636997223}, "right_ear": {"y": 108.3125, "x": 93.4375, "score": 0.5219111442565918}, "nose": {"y": 99.75, "x": 127.6875, "score": 0.3491853773593903}, "left_eye": {"y": 99.75, "x": 119.125, "score": 0.3746271133422852}, "right_eye": {"y": 99.75, "x": 110.5625, "score": 0.3853875994682312}, "right_hip": {"y": 142.5625, "x": 144.8125, "score": 0.1634388864040375}, "left_wrist": {"y": 108.3125, "x": 110.5625, "score": 0.3744793236255646}, "left_ear": {"y": 108.3125, "x": 93.4375, "score": 0.4647000432014465}, "left_elbow": {"y": 116.875, "x": 76.3125, "score": 0.3818263709545135}, "right_shoulder": {"y": 116.875, "x": 110.5625, "score": 0.3572161197662354}, "right_ankle": {"y": 228.1875, "x": 341.75, "score": 0.1532192975282669}, "right_knee": {"y": 185.375, "x": 264.6875, "score": 0.1669070720672607}, "right_wrist": {"y": 108.3125, "x": 110.5625, "score": 0.3943839073181152}}, "location": {"height": 268.7697143554688, "width": 457.0593872070312, "top": 0.23028564453125, "score": 0.006111180875450373, "left": 20.31169128417969}}], "log_id": 3485432385986618433}