{"person_num": 1, "person_info": [{"body_parts": {"left_hip": {"y": 97.40625, "x": 240.875, "score": 0.5777921676635742}, "top_head": {"y": 56.5, "x": 344.34375, "score": 0.7325835227966309}, "right_mouth_corner": {"y": 80.5625, "x": 327.5, "score": 0.2250971645116806}, "neck": {"y": 70.9375, "x": 310.65625, "score": 0.7768726944923401}, "left_shoulder": {"y": 56.5, "x": 284.1875, "score": 0.742494523525238}, "left_knee": {"y": 70.9375, "x": 269.75, "score": 0.1622879356145859}, "left_ankle": {"y": 104.625, "x": 236.0625, "score": 0.5831405520439148}, "left_mouth_corner": {"y": 80.5625, "x": 329.90625, "score": 0.2225937992334366}, "right_elbow": {"y": 128.6875, "x": 281.78125, "score": 0.7536089420318604}, "right_ear": {"y": 75.75, "x": 329.90625, "score": 0.7648131847381592}, "nose": {"y": 80.5625, "x": 332.3125, "score": 0.5604864954948425}, "left_eye": {"y": 78.15625, "x": 334.71875, "score": 0.4057480096817017}, "right_eye": {"y": 75.75, "x": 334.71875, "score": 0.5890859961509705}, "right_hip": {"y": 119.0625, "x": 250.5, "score": 0.6482663750648499}, "left_wrist": {"y": 66.125, "x": 250.5, "score": 0.422529399394989}, "left_ear": {"y": 56.5, "x": 317.875, "score": 0.6662893295288086}, "left_elbow": {"y": 63.71875, "x": 260.125, "score": 0.7071428894996643}, "right_shoulder": {"y": 102.21875, "x": 308.25, "score": 0.7452414631843567}, "right_ankle": {"y": 116.65625, "x": 245.6875, "score": 0.1776810437440872}, "right_knee": {"y": 99.8125, "x": 298.625, "score": 0.1361129730939865}, "right_wrist": {"y": 140.71875, "x": 269.75, "score": 0.7794166803359985}}, "location": {"height": 105.8177337646484, "width": 127.8725051879883, "top": 42.70550918579102, "score": 0.9447908997535706, "left": 225.4866027832031}}], "log_id": 8308411431693216257}