{"person_num": 3, "person_info": [{"body_parts": {"left_hip": {"y": 54.25, "x": 370.625, "score": 0.6922854781150818}, "top_head": {"y": 0, "x": 473.75, "score": 0.4994671642780304}, "right_mouth_corner": {"y": 19.875, "x": 467.5, "score": 0.194734513759613}, "neck": {"y": 7.375, "x": 451.875, "score": 0.7606998085975647}, "left_shoulder": {"y": 4.25, "x": 420.625, "score": 0.651802122592926}, "left_knee": {"y": 60.5, "x": 351.875, "score": 0.4364906549453735}, "left_ankle": {"y": 73.0, "x": 330.0, "score": 0.6469721794128418}, "left_mouth_corner": {"y": 19.875, "x": 470.625, "score": 0.1305028349161148}, "right_elbow": {"y": 76.125, "x": 417.5, "score": 0.7901628017425537}, "right_ear": {"y": 10.5, "x": 467.5, "score": 0.7938942313194275}, "nose": {"y": 16.75, "x": 470.625, "score": 0.3810959756374359}, "left_eye": {"y": 13.625, "x": 473.75, "score": 0.2340411990880966}, "right_eye": {"y": 10.5, "x": 470.625, "score": 0.4647857248783112}, "right_hip": {"y": 79.25, "x": 380.0, "score": 0.5942421555519104}, "left_wrist": {"y": 29.25, "x": 355.0, "score": 0.8262318968772888}, "left_ear": {"y": 0, "x": 448.75, "score": 0.6011454463005066}, "left_elbow": {"y": 16.75, "x": 376.875, "score": 0.7310014963150024}, "right_shoulder": {"y": 38.625, "x": 451.875, "score": 0.7628939747810364}, "right_ankle": {"y": 66.75, "x": 339.375, "score": 0.1505577862262726}, "right_knee": {"y": 69.875, "x": 355.0, "score": 0.2717652916908264}, "right_wrist": {"y": 91.75, "x": 389.375, "score": 0.7826452851295471}}, "location": {"height": 92.37535858154297, "width": 166.8765106201172, "top": 1.902351379394531, "score": 0.6629883646965027, "left": 299.014404296875}}, {"body_parts": {"left_hip": {"y": 63.125, "x": 371.0, "score": 0.5055794715881348}, "top_head": {"y": 2.375, "x": 467.1875, "score": 0.5155947208404541}, "right_mouth_corner": {"y": 22.625, "x": 467.1875, "score": 0.2018591463565826}, "neck": {"y": 12.5, "x": 452.0, "score": 0.8711584210395813}, "left_shoulder": {"y": 2.375, "x": 421.625, "score": 0.7028348445892334}, "left_knee": {"y": 73.25, "x": 325.4375, "score": 0.2805993854999542}, "left_ankle": {"y": 68.1875, "x": 340.625, "score": 0.5735328197479248}, "left_mouth_corner": {"y": 22.625, "x": 467.1875, "score": 0.1879328936338425}, "right_elbow": {"y": 78.3125, "x": 416.5625, "score": 0.8371906876564026}, "right_ear": {"y": 17.5625, "x": 472.25, "score": 0.704851508140564}, "nose": {"y": 17.5625, "x": 472.25, "score": 0.3329060077667236}, "left_eye": {"y": 0, "x": 457.0625, "score": 0.3258764445781708}, "right_eye": {"y": 12.5, "x": 472.25, "score": 0.4528437554836273}, "right_hip": {"y": 88.4375, "x": 381.125, "score": 0.4465990960597992}, "left_wrist": {"y": 27.6875, "x": 355.8125, "score": 0.7342766523361206}, "left_ear": {"y": 0, "x": 452.0, "score": 0.678368091583252}, "left_elbow": {"y": 17.5625, "x": 376.0625, "score": 0.7828097343444824}, "right_shoulder": {"y": 42.875, "x": 452.0, "score": 0.8146874904632568}, "right_ankle": {"y": 88.4375, "x": 371.0, "score": 0.204433336853981}, "right_knee": {"y": 68.1875, "x": 350.75, "score": 0.06772183626890182}, "right_wrist": {"y": 88.4375, "x": 391.25, "score": 0.8746050596237183}}, "location": {"height": 269.0, "width": 107.7423477172852, "top": 0.0, "score": 0.01588053815066814, "left": 371.2576293945312}}, {"body_parts": {"left_hip": {"y": 107.375, "x": 327.75, "score": 0.08600140362977982}, "top_head": {"y": 9.75, "x": 452.0, "score": 0.1489441692829132}, "right_mouth_corner": {"y": 18.625, "x": 469.75, "score": 0.1358724534511566}, "neck": {"y": 0.875, "x": 452.0, "score": 0.4547162652015686}, "left_shoulder": {"y": 18.625, "x": 443.125, "score": 0.3956264555454254}, "left_knee": {"y": 116.25, "x": 168.0, "score": 0.09043051302433014}, "left_ankle": {"y": 169.5, "x": 88.125, "score": 0.04343745857477188}, "left_mouth_corner": {"y": 18.625, "x": 478.625, "score": 0.1483972668647766}, "right_elbow": {"y": 36.375, "x": 434.25, "score": 0.2652472853660583}, "right_ear": {"y": 0, "x": 480, "score": 0.2268227189779282}, "nose": {"y": 9.75, "x": 478.625, "score": 0.1774874627590179}, "left_eye": {"y": 18.625, "x": 460.875, "score": 0.1384208500385284}, "right_eye": {"y": 9.75, "x": 478.625, "score": 0.1788879185914993}, "right_hip": {"y": 107.375, "x": 336.625, "score": 0.08676592260599136}, "left_wrist": {"y": 71.875, "x": 354.375, "score": 0.3381828665733337}, "left_ear": {"y": 9.75, "x": 469.75, "score": 0.1834694594144821}, "left_elbow": {"y": 27.5, "x": 434.25, "score": 0.2305933088064194}, "right_shoulder": {"y": 27.5, "x": 443.125, "score": 0.4627486765384674}, "right_ankle": {"y": 169.5, "x": 88.125, "score": 0.04843418672680855}, "right_knee": {"y": 125.125, "x": 159.125, "score": 0.1046161353588104}, "right_wrist": {"y": 71.875, "x": 398.75, "score": 0.2116462588310242}}, "location": {"height": 269.0, "width": 472.7018432617188, "top": 0.0, "score": 0.01332112308591604, "left": 6.298141479492188}}], "log_id": 4331781954530089857}