{"person_num": 3, "person_info": [{"body_parts": {"left_hip": {"y": 40.0, "x": 397.0, "score": 0.0757036954164505}, "top_head": {"y": 16.0, "x": 480, "score": 0.09096144884824753}, "right_mouth_corner": {"y": 49.0, "x": 480, "score": 0.04362799599766731}, "neck": {"y": 22.0, "x": 478.0, "score": 0.3476870059967041}, "left_shoulder": {"y": 13.0, "x": 454.0, "score": 0.1879076212644577}, "left_knee": {"y": 49.0, "x": 367.0, "score": 0.299314022064209}, "left_ankle": {"y": 64.0, "x": 337.0, "score": 0.5793691873550415}, "left_mouth_corner": {"y": 55.0, "x": 478.0, "score": 0.04278708249330521}, "right_elbow": {"y": 70.0, "x": 424.0, "score": 0.5753364562988281}, "right_ear": {"y": 31.0, "x": 480, "score": 0.0863427072763443}, "nose": {"y": 52.0, "x": 469.0, "score": 0.05423277616500854}, "left_eye": {"y": 10.0, "x": 409.0, "score": 0.0819537565112114}, "right_eye": {"y": 10.0, "x": 397.0, "score": 0.04011775553226471}, "right_hip": {"y": 58.0, "x": 406.0, "score": 0.1171369925141335}, "left_wrist": {"y": 16.0, "x": 397.0, "score": 0.6865182518959045}, "left_ear": {"y": 4.0, "x": 475.0, "score": 0.1709121018648148}, "left_elbow": {"y": 70.0, "x": 424.0, "score": 0.4607981741428375}, "right_shoulder": {"y": 46.0, "x": 469.0, "score": 0.4373149871826172}, "right_ankle": {"y": 73.0, "x": 358.0, "score": 0.3765588104724884}, "right_knee": {"y": 49.0, "x": 367.0, "score": 0.2696366310119629}, "right_wrist": {"y": 76.0, "x": 397.0, "score": 0.6951091289520264}}, "location": {"height": 86.7203598022461, "width": 159.6089782714844, "top": 1.880165100097656, "score": 0.1202737018465996, "left": 319.3910217285156}}, {"body_parts": {"left_hip": {"y": 89.46875, "x": 363.6875, "score": 0.09364652633666992}, "top_head": {"y": 9.3125, "x": 470.5625, "score": 0.1318675577640533}, "right_mouth_corner": {"y": 36.03125, "x": 426.03125, "score": 0.07771338522434235}, "neck": {"y": 27.125, "x": 426.03125, "score": 0.1501551121473312}, "left_shoulder": {"y": 18.21875, "x": 452.75, "score": 0.2558049261569977}, "left_knee": {"y": 116.1875, "x": 158.84375, "score": 0.114678293466568}, "left_ankle": {"y": 44.9375, "x": 381.5, "score": 0.08832566440105438}, "left_mouth_corner": {"y": 27.125, "x": 426.03125, "score": 0.1131549254059792}, "right_elbow": {"y": 18.21875, "x": 461.65625, "score": 0.1416864097118378}, "right_ear": {"y": 44.9375, "x": 417.125, "score": 0.1290223002433777}, "nose": {"y": 53.84375, "x": 443.84375, "score": 0.1314300149679184}, "left_eye": {"y": 44.9375, "x": 443.84375, "score": 0.1645107418298721}, "right_eye": {"y": 36.03125, "x": 443.84375, "score": 0.1655010133981705}, "right_hip": {"y": 89.46875, "x": 354.78125, "score": 0.06858449429273605}, "left_wrist": {"y": 44.9375, "x": 390.40625, "score": 0.3686296343803406}, "left_ear": {"y": 9.3125, "x": 426.03125, "score": 0.1702688932418823}, "left_elbow": {"y": 18.21875, "x": 452.75, "score": 0.2197671830654144}, "right_shoulder": {"y": 18.21875, "x": 461.65625, "score": 0.2914352416992188}, "right_ankle": {"y": 169.625, "x": 87.59375, "score": 0.06885459274053574}, "right_knee": {"y": 125.09375, "x": 158.84375, "score": 0.1057583913207054}, "right_wrist": {"y": 44.9375, "x": 399.3125, "score": 0.2349600344896317}}, "location": {"height": 269.0, "width": 473.7437744140625, "top": 0.0, "score": 0.01743468642234802, "left": 5.256210327148438}}, {"body_parts": {"left_hip": {"y": 14.74999237060547, "x": 462.34375, "score": 0.08141931891441345}, "top_head": {"y": 14.74999237060547, "x": 472.28125, "score": 0.04499918222427368}, "right_mouth_corner": {"y": 0, "x": 412.65625, "score": 0.008298198692500591}, "neck": {"y": 4.8125, "x": 472.28125, "score": 0.1238214671611786}, "left_shoulder": {"y": 14.74999237060547, "x": 457.375, "score": 0.215429276227951}, "left_knee": {"y": 233.375, "x": 422.59375, "score": 0.09675296396017075}, "left_ankle": {"y": 44.5625, "x": 372.90625, "score": 0.3417194485664368}, "left_mouth_corner": {"y": 54.5, "x": 392.78125, "score": 0.008553883992135525}, "right_elbow": {"y": 69.40625, "x": 427.5625, "score": 0.3628786206245422}, "right_ear": {"y": 9.781242370605469, "x": 480, "score": 0.0376921109855175}, "nose": {"y": 14.74999237060547, "x": 387.8125, "score": 0.02192892320454121}, "left_eye": {"y": 44.5625, "x": 397.75, "score": 0.03140297904610634}, "right_eye": {"y": 24.6875, "x": 397.75, "score": 0.04334733635187149}, "right_hip": {"y": 24.6875, "x": 467.3125, "score": 0.07806602865457535}, "left_wrist": {"y": 24.6875, "x": 392.78125, "score": 0.07242850959300995}, "left_ear": {"y": 0, "x": 477.25, "score": 0.05437254160642624}, "left_elbow": {"y": 34.625, "x": 397.75, "score": 0.1252223700284958}, "right_shoulder": {"y": 24.6875, "x": 457.375, "score": 0.1216408461332321}, "right_ankle": {"y": 64.4375, "x": 387.8125, "score": 0.2211899161338806}, "right_knee": {"y": 54.5, "x": 417.625, "score": 0.08839474618434906}, "right_wrist": {"y": 69.40625, "x": 392.78125, "score": 0.6252111196517944}}, "location": {"height": 265.3572387695312, "width": 163.0112762451172, "top": 2.337295532226562, "score": 0.01684147119522095, "left": 315.9887084960938}}], "log_id": 6528699875575886049}