{"person_num": 3, "person_info": [{"body_parts": {"left_hip": {"y": 116.1875, "x": 399.3125, "score": 0.1830542385578156}, "top_head": {"y": 18.21875, "x": 452.75, "score": 0.2227015346288681}, "right_mouth_corner": {"y": 9.3125, "x": 470.5625, "score": 0.2039860785007477}, "neck": {"y": 18.21875, "x": 434.9375, "score": 0.499953031539917}, "left_shoulder": {"y": 27.125, "x": 452.75, "score": 0.3829509913921356}, "left_knee": {"y": 116.1875, "x": 158.84375, "score": 0.1003249809145927}, "left_ankle": {"y": 240.875, "x": 372.59375, "score": 0.05030073598027229}, "left_mouth_corner": {"y": 18.21875, "x": 479.46875, "score": 0.1917865127325058}, "right_elbow": {"y": 44.9375, "x": 363.6875, "score": 0.1744062453508377}, "right_ear": {"y": 9.3125, "x": 443.84375, "score": 0.234515517950058}, "nose": {"y": 9.3125, "x": 470.5625, "score": 0.3348575234413147}, "left_eye": {"y": 9.3125, "x": 470.5625, "score": 0.23162841796875}, "right_eye": {"y": 9.3125, "x": 461.65625, "score": 0.3249232172966003}, "right_hip": {"y": 107.28125, "x": 354.78125, "score": 0.1322247833013535}, "left_wrist": {"y": 53.84375, "x": 372.59375, "score": 0.5097840428352356}, "left_ear": {"y": 36.03125, "x": 426.03125, "score": 0.2591837644577026}, "left_elbow": {"y": 71.65625, "x": 381.5, "score": 0.2866606116294861}, "right_shoulder": {"y": 27.125, "x": 417.125, "score": 0.3912749886512756}, "right_ankle": {"y": 169.625, "x": 96.5, "score": 0.05449790135025978}, "right_knee": {"y": 116.1875, "x": 158.84375, "score": 0.08878278732299805}, "right_wrist": {"y": 36.03125, "x": 399.3125, "score": 0.1630984544754028}}, "location": {"height": 269.0, "width": 473.0134582519531, "top": 0.0, "score": 0.01760018244385719, "left": 5.986526489257812}}, {"body_parts": {"left_hip": {"y": 46.0625, "x": 393.75, "score": 0.03702571988105774}, "top_head": {"y": 56.3125, "x": 363.0, "score": 0.2222533077001572}, "right_mouth_corner": {"y": 56.3125, "x": 480, "score": 0.1549003273248672}, "neck": {"y": 38.375, "x": 473.1875, "score": 0.5035443305969238}, "left_shoulder": {"y": 17.875, "x": 457.8125, "score": 0.6201800107955933}, "left_knee": {"y": 74.25, "x": 380.9375, "score": 0.1957278847694397}, "left_ankle": {"y": 76.8125, "x": 363.0, "score": 0.2017255127429962}, "left_mouth_corner": {"y": 56.3125, "x": 478.3125, "score": 0.1706398725509644}, "right_elbow": {"y": 92.1875, "x": 432.1875, "score": 0.6528450846672058}, "right_ear": {"y": 46.0625, "x": 480, "score": 0.3346509337425232}, "nose": {"y": 58.875, "x": 478.3125, "score": 0.2831272482872009}, "left_eye": {"y": 17.875, "x": 478.3125, "score": 0.1670098751783371}, "right_eye": {"y": 58.875, "x": 480, "score": 0.2343322485685349}, "right_hip": {"y": 23.0, "x": 455.25, "score": 0.07365037500858307}, "left_wrist": {"y": 79.375, "x": 434.75, "score": 0.1441833227872849}, "left_ear": {"y": 17.875, "x": 478.3125, "score": 0.3175941705703735}, "left_elbow": {"y": 38.375, "x": 429.625, "score": 0.2086121886968613}, "right_shoulder": {"y": 69.125, "x": 460.375, "score": 0.5138846635818481}, "right_ankle": {"y": 81.9375, "x": 357.875, "score": 0.3045649826526642}, "right_knee": {"y": 38.375, "x": 363.0, "score": 0.2553930282592773}, "right_wrist": {"y": 89.625, "x": 434.75, "score": 0.4344823956489563}}, "location": {"height": 93.23709106445312, "width": 135.8938751220703, "top": 0.6474342346191406, "score": 0.01209153886884451, "left": 343.1061096191406}}, {"body_parts": {"left_hip": {"y": 42.875, "x": 459.1875, "score": 0.06402600556612015}, "top_head": {"y": 37.8125, "x": 469.3125, "score": 0.1025848090648651}, "right_mouth_corner": {"y": 68.1875, "x": 363.0, "score": 0.09723374247550964}, "neck": {"y": 58.0625, "x": 373.125, "score": 0.1124178916215897}, "left_shoulder": {"y": 27.6875, "x": 393.375, "score": 0.08397946506738663}, "left_knee": {"y": 184.625, "x": 413.625, "score": 0.0825074091553688}, "left_ankle": {"y": 68.1875, "x": 363.0, "score": 0.3168522715568542}, "left_mouth_corner": {"y": 98.5625, "x": 459.1875, "score": 0.06460993736982346}, "right_elbow": {"y": 83.375, "x": 388.3125, "score": 0.06949049979448318}, "right_ear": {"y": 42.875, "x": 363.0, "score": 0.1259927600622177}, "nose": {"y": 63.125, "x": 363.0, "score": 0.2084780186414719}, "left_eye": {"y": 63.125, "x": 363.0, "score": 0.1606926620006561}, "right_eye": {"y": 58.0625, "x": 363.0, "score": 0.2459729909896851}, "right_hip": {"y": 58.0625, "x": 454.125, "score": 0.07510561496019363}, "left_wrist": {"y": 78.3125, "x": 368.0625, "score": 0.1535204648971558}, "left_ear": {"y": 47.9375, "x": 368.0625, "score": 0.1026475578546524}, "left_elbow": {"y": 42.875, "x": 368.0625, "score": 0.2134762704372406}, "right_shoulder": {"y": 73.25, "x": 454.125, "score": 0.143649160861969}, "right_ankle": {"y": 68.1875, "x": 363.0, "score": 0.08659408241510391}, "right_knee": {"y": 209.9375, "x": 423.75, "score": 0.04410679265856743}, "right_wrist": {"y": 78.3125, "x": 363.0, "score": 0.1960271596908569}}, "location": {"height": 269.0, "width": 138.3438720703125, "top": 0.0, "score": 0.006220076233148575, "left": 340.6560974121094}}], "log_id": 7754617279201417409}