{"person_num": 3, "person_info": [{"body_parts": {"left_hip": {"y": 63.5625, "x": 363.5625, "score": 0.4790793657302856}, "top_head": {"y": 7.5, "x": 465.9375, "score": 0.7117213606834412}, "right_mouth_corner": {"y": 34.3125, "x": 453.75, "score": 0.2371518760919571}, "neck": {"y": 27.0, "x": 439.125, "score": 0.7921329140663147}, "left_shoulder": {"y": 17.25, "x": 417.1875, "score": 0.7810003161430359}, "left_knee": {"y": 36.75, "x": 390.375, "score": 0.1234229505062103}, "left_ankle": {"y": 75.75, "x": 358.6875, "score": 0.2076159119606018}, "left_mouth_corner": {"y": 34.3125, "x": 456.1875, "score": 0.2390231788158417}, "right_elbow": {"y": 90.375, "x": 434.25, "score": 0.7812976241111755}, "right_ear": {"y": 29.4375, "x": 456.1875, "score": 0.7627251744270325}, "nose": {"y": 31.875, "x": 458.625, "score": 0.624406099319458}, "left_eye": {"y": 27.0, "x": 461.0625, "score": 0.4144890606403351}, "right_eye": {"y": 27.0, "x": 461.0625, "score": 0.725239098072052}, "right_hip": {"y": 80.625, "x": 375.75, "score": 0.4420888125896454}, "left_wrist": {"y": 36.75, "x": 402.5625, "score": 0.3256891071796417}, "left_ear": {"y": 12.375, "x": 441.5625, "score": 0.688036322593689}, "left_elbow": {"y": 27.0, "x": 385.5, "score": 0.7590725421905518}, "right_shoulder": {"y": 53.8125, "x": 439.125, "score": 0.7167672514915466}, "right_ankle": {"y": 83.0625, "x": 366.0, "score": 0.415313184261322}, "right_knee": {"y": 58.6875, "x": 414.75, "score": 0.05534517019987106}, "right_wrist": {"y": 85.5, "x": 453.75, "score": 0.265837699174881}}, "location": {"height": 108.1856689453125, "width": 129.8464965820312, "top": 1.186061859130859, "score": 0.4474737048149109, "left": 346.0032958984375}}, {"body_parts": {"left_hip": {"y": 107.1875, "x": 364.125, "score": 0.1910527795553207}, "top_head": {"y": 8.875, "x": 426.6875, "score": 0.241616353392601}, "right_mouth_corner": {"y": 26.75, "x": 453.5, "score": 0.2206654250621796}, "neck": {"y": 26.75, "x": 426.6875, "score": 0.4521041512489319}, "left_shoulder": {"y": 35.6875, "x": 417.75, "score": 0.3503990173339844}, "left_knee": {"y": 169.75, "x": 390.9375, "score": 0.1043333858251572}, "left_ankle": {"y": 241.25, "x": 390.9375, "score": 0.1122788339853287}, "left_mouth_corner": {"y": 35.6875, "x": 462.4375, "score": 0.2479844391345978}, "right_elbow": {"y": 71.4375, "x": 364.125, "score": 0.3733224868774414}, "right_ear": {"y": 26.75, "x": 453.5, "score": 0.294164776802063}, "nose": {"y": 17.8125, "x": 453.5, "score": 0.2363236248493195}, "left_eye": {"y": 17.8125, "x": 453.5, "score": 0.2445486038923264}, "right_eye": {"y": 17.8125, "x": 453.5, "score": 0.2755405902862549}, "right_hip": {"y": 98.25, "x": 355.1875, "score": 0.1620718985795975}, "left_wrist": {"y": 35.6875, "x": 382.0, "score": 0.3406898975372314}, "left_ear": {"y": 8.875, "x": 435.625, "score": 0.2672095894813538}, "left_elbow": {"y": 71.4375, "x": 364.125, "score": 0.5014251470565796}, "right_shoulder": {"y": 35.6875, "x": 426.6875, "score": 0.3736607730388641}, "right_ankle": {"y": 250.1875, "x": 399.875, "score": 0.1144490316510201}, "right_knee": {"y": 169.75, "x": 382.0, "score": 0.09615951776504517}, "right_wrist": {"y": 44.625, "x": 426.6875, "score": 0.2087182253599167}}, "location": {"height": 269.0, "width": 476.6873474121094, "top": 0.0, "score": 0.01164606027305126, "left": 2.312637329101562}}, {"body_parts": {"left_hip": {"y": 78.3125, "x": 357.9375, "score": 0.4291661977767944}, "top_head": {"y": 7.4375, "x": 459.1875, "score": 0.7458927631378174}, "right_mouth_corner": {"y": 32.75, "x": 459.1875, "score": 0.238020047545433}, "neck": {"y": 27.6875, "x": 438.9375, "score": 0.8072466254234314}, "left_shoulder": {"y": 17.5625, "x": 413.625, "score": 0.7267625331878662}, "left_knee": {"y": 159.3125, "x": 337.6875, "score": 0.2921468317508698}, "left_ankle": {"y": 220.0625, "x": 327.5625, "score": 0.2441853284835815}, "left_mouth_corner": {"y": 32.75, "x": 459.1875, "score": 0.2077943682670593}, "right_elbow": {"y": 88.4375, "x": 433.875, "score": 0.8175209760665894}, "right_ear": {"y": 27.6875, "x": 454.125, "score": 0.7184702157974243}, "nose": {"y": 27.6875, "x": 464.25, "score": 0.4326528310775757}, "left_eye": {"y": 22.625, "x": 464.25, "score": 0.3614453673362732}, "right_eye": {"y": 22.625, "x": 464.25, "score": 0.4976465106010437}, "right_hip": {"y": 98.5625, "x": 373.125, "score": 0.4177099168300629}, "left_wrist": {"y": 27.6875, "x": 383.25, "score": 0.5430237054824829}, "left_ear": {"y": 7.4375, "x": 438.9375, "score": 0.7743332386016846}, "left_elbow": {"y": 32.75, "x": 357.9375, "score": 0.7248135209083557}, "right_shoulder": {"y": 53.0, "x": 438.9375, "score": 0.8373652100563049}, "right_ankle": {"y": 225.125, "x": 352.875, "score": 0.2829003632068634}, "right_knee": {"y": 164.375, "x": 357.9375, "score": 0.2822518944740295}, "right_wrist": {"y": 63.125, "x": 428.8125, "score": 0.2793176472187042}}, "location": {"height": 268.3583374023438, "width": 137.3089599609375, "top": 0.64166259765625, "score": 0.009738236665725708, "left": 341.6910400390625}}], "log_id": 3284650256856735969}