{"person_num": 3, "person_info": [{"body_parts": {"left_hip": {"y": 65.0625, "x": 362.03125, "score": 0.4085911214351654}, "top_head": {"y": 52.71875, "x": 465.71875, "score": 0.6775276064872742}, "right_mouth_corner": {"y": 77.40625, "x": 443.5, "score": 0.1554398536682129}, "neck": {"y": 60.125, "x": 421.28125, "score": 0.7431617975234985}, "left_shoulder": {"y": 45.3125, "x": 408.9375, "score": 0.7187053561210632}, "left_knee": {"y": 62.59375, "x": 404.0, "score": 0.09428271651268005}, "left_ankle": {"y": 50.25, "x": 369.4375, "score": 0.1781196147203445}, "left_mouth_corner": {"y": 77.40625, "x": 445.96875, "score": 0.209632396697998}, "right_elbow": {"y": 99.625, "x": 401.53125, "score": 0.7193608283996582}, "right_ear": {"y": 72.46875, "x": 445.96875, "score": 0.4998549222946167}, "nose": {"y": 74.9375, "x": 445.96875, "score": 0.4515227377414703}, "left_eye": {"y": 74.9375, "x": 448.4375, "score": 0.3428388237953186}, "right_eye": {"y": 70.0, "x": 450.90625, "score": 0.4647991955280304}, "right_hip": {"y": 87.28125, "x": 366.96875, "score": 0.5353781580924988}, "left_wrist": {"y": 42.84375, "x": 408.9375, "score": 0.1007561758160591}, "left_ear": {"y": 47.78125, "x": 438.5625, "score": 0.5152292251586914}, "left_elbow": {"y": 40.375, "x": 384.25, "score": 0.5237991213798523}, "right_shoulder": {"y": 79.875, "x": 413.875, "score": 0.7114322185516357}, "right_ankle": {"y": 82.34375, "x": 359.5625, "score": 0.3081231415271759}, "right_knee": {"y": 87.28125, "x": 406.46875, "score": 0.3047842979431152}, "right_wrist": {"y": 84.8125, "x": 431.15625, "score": 0.8337976932525635}}, "location": {"height": 102.5832061767578, "width": 131.1385345458984, "top": 11.19179534912109, "score": 0.1557836681604385, "left": 343.7487182617188}}, {"body_parts": {"left_hip": {"y": 125.15625, "x": 389.34375, "score": 0.1876407861709595}, "top_head": {"y": 27.875, "x": 398.1875, "score": 0.2760792970657349}, "right_mouth_corner": {"y": 54.40625, "x": 442.40625, "score": 0.2634578943252563}, "neck": {"y": 54.40625, "x": 389.34375, "score": 0.4370182156562805}, "left_shoulder": {"y": 27.875, "x": 380.5, "score": 0.2697697281837463}, "left_knee": {"y": 160.53125, "x": 451.25, "score": 0.09884902089834213}, "left_ankle": {"y": 248.96875, "x": 407.03125, "score": 0.1064463704824448}, "left_mouth_corner": {"y": 54.40625, "x": 442.40625, "score": 0.2655645310878754}, "right_elbow": {"y": 72.09375, "x": 371.65625, "score": 0.3976597487926483}, "right_ear": {"y": 36.71875, "x": 407.03125, "score": 0.4219861030578613}, "nose": {"y": 45.5625, "x": 442.40625, "score": 0.2463869750499725}, "left_eye": {"y": 36.71875, "x": 442.40625, "score": 0.2379965037107468}, "right_eye": {"y": 45.5625, "x": 442.40625, "score": 0.266674816608429}, "right_hip": {"y": 116.3125, "x": 424.71875, "score": 0.1696284562349319}, "left_wrist": {"y": 72.09375, "x": 415.875, "score": 0.3270660638809204}, "left_ear": {"y": 36.71875, "x": 389.34375, "score": 0.3511785864830017}, "left_elbow": {"y": 72.09375, "x": 371.65625, "score": 0.2351521253585815}, "right_shoulder": {"y": 36.71875, "x": 389.34375, "score": 0.2896417081356049}, "right_ankle": {"y": 248.96875, "x": 415.875, "score": 0.1074212789535522}, "right_knee": {"y": 169.375, "x": 451.25, "score": 0.08717863261699677}, "right_wrist": {"y": 63.25, "x": 424.71875, "score": 0.38637775182724}}, "location": {"height": 269.0, "width": 471.7105407714844, "top": 0.0, "score": 0.01039041951298714, "left": 7.289459228515625}}, {"body_parts": {"left_hip": {"y": 75.125, "x": 365.0, "score": 0.2790902853012085}, "top_head": {"y": 50.59375, "x": 458.21875, "score": 0.5500820875167847}, "right_mouth_corner": {"y": 50.59375, "x": 443.5, "score": 0.2482958436012268}, "neck": {"y": 60.40625, "x": 423.875, "score": 0.7770166397094727}, "left_shoulder": {"y": 40.78125, "x": 409.15625, "score": 0.6531838774681091}, "left_knee": {"y": 168.34375, "x": 350.28125, "score": 0.2343529462814331}, "left_ankle": {"y": 35.875, "x": 384.625, "score": 0.2185573577880859}, "left_mouth_corner": {"y": 50.59375, "x": 443.5, "score": 0.2916634678840637}, "right_elbow": {"y": 99.65625, "x": 399.34375, "score": 0.6697950959205627}, "right_ear": {"y": 65.3125, "x": 438.59375, "score": 0.5478207468986511}, "nose": {"y": 55.5, "x": 443.5, "score": 0.3251601755619049}, "left_eye": {"y": 55.5, "x": 448.40625, "score": 0.3694862723350525}, "right_eye": {"y": 60.40625, "x": 443.5, "score": 0.3467656970024109}, "right_hip": {"y": 94.75, "x": 365.0, "score": 0.3314562439918518}, "left_wrist": {"y": 30.96875, "x": 374.8125, "score": 0.1776071786880493}, "left_ear": {"y": 50.59375, "x": 428.78125, "score": 0.5748757719993591}, "left_elbow": {"y": 40.78125, "x": 369.90625, "score": 0.2487275004386902}, "right_shoulder": {"y": 75.125, "x": 409.15625, "score": 0.6399214267730713}, "right_ankle": {"y": 227.21875, "x": 345.375, "score": 0.2003013640642166}, "right_knee": {"y": 163.4375, "x": 350.28125, "score": 0.141375944018364}, "right_wrist": {"y": 80.03125, "x": 428.78125, "score": 0.5084328055381775}}, "location": {"height": 261.4507751464844, "width": 138.9611206054688, "top": 5.058975219726562, "score": 0.005621441639959812, "left": 340.0388793945312}}], "log_id": 6427978247782743873}