{"person_num": 3, "person_info": [{"body_parts": {"left_hip": {"y": 64.40625, "x": 362.5, "score": 0.4309022128582001}, "top_head": {"y": 54.28125, "x": 463.75, "score": 0.4853886961936951}, "right_mouth_corner": {"y": 69.46875, "x": 438.4375, "score": 0.1925209760665894}, "neck": {"y": 64.40625, "x": 420.71875, "score": 0.7237375378608704}, "left_shoulder": {"y": 49.21875, "x": 410.59375, "score": 0.6777547597885132}, "left_knee": {"y": 26.4375, "x": 403.0, "score": 0.1866047531366348}, "left_ankle": {"y": 36.5625, "x": 365.03125, "score": 0.06612851470708847}, "left_mouth_corner": {"y": 69.46875, "x": 438.4375, "score": 0.2557944655418396}, "right_elbow": {"y": 102.375, "x": 397.9375, "score": 0.6404334306716919}, "right_ear": {"y": 72.0, "x": 438.4375, "score": 0.46675705909729}, "nose": {"y": 69.46875, "x": 443.5, "score": 0.33123579621315}, "left_eye": {"y": 69.46875, "x": 443.5, "score": 0.3330212235450745}, "right_eye": {"y": 69.46875, "x": 446.03125, "score": 0.3220857083797455}, "right_hip": {"y": 84.65625, "x": 365.03125, "score": 0.4207383096218109}, "left_wrist": {"y": 39.09375, "x": 448.5625, "score": 0.8528720140457153}, "left_ear": {"y": 49.21875, "x": 435.90625, "score": 0.3231099843978882}, "left_elbow": {"y": 36.5625, "x": 418.1875, "score": 0.7408292889595032}, "right_shoulder": {"y": 82.125, "x": 410.59375, "score": 0.5896867513656616}, "right_ankle": {"y": 82.125, "x": 357.4375, "score": 0.2350089251995087}, "right_knee": {"y": 89.71875, "x": 405.53125, "score": 0.06571293622255325}, "right_wrist": {"y": 87.1875, "x": 430.84375, "score": 0.7744810581207275}}, "location": {"height": 95.99128723144531, "width": 134.2593994140625, "top": 15.31482696533203, "score": 0.2978192269802094, "left": 342.7142639160156}}, {"body_parts": {"left_hip": {"y": 116.1875, "x": 399.3125, "score": 0.1624909490346909}, "top_head": {"y": 27.125, "x": 381.5, "score": 0.3677023947238922}, "right_mouth_corner": {"y": 44.9375, "x": 381.5, "score": 0.2232073098421097}, "neck": {"y": 53.84375, "x": 381.5, "score": 0.4055662453174591}, "left_shoulder": {"y": 53.84375, "x": 399.3125, "score": 0.3095453679561615}, "left_knee": {"y": 116.1875, "x": 167.75, "score": 0.1097614914178848}, "left_ankle": {"y": 249.78125, "x": 399.3125, "score": 0.0939406231045723}, "left_mouth_corner": {"y": 53.84375, "x": 381.5, "score": 0.2547448575496674}, "right_elbow": {"y": 80.5625, "x": 363.6875, "score": 0.4715912640094757}, "right_ear": {"y": 36.03125, "x": 390.40625, "score": 0.3440059125423431}, "nose": {"y": 44.9375, "x": 372.59375, "score": 0.2145850956439972}, "left_eye": {"y": 36.03125, "x": 381.5, "score": 0.247747078537941}, "right_eye": {"y": 36.03125, "x": 381.5, "score": 0.2299630343914032}, "right_hip": {"y": 107.28125, "x": 363.6875, "score": 0.1460025459527969}, "left_wrist": {"y": 71.65625, "x": 399.3125, "score": 0.3708485066890717}, "left_ear": {"y": 36.03125, "x": 381.5, "score": 0.3662668168544769}, "left_elbow": {"y": 80.5625, "x": 372.59375, "score": 0.3396746814250946}, "right_shoulder": {"y": 36.03125, "x": 381.5, "score": 0.3264504075050354}, "right_ankle": {"y": 249.78125, "x": 399.3125, "score": 0.1065629199147224}, "right_knee": {"y": 116.1875, "x": 167.75, "score": 0.1021439209580421}, "right_wrist": {"y": 62.75, "x": 408.21875, "score": 0.3257396221160889}}, "location": {"height": 269.0, "width": 474.3041687011719, "top": 0.0, "score": 0.01138975005596876, "left": 4.695831298828125}}, {"body_parts": {"left_hip": {"y": 79.34375, "x": 368.96875, "score": 0.4283625781536102}, "top_head": {"y": 59.46875, "x": 448.46875, "score": 0.364831417798996}, "right_mouth_corner": {"y": 69.40625, "x": 428.59375, "score": 0.1672665178775787}, "neck": {"y": 64.4375, "x": 418.65625, "score": 0.5897996425628662}, "left_shoulder": {"y": 54.5, "x": 408.71875, "score": 0.5227979421615601}, "left_knee": {"y": 69.40625, "x": 354.0625, "score": 0.2629351913928986}, "left_ankle": {"y": 29.65625, "x": 383.875, "score": 0.1254549324512482}, "left_mouth_corner": {"y": 64.4375, "x": 428.59375, "score": 0.1818234473466873}, "right_elbow": {"y": 99.21875, "x": 393.8125, "score": 0.2321859747171402}, "right_ear": {"y": 74.375, "x": 433.5625, "score": 0.4381191432476044}, "nose": {"y": 69.40625, "x": 438.53125, "score": 0.1996315568685532}, "left_eye": {"y": 64.4375, "x": 438.53125, "score": 0.2001762092113495}, "right_eye": {"y": 69.40625, "x": 438.53125, "score": 0.2727156281471252}, "right_hip": {"y": 89.28125, "x": 388.84375, "score": 0.2980579137802124}, "left_wrist": {"y": 39.59375, "x": 448.46875, "score": 0.7910788059234619}, "left_ear": {"y": 59.46875, "x": 423.625, "score": 0.2825919389724731}, "left_elbow": {"y": 34.625, "x": 418.65625, "score": 0.6783446669578552}, "right_shoulder": {"y": 74.375, "x": 413.6875, "score": 0.5518506169319153}, "right_ankle": {"y": 79.34375, "x": 423.625, "score": 0.1090249568223953}, "right_knee": {"y": 208.53125, "x": 423.625, "score": 0.1036933213472366}, "right_wrist": {"y": 69.40625, "x": 428.59375, "score": 0.3709923624992371}}, "location": {"height": 264.6554565429688, "width": 139.4676361083984, "top": 3.431976318359375, "score": 0.01049683336168528, "left": 339.5323486328125}}], "log_id": 6758144528079642497}