{"person_num": 2, "person_info": [{"body_parts": {"left_hip": {"y": 87.9375, "x": 49.0625, "score": 0.1118035092949867}, "top_head": {"y": 24.5625, "x": 0, "score": 0.03107904084026814}, "right_mouth_corner": {"y": 29.4375, "x": 12.5, "score": 0.01534256432205439}, "neck": {"y": 70.875, "x": 0, "score": 0.02284792810678482}, "left_shoulder": {"y": 58.6875, "x": 0, "score": 0.02908317930996418}, "left_knee": {"y": 83.0625, "x": 75.875, "score": 0.1954950988292694}, "left_ankle": {"y": 90.375, "x": 90.5, "score": 0.4601380228996277}, "left_mouth_corner": {"y": 36.75, "x": 17.375, "score": 0.02684701979160309}, "right_elbow": {"y": 39.1875, "x": 14.9375, "score": 0.208869144320488}, "right_ear": {"y": 27.0, "x": 0, "score": 0.02877920866012573}, "nose": {"y": 139.125, "x": 10.0625, "score": 0.02265399694442749}, "left_eye": {"y": 31.875, "x": 0.3125, "score": 0.03319194912910461}, "right_eye": {"y": 27.0, "x": 0, "score": 0.02808796614408493}, "right_hip": {"y": 80.625, "x": 44.1875, "score": 0.07846338301897049}, "left_wrist": {"y": 53.8125, "x": 61.25, "score": 0.4751010835170746}, "left_ear": {"y": 27.0, "x": 0, "score": 0.03532542660832405}, "left_elbow": {"y": 39.1875, "x": 10.0625, "score": 0.4787867069244385}, "right_shoulder": {"y": 68.4375, "x": 0.3125, "score": 0.08693617582321167}, "right_ankle": {"y": 102.5625, "x": 107.5625, "score": 0.4672864377498627}, "right_knee": {"y": 90.375, "x": 83.1875, "score": 0.2644128501415253}, "right_wrist": {"y": 100.125, "x": 19.8125, "score": 0.4315217733383179}}, "location": {"height": 107.5048980712891, "width": 129.6690673828125, "top": 1.213050961494446, "score": 0.0499441921710968, "left": 1.081085205078125}}, {"body_parts": {"left_hip": {"y": 107.46875, "x": 124.03125, "score": 0.09487554430961609}, "top_head": {"y": 27.875, "x": 309.75, "score": 0.08609014749526978}, "right_mouth_corner": {"y": 45.5625, "x": 9.0625, "score": 0.09948781877756119}, "neck": {"y": 27.875, "x": 309.75, "score": 0.07457544654607773}, "left_shoulder": {"y": 72.09375, "x": 0.21875, "score": 0.09378303587436676}, "left_knee": {"y": 107.46875, "x": 106.34375, "score": 0.07922448217868805}, "left_ankle": {"y": 89.78125, "x": 88.65625, "score": 0.06563093513250351}, "left_mouth_corner": {"y": 27.875, "x": 17.90625, "score": 0.1048981994390488}, "right_elbow": {"y": 72.09375, "x": 17.90625, "score": 0.0916389599442482}, "right_ear": {"y": 27.875, "x": 0, "score": 0.1314921528100967}, "nose": {"y": 27.875, "x": 9.0625, "score": 0.1490754038095474}, "left_eye": {"y": 10.1875, "x": 9.0625, "score": 0.08422555029392242}, "right_eye": {"y": 19.03125, "x": 0.21875, "score": 0.1359270960092545}, "right_hip": {"y": 80.9375, "x": 132.875, "score": 0.1203451156616211}, "left_wrist": {"y": 80.9375, "x": 17.90625, "score": 0.1716681718826294}, "left_ear": {"y": 27.875, "x": 300.90625, "score": 0.08688618242740631}, "left_elbow": {"y": 80.9375, "x": 35.59375, "score": 0.244064599275589}, "right_shoulder": {"y": 72.09375, "x": 17.90625, "score": 0.1121829003095627}, "right_ankle": {"y": 98.625, "x": 62.125, "score": 0.06701166182756424}, "right_knee": {"y": 98.625, "x": 150.5625, "score": 0.09977779537439346}, "right_wrist": {"y": 80.9375, "x": 17.90625, "score": 0.1443987935781479}}, "location": {"height": 269.0, "width": 471.42724609375, "top": 0.0, "score": 0.01167605072259903, "left": 7.572723388671875}}], "log_id": 4482635252118702721}