{"person_num": 3, "person_info": [{"body_parts": {"left_hip": {"y": 61.75, "x": 365.5625, "score": 0.2801793813705444}, "top_head": {"y": 54.0625, "x": 465.5, "score": 0.5990242958068848}, "right_mouth_corner": {"y": 38.6875, "x": 462.9375, "score": 0.1073716580867767}, "neck": {"y": 61.75, "x": 424.5, "score": 0.7026069164276123}, "left_shoulder": {"y": 43.8125, "x": 419.375, "score": 0.7164493203163147}, "left_knee": {"y": 31.0, "x": 396.3125, "score": 0.06662508845329285}, "left_ankle": {"y": 36.125, "x": 383.5, "score": 0.1287703961133957}, "left_mouth_corner": {"y": 43.8125, "x": 442.4375, "score": 0.1207016110420227}, "right_elbow": {"y": 100.1875, "x": 398.875, "score": 0.8094258308410645}, "right_ear": {"y": 72.0, "x": 442.4375, "score": 0.5186116695404053}, "nose": {"y": 43.8125, "x": 445.0, "score": 0.2580970823764801}, "left_eye": {"y": 46.375, "x": 447.5625, "score": 0.2973338067531586}, "right_eye": {"y": 72.0, "x": 447.5625, "score": 0.20216004550457}, "right_hip": {"y": 84.8125, "x": 368.125, "score": 0.3993845582008362}, "left_wrist": {"y": 43.8125, "x": 473.1875, "score": 0.7509098052978516}, "left_ear": {"y": 48.9375, "x": 442.4375, "score": 0.5060361623764038}, "left_elbow": {"y": 25.875, "x": 442.4375, "score": 0.8477314710617065}, "right_shoulder": {"y": 79.6875, "x": 414.25, "score": 0.5575607419013977}, "right_ankle": {"y": 38.6875, "x": 383.5, "score": 0.1061525046825409}, "right_knee": {"y": 92.5, "x": 396.3125, "score": 0.05487895756959915}, "right_wrist": {"y": 84.8125, "x": 429.625, "score": 0.7768510580062866}}, "location": {"height": 100.3702774047852, "width": 135.0585021972656, "top": 13.30168533325195, "score": 0.5371330380439758, "left": 343.9414672851562}}, {"body_parts": {"left_hip": {"y": 84.0, "x": 369.0, "score": 0.3497466444969177}, "top_head": {"y": 54.0, "x": 459.0, "score": 0.5706985592842102}, "right_mouth_corner": {"y": 74.0, "x": 419.0, "score": 0.1164129376411438}, "neck": {"y": 59.0, "x": 419.0, "score": 0.3909036815166473}, "left_shoulder": {"y": 54.0, "x": 414.0, "score": 0.3089442253112793}, "left_knee": {"y": 64.0, "x": 354.0, "score": 0.2368113547563553}, "left_ankle": {"y": 29.0, "x": 439.0, "score": 0.2727780640125275}, "left_mouth_corner": {"y": 69.0, "x": 424.0, "score": 0.1339597553014755}, "right_elbow": {"y": 99.0, "x": 394.0, "score": 0.09352552890777588}, "right_ear": {"y": 74.0, "x": 439.0, "score": 0.4015049934387207}, "nose": {"y": 79.0, "x": 439.0, "score": 0.1737282872200012}, "left_eye": {"y": 69.0, "x": 439.0, "score": 0.1426627635955811}, "right_eye": {"y": 74.0, "x": 439.0, "score": 0.2155704498291016}, "right_hip": {"y": 89.0, "x": 394.0, "score": 0.2571388483047485}, "left_wrist": {"y": 34.0, "x": 459.0, "score": 0.1701722890138626}, "left_ear": {"y": 49.0, "x": 434.0, "score": 0.3205541372299194}, "left_elbow": {"y": 24.0, "x": 434.0, "score": 0.2346781641244888}, "right_shoulder": {"y": 59.0, "x": 414.0, "score": 0.3031092882156372}, "right_ankle": {"y": 34.0, "x": 384.0, "score": 0.1526004076004028}, "right_knee": {"y": 54.0, "x": 359.0, "score": 0.1173047721385956}, "right_wrist": {"y": 39.0, "x": 459.0, "score": 0.1582470089197159}}, "location": {"height": 266.6333923339844, "width": 138.7180786132812, "top": 2.366592407226562, "score": 0.01346458122134209, "left": 340.2819213867188}}, {"body_parts": {"left_hip": {"y": 107.28125, "x": 434.9375, "score": 0.2107205539941788}, "top_head": {"y": 0.40625, "x": 434.9375, "score": 0.1943882554769516}, "right_mouth_corner": {"y": 27.125, "x": 461.65625, "score": 0.2348891943693161}, "neck": {"y": 18.21875, "x": 426.03125, "score": 0.4704937934875488}, "left_shoulder": {"y": 9.3125, "x": 452.75, "score": 0.3237095177173615}, "left_knee": {"y": 116.1875, "x": 167.75, "score": 0.1216836348176003}, "left_ankle": {"y": 169.625, "x": 87.59375, "score": 0.05167794972658157}, "left_mouth_corner": {"y": 36.03125, "x": 461.65625, "score": 0.2500235438346863}, "right_elbow": {"y": 71.65625, "x": 363.6875, "score": 0.7207530736923218}, "right_ear": {"y": 27.125, "x": 417.125, "score": 0.3399942815303802}, "nose": {"y": 9.3125, "x": 461.65625, "score": 0.3376954197883606}, "left_eye": {"y": 9.3125, "x": 452.75, "score": 0.2779192924499512}, "right_eye": {"y": 9.3125, "x": 461.65625, "score": 0.3990623950958252}, "right_hip": {"y": 107.28125, "x": 381.5, "score": 0.2105778902769089}, "left_wrist": {"y": 53.84375, "x": 443.84375, "score": 0.3548556566238403}, "left_ear": {"y": 9.3125, "x": 434.9375, "score": 0.2301681339740753}, "left_elbow": {"y": 53.84375, "x": 443.84375, "score": 0.2500562369823456}, "right_shoulder": {"y": 27.125, "x": 390.40625, "score": 0.4688966870307922}, "right_ankle": {"y": 169.625, "x": 87.59375, "score": 0.06178130581974983}, "right_knee": {"y": 116.1875, "x": 167.75, "score": 0.1153568178415298}, "right_wrist": {"y": 53.84375, "x": 426.03125, "score": 0.5256102681159973}}, "location": {"height": 269.0, "width": 474.5229187011719, "top": 0.0, "score": 0.0110718198120594, "left": 4.477066040039062}}], "log_id": 1480245748968741537}