{"person_num": 3, "person_info": [{"body_parts": {"left_hip": {"y": 58.5, "x": 364.0, "score": 0.4619732201099396}, "top_head": {"y": 61.0, "x": 459.0, "score": 0.5734173059463501}, "right_mouth_corner": {"y": 78.5, "x": 439.0, "score": 0.2481700778007507}, "neck": {"y": 66.0, "x": 424.0, "score": 0.7279871702194214}, "left_shoulder": {"y": 46.0, "x": 421.5, "score": 0.7215986251831055}, "left_knee": {"y": 28.5, "x": 406.5, "score": 0.3261947631835938}, "left_ankle": {"y": 33.5, "x": 369.0, "score": 0.1417205035686493}, "left_mouth_corner": {"y": 78.5, "x": 441.5, "score": 0.2580856382846832}, "right_elbow": {"y": 101.0, "x": 399.0, "score": 0.7796940207481384}, "right_ear": {"y": 73.5, "x": 439.0, "score": 0.6244837641716003}, "nose": {"y": 78.5, "x": 444.0, "score": 0.4699066877365112}, "left_eye": {"y": 76.0, "x": 444.0, "score": 0.3091211020946503}, "right_eye": {"y": 76.0, "x": 446.5, "score": 0.5033969879150391}, "right_hip": {"y": 83.5, "x": 364.0, "score": 0.5473189353942871}, "left_wrist": {"y": 43.5, "x": 480, "score": 0.3208173513412476}, "left_ear": {"y": 53.5, "x": 439.0, "score": 0.5441076755523682}, "left_elbow": {"y": 36.0, "x": 456.5, "score": 0.7662836313247681}, "right_shoulder": {"y": 78.5, "x": 409.0, "score": 0.624353289604187}, "right_ankle": {"y": 81.0, "x": 359.0, "score": 0.2828241884708405}, "right_knee": {"y": 83.5, "x": 396.5, "score": 0.1817323118448257}, "right_wrist": {"y": 88.5, "x": 429.0, "score": 0.8004651665687561}}, "location": {"height": 90.37004089355469, "width": 133.3413238525391, "top": 27.21572875976562, "score": 0.2203700244426727, "left": 343.39599609375}}, {"body_parts": {"left_hip": {"y": 107.28125, "x": 399.3125, "score": 0.174083486199379}, "top_head": {"y": 9.3125, "x": 452.75, "score": 0.2668690085411072}, "right_mouth_corner": {"y": 44.9375, "x": 461.65625, "score": 0.3053613901138306}, "neck": {"y": 36.03125, "x": 434.9375, "score": 0.4224177002906799}, "left_shoulder": {"y": 53.84375, "x": 434.9375, "score": 0.1938401907682419}, "left_knee": {"y": 107.28125, "x": 167.75, "score": 0.1082692891359329}, "left_ankle": {"y": 249.78125, "x": 399.3125, "score": 0.08939383178949356}, "left_mouth_corner": {"y": 44.9375, "x": 461.65625, "score": 0.3005149364471436}, "right_elbow": {"y": 71.65625, "x": 363.6875, "score": 0.3292868733406067}, "right_ear": {"y": 36.03125, "x": 426.03125, "score": 0.4463331997394562}, "nose": {"y": 36.03125, "x": 461.65625, "score": 0.3179945051670074}, "left_eye": {"y": 27.125, "x": 461.65625, "score": 0.321395069360733}, "right_eye": {"y": 18.21875, "x": 461.65625, "score": 0.4203007221221924}, "right_hip": {"y": 116.1875, "x": 426.03125, "score": 0.1617923676967621}, "left_wrist": {"y": 53.84375, "x": 390.40625, "score": 0.2514702379703522}, "left_ear": {"y": 36.03125, "x": 426.03125, "score": 0.259956955909729}, "left_elbow": {"y": 53.84375, "x": 426.03125, "score": 0.3176353573799133}, "right_shoulder": {"y": 36.03125, "x": 399.3125, "score": 0.2856016159057617}, "right_ankle": {"y": 249.78125, "x": 399.3125, "score": 0.09490958601236343}, "right_knee": {"y": 116.1875, "x": 167.75, "score": 0.09935054183006287}, "right_wrist": {"y": 53.84375, "x": 434.9375, "score": 0.2853626310825348}}, "location": {"height": 269.0, "width": 474.9966430664062, "top": 0.0, "score": 0.00947731826454401, "left": 4.003341674804688}}, {"body_parts": {"left_hip": {"y": 74.0, "x": 364.0, "score": 0.2905528545379639}, "top_head": {"y": 54.0, "x": 454.0, "score": 0.7303791046142578}, "right_mouth_corner": {"y": 79.0, "x": 434.0, "score": 0.3029537796974182}, "neck": {"y": 64.0, "x": 419.0, "score": 0.5981825590133667}, "left_shoulder": {"y": 44.0, "x": 419.0, "score": 0.5254778265953064}, "left_knee": {"y": 64.0, "x": 354.0, "score": 0.1319290548563004}, "left_ankle": {"y": 34.0, "x": 384.0, "score": 0.1327293813228607}, "left_mouth_corner": {"y": 74.0, "x": 434.0, "score": 0.3499338924884796}, "right_elbow": {"y": 99.0, "x": 394.0, "score": 0.3361275494098663}, "right_ear": {"y": 69.0, "x": 434.0, "score": 0.5873469114303589}, "nose": {"y": 79.0, "x": 439.0, "score": 0.536854088306427}, "left_eye": {"y": 74.0, "x": 439.0, "score": 0.5530911087989807}, "right_eye": {"y": 74.0, "x": 439.0, "score": 0.6509806513786316}, "right_hip": {"y": 89.0, "x": 369.0, "score": 0.2620756328105927}, "left_wrist": {"y": 39.0, "x": 459.0, "score": 0.5364728569984436}, "left_ear": {"y": 54.0, "x": 424.0, "score": 0.3984259068965912}, "left_elbow": {"y": 39.0, "x": 434.0, "score": 0.366447389125824}, "right_shoulder": {"y": 74.0, "x": 409.0, "score": 0.5699133276939392}, "right_ankle": {"y": 34.0, "x": 394.0, "score": 0.3567715585231781}, "right_knee": {"y": 54.0, "x": 359.0, "score": 0.1580942720174789}, "right_wrist": {"y": 84.0, "x": 429.0, "score": 0.4008441269397736}}, "location": {"height": 266.2265014648438, "width": 137.9432983398438, "top": 2.10693359375, "score": 0.007565512787550688, "left": 341.0566711425781}}], "log_id": 7111828286307710721}