{"person_num": 3, "person_info": [{"body_parts": {"left_hip": {"y": 62.875, "x": 362.0, "score": 0.4225308001041412}, "top_head": {"y": 62.875, "x": 459.375, "score": 0.60856693983078}, "right_mouth_corner": {"y": 83.375, "x": 438.875, "score": 0.3675549626350403}, "neck": {"y": 68.0, "x": 420.9375, "score": 0.8020926713943481}, "left_shoulder": {"y": 47.5, "x": 418.375, "score": 0.7419837713241577}, "left_knee": {"y": 29.5625, "x": 403.0, "score": 0.4519622921943665}, "left_ankle": {"y": 34.6875, "x": 385.0625, "score": 0.1853891164064407}, "left_mouth_corner": {"y": 83.375, "x": 438.875, "score": 0.4299159646034241}, "right_elbow": {"y": 98.75, "x": 397.875, "score": 0.7534619569778442}, "right_ear": {"y": 75.6875, "x": 438.875, "score": 0.5467811226844788}, "nose": {"y": 80.8125, "x": 441.4375, "score": 0.6282106637954712}, "left_eye": {"y": 78.25, "x": 444.0, "score": 0.4570830166339874}, "right_eye": {"y": 78.25, "x": 444.0, "score": 0.5659353733062744}, "right_hip": {"y": 80.8125, "x": 364.5625, "score": 0.4257087111473083}, "left_wrist": {"y": 44.9375, "x": 472.1875, "score": 0.782401442527771}, "left_ear": {"y": 55.1875, "x": 438.875, "score": 0.502106785774231}, "left_elbow": {"y": 27.0, "x": 446.5625, "score": 0.8211103081703186}, "right_shoulder": {"y": 80.8125, "x": 408.125, "score": 0.5587864518165588}, "right_ankle": {"y": 83.375, "x": 356.875, "score": 0.4093433916568756}, "right_knee": {"y": 96.1875, "x": 395.3125, "score": 0.1458255648612976}, "right_wrist": {"y": 85.9375, "x": 428.625, "score": 0.7938363552093506}}, "location": {"height": 106.8262710571289, "width": 136.4633483886719, "top": 2.760650634765625, "score": 0.1540533751249313, "left": 342.53662109375}}, {"body_parts": {"left_hip": {"y": 125.15625, "x": 442.40625, "score": 0.2066186964511871}, "top_head": {"y": 10.1875, "x": 424.71875, "score": 0.1587159484624863}, "right_mouth_corner": {"y": 45.5625, "x": 460.09375, "score": 0.2166725099086761}, "neck": {"y": 27.875, "x": 424.71875, "score": 0.41013103723526}, "left_shoulder": {"y": 10.1875, "x": 433.5625, "score": 0.2828600406646729}, "left_knee": {"y": 169.375, "x": 451.25, "score": 0.109209232032299}, "left_ankle": {"y": 248.96875, "x": 407.03125, "score": 0.1097297370433807}, "left_mouth_corner": {"y": 36.71875, "x": 460.09375, "score": 0.195537731051445}, "right_elbow": {"y": 72.09375, "x": 362.8125, "score": 0.6069533824920654}, "right_ear": {"y": 36.71875, "x": 424.71875, "score": 0.3049370944499969}, "nose": {"y": 36.71875, "x": 460.09375, "score": 0.2311021238565445}, "left_eye": {"y": 27.875, "x": 451.25, "score": 0.240244448184967}, "right_eye": {"y": 19.03125, "x": 460.09375, "score": 0.3021005690097809}, "right_hip": {"y": 116.3125, "x": 424.71875, "score": 0.1881245523691177}, "left_wrist": {"y": 54.40625, "x": 398.1875, "score": 0.27913898229599}, "left_ear": {"y": 27.875, "x": 433.5625, "score": 0.1944563090801239}, "left_elbow": {"y": 72.09375, "x": 362.8125, "score": 0.3653604388237}, "right_shoulder": {"y": 27.875, "x": 389.34375, "score": 0.4099571704864502}, "right_ankle": {"y": 257.8125, "x": 398.1875, "score": 0.1093900948762894}, "right_knee": {"y": 151.6875, "x": 468.9375, "score": 0.08839944005012512}, "right_wrist": {"y": 54.40625, "x": 433.5625, "score": 0.3602053821086884}}, "location": {"height": 269.0, "width": 471.8315124511719, "top": 0.0, "score": 0.01335662882775068, "left": 7.16845703125}}, {"body_parts": {"left_hip": {"y": 83.6875, "x": 369.03125, "score": 0.137207418680191}, "top_head": {"y": 23.3125, "x": 369.03125, "score": 0.0201408714056015}, "right_mouth_corner": {"y": 103.8125, "x": 243.25, "score": 0.002213806845247746}, "neck": {"y": 18.28125, "x": 308.65625, "score": 0.00651895347982645}, "left_shoulder": {"y": 23.3125, "x": 404.25, "score": 0.01437074225395918}, "left_knee": {"y": 63.5625, "x": 358.96875, "score": 0.5753850936889648}, "left_ankle": {"y": 33.375, "x": 394.1875, "score": 0.4407919347286224}, "left_mouth_corner": {"y": 174.25, "x": 318.71875, "score": 0.002265798160806298}, "right_elbow": {"y": 28.34375, "x": 278.46875, "score": 0.01980813778936863}, "right_ear": {"y": 38.40625, "x": 253.3125, "score": 0.004326981026679277}, "nose": {"y": 169.21875, "x": 318.71875, "score": 0.004670810885727406}, "left_eye": {"y": 33.375, "x": 384.125, "score": 0.004910610150545835}, "right_eye": {"y": 33.375, "x": 384.125, "score": 0.003315585199743509}, "right_hip": {"y": 88.71875, "x": 389.15625, "score": 0.188084602355957}, "left_wrist": {"y": 58.53125, "x": 348.90625, "score": 0.0125542189925909}, "left_ear": {"y": 33.375, "x": 379.09375, "score": 0.02518303506076336}, "left_elbow": {"y": 43.4375, "x": 369.03125, "score": 0.01313472166657448}, "right_shoulder": {"y": 58.53125, "x": 464.625, "score": 0.03833002597093582}, "right_ankle": {"y": 28.34375, "x": 439.46875, "score": 0.577284574508667}, "right_knee": {"y": 73.625, "x": 364.0, "score": 0.3714090883731842}, "right_wrist": {"y": 73.625, "x": 429.40625, "score": 0.007694484200328588}}, "location": {"height": 267.952880859375, "width": 137.7886962890625, "top": 1.047103881835938, "score": 0.01199711207300425, "left": 341.2113037109375}}], "log_id": 8070441473873693857}