{"person_num": 2, "person_info": [{"body_parts": {"left_hip": {"y": 59.1875, "x": 365.5625, "score": 0.4750744700431824}, "top_head": {"y": 61.75, "x": 460.375, "score": 0.5961161851882935}, "right_mouth_corner": {"y": 82.25, "x": 439.875, "score": 0.2651189565658569}, "neck": {"y": 66.875, "x": 419.375, "score": 0.7484816908836365}, "left_shoulder": {"y": 48.9375, "x": 419.375, "score": 0.7042657136917114}, "left_knee": {"y": 38.6875, "x": 391.1875, "score": 0.2200143337249756}, "left_ankle": {"y": 33.5625, "x": 388.625, "score": 0.2108890116214752}, "left_mouth_corner": {"y": 79.6875, "x": 437.3125, "score": 0.3102825880050659}, "right_elbow": {"y": 100.1875, "x": 398.875, "score": 0.7609301805496216}, "right_ear": {"y": 74.5625, "x": 439.875, "score": 0.5659891963005066}, "nose": {"y": 79.6875, "x": 445.0, "score": 0.5087785720825195}, "left_eye": {"y": 79.6875, "x": 447.5625, "score": 0.4165033996105194}, "right_eye": {"y": 77.125, "x": 445.0, "score": 0.5599496364593506}, "right_hip": {"y": 79.6875, "x": 360.4375, "score": 0.3654131889343262}, "left_wrist": {"y": 51.5, "x": 473.1875, "score": 0.7379049062728882}, "left_ear": {"y": 56.625, "x": 439.875, "score": 0.4823690354824066}, "left_elbow": {"y": 31.0, "x": 450.125, "score": 0.8666844367980957}, "right_shoulder": {"y": 79.6875, "x": 409.125, "score": 0.6896377801895142}, "right_ankle": {"y": 82.25, "x": 357.875, "score": 0.2702232599258423}, "right_knee": {"y": 66.875, "x": 357.875, "score": 0.1000951901078224}, "right_wrist": {"y": 87.375, "x": 429.625, "score": 0.784813642501831}}, "location": {"height": 97.28923034667969, "width": 135.6830749511719, "top": 14.88762283325195, "score": 0.4708661139011383, "left": 343.3169250488281}}, {"body_parts": {"left_hip": {"y": 125.0625, "x": 426.6875, "score": 0.1484568119049072}, "top_head": {"y": 35.6875, "x": 462.4375, "score": 0.3256755471229553}, "right_mouth_corner": {"y": 62.5, "x": 444.5625, "score": 0.1764848083257675}, "neck": {"y": 35.6875, "x": 426.6875, "score": 0.4226567447185516}, "left_shoulder": {"y": 44.625, "x": 399.875, "score": 0.2475560456514359}, "left_knee": {"y": 116.125, "x": 158.5625, "score": 0.05927934870123863}, "left_ankle": {"y": 250.1875, "x": 399.875, "score": 0.05340338498353958}, "left_mouth_corner": {"y": 53.5625, "x": 444.5625, "score": 0.1746734976768494}, "right_elbow": {"y": 71.4375, "x": 364.125, "score": 0.5077448487281799}, "right_ear": {"y": 35.6875, "x": 426.6875, "score": 0.4123318791389465}, "nose": {"y": 35.6875, "x": 453.5, "score": 0.1948568373918533}, "left_eye": {"y": 35.6875, "x": 453.5, "score": 0.2321328371763229}, "right_eye": {"y": 26.75, "x": 453.5, "score": 0.2520858943462372}, "right_hip": {"y": 107.1875, "x": 364.125, "score": 0.1517574787139893}, "left_wrist": {"y": 44.625, "x": 382.0, "score": 0.268814742565155}, "left_ear": {"y": 35.6875, "x": 426.6875, "score": 0.2257356941699982}, "left_elbow": {"y": 71.4375, "x": 364.125, "score": 0.3313975930213928}, "right_shoulder": {"y": 26.75, "x": 399.875, "score": 0.4039598703384399}, "right_ankle": {"y": 250.1875, "x": 399.875, "score": 0.08524914085865021}, "right_knee": {"y": 107.1875, "x": 131.75, "score": 0.05949059501290321}, "right_wrist": {"y": 53.5625, "x": 435.625, "score": 0.3618799149990082}}, "location": {"height": 269.0, "width": 476.7231140136719, "top": 0.0, "score": 0.01011444535106421, "left": 2.276870727539062}}], "log_id": 3469978733880825601}