{"person_num": 3, "person_info": [{"body_parts": {"left_hip": {"y": 62.875, "x": 363.0, "score": 0.4370119571685791}, "top_head": {"y": 62.875, "x": 460.375, "score": 0.585665225982666}, "right_mouth_corner": {"y": 80.8125, "x": 439.875, "score": 0.4202867746353149}, "neck": {"y": 68.0, "x": 424.5, "score": 0.8324734568595886}, "left_shoulder": {"y": 47.5, "x": 421.9375, "score": 0.7183812856674194}, "left_knee": {"y": 29.5625, "x": 406.5625, "score": 0.7133769989013672}, "left_ankle": {"y": 37.25, "x": 388.625, "score": 0.1350184082984924}, "left_mouth_corner": {"y": 80.8125, "x": 442.4375, "score": 0.4391208291053772}, "right_elbow": {"y": 98.75, "x": 398.875, "score": 0.7658951878547668}, "right_ear": {"y": 75.6875, "x": 439.875, "score": 0.6000188589096069}, "nose": {"y": 78.25, "x": 442.4375, "score": 0.6961838603019714}, "left_eye": {"y": 78.25, "x": 445.0, "score": 0.5071888566017151}, "right_eye": {"y": 78.25, "x": 445.0, "score": 0.616712749004364}, "right_hip": {"y": 80.8125, "x": 365.5625, "score": 0.4345802962779999}, "left_wrist": {"y": 47.5, "x": 478.3125, "score": 0.6359583735466003}, "left_ear": {"y": 57.75, "x": 437.3125, "score": 0.5127553939819336}, "left_elbow": {"y": 34.6875, "x": 452.6875, "score": 0.8017762899398804}, "right_shoulder": {"y": 80.8125, "x": 409.125, "score": 0.599323034286499}, "right_ankle": {"y": 83.375, "x": 357.875, "score": 0.3637684881687164}, "right_knee": {"y": 96.1875, "x": 396.3125, "score": 0.1620659530162811}, "right_wrist": {"y": 88.5, "x": 429.625, "score": 0.7781713008880615}}, "location": {"height": 109.2267074584961, "width": 135.2350006103516, "top": 1.119647979736328, "score": 0.08611837029457092, "left": 343.7649841308594}}, {"body_parts": {"left_hip": {"y": 134.0, "x": 444.5625, "score": 0.1332427114248276}, "top_head": {"y": 8.875, "x": 435.625, "score": 0.1320046335458755}, "right_mouth_corner": {"y": 62.5, "x": 444.5625, "score": 0.08095093071460724}, "neck": {"y": 26.75, "x": 435.625, "score": 0.2492616325616837}, "left_shoulder": {"y": 8.875, "x": 444.5625, "score": 0.215693786740303}, "left_knee": {"y": 151.875, "x": 462.4375, "score": 0.0508335754275322}, "left_ankle": {"y": 187.625, "x": 87.0625, "score": 0.03673304617404938}, "left_mouth_corner": {"y": 35.6875, "x": 480, "score": 0.08806570619344711}, "right_elbow": {"y": 71.4375, "x": 364.125, "score": 0.5714311599731445}, "right_ear": {"y": 44.625, "x": 426.6875, "score": 0.2312145233154297}, "nose": {"y": 35.6875, "x": 471.375, "score": 0.1016313135623932}, "left_eye": {"y": 35.6875, "x": 453.5, "score": 0.1130879670381546}, "right_eye": {"y": 17.8125, "x": 462.4375, "score": 0.1610560417175293}, "right_hip": {"y": 107.1875, "x": 364.125, "score": 0.09392061829566956}, "left_wrist": {"y": 62.5, "x": 426.6875, "score": 0.21731036901474}, "left_ear": {"y": 35.6875, "x": 435.625, "score": 0.09593236446380615}, "left_elbow": {"y": 71.4375, "x": 364.125, "score": 0.3086088597774506}, "right_shoulder": {"y": 17.8125, "x": 399.875, "score": 0.3128983080387115}, "right_ankle": {"y": 250.1875, "x": 399.875, "score": 0.05372899770736694}, "right_knee": {"y": 107.1875, "x": 131.75, "score": 0.04607385024428368}, "right_wrist": {"y": 53.5625, "x": 426.6875, "score": 0.4060084223747253}}, "location": {"height": 269.0, "width": 476.5032653808594, "top": 0.0, "score": 0.02014578692615032, "left": 2.496734619140625}}, {"body_parts": {"left_hip": {"y": 83.375, "x": 368.0625, "score": 0.2444810718297958}, "top_head": {"y": 58.0625, "x": 459.1875, "score": 0.1271096915006638}, "right_mouth_corner": {"y": 68.1875, "x": 444.0, "score": 0.004202208016067743}, "neck": {"y": 63.125, "x": 428.8125, "score": 0.01749118976294994}, "left_shoulder": {"y": 42.875, "x": 342.75, "score": 0.02032430469989777}, "left_knee": {"y": 63.125, "x": 357.9375, "score": 0.4484178125858307}, "left_ankle": {"y": 37.8125, "x": 444.0, "score": 0.3018677830696106}, "left_mouth_corner": {"y": 68.1875, "x": 444.0, "score": 0.003087378572672606}, "right_elbow": {"y": 63.125, "x": 444.0, "score": 0.0386066772043705}, "right_ear": {"y": 73.25, "x": 444.0, "score": 0.02880452573299408}, "nose": {"y": 68.1875, "x": 433.875, "score": 0.00862849224358797}, "left_eye": {"y": 68.1875, "x": 444.0, "score": 0.00976833887398243}, "right_eye": {"y": 88.4375, "x": 438.9375, "score": 0.03154799342155457}, "right_hip": {"y": 83.375, "x": 388.3125, "score": 0.2133937478065491}, "left_wrist": {"y": 32.75, "x": 454.125, "score": 0.07566501945257187}, "left_ear": {"y": 53.0, "x": 423.75, "score": 0.02636467665433884}, "left_elbow": {"y": 27.6875, "x": 438.9375, "score": 0.01712875068187714}, "right_shoulder": {"y": 73.25, "x": 408.5625, "score": 0.03750291839241982}, "right_ankle": {"y": 32.75, "x": 393.375, "score": 0.2562668323516846}, "right_knee": {"y": 68.1875, "x": 357.9375, "score": 0.2773072719573975}, "right_wrist": {"y": 37.8125, "x": 459.1875, "score": 0.08656454086303711}}, "location": {"height": 269.0, "width": 137.7577362060547, "top": 0.0, "score": 0.01518126670271158, "left": 341.2422485351562}}], "log_id": 8219302166029391297}