{"person_num": 3, "person_info": [{"body_parts": {"left_hip": {"y": 58.28125, "x": 366.03125, "score": 0.4221753478050232}, "top_head": {"y": 63.34375, "x": 464.75, "score": 0.5643935799598694}, "right_mouth_corner": {"y": 83.59375, "x": 439.4375, "score": 0.3611395359039307}, "neck": {"y": 65.875, "x": 424.25, "score": 0.7035083770751953}, "left_shoulder": {"y": 48.15625, "x": 424.25, "score": 0.7457709908485413}, "left_knee": {"y": 30.4375, "x": 409.0625, "score": 0.2385498434305191}, "left_ankle": {"y": 35.5, "x": 383.75, "score": 0.1085386350750923}, "left_mouth_corner": {"y": 83.59375, "x": 439.4375, "score": 0.3635279536247253}, "right_elbow": {"y": 98.78125, "x": 398.9375, "score": 0.7572767734527588}, "right_ear": {"y": 76.0, "x": 439.4375, "score": 0.5832366943359375}, "nose": {"y": 81.0625, "x": 444.5, "score": 0.6098594665527344}, "left_eye": {"y": 78.53125, "x": 444.5, "score": 0.433392733335495}, "right_eye": {"y": 78.53125, "x": 444.5, "score": 0.6332075595855713}, "right_hip": {"y": 83.59375, "x": 363.5, "score": 0.4246625006198883}, "left_wrist": {"y": 53.21875, "x": 480, "score": 0.3020251989364624}, "left_ear": {"y": 53.21875, "x": 441.96875, "score": 0.5011427998542786}, "left_elbow": {"y": 40.5625, "x": 457.15625, "score": 0.7643046379089355}, "right_shoulder": {"y": 81.0625, "x": 409.0625, "score": 0.5929805040359497}, "right_ankle": {"y": 83.59375, "x": 358.4375, "score": 0.4049148559570312}, "right_knee": {"y": 86.125, "x": 396.40625, "score": 0.1588198244571686}, "right_wrist": {"y": 86.125, "x": 429.3125, "score": 0.7417677044868469}}, "location": {"height": 79.20926666259766, "width": 133.9984130859375, "top": 32.82043075561523, "score": 0.2378453016281128, "left": 344.380126953125}}, {"body_parts": {"left_hip": {"y": 79.34375, "x": 365.0, "score": 0.412728488445282}, "top_head": {"y": 59.46875, "x": 454.4375, "score": 0.5529545545578003}, "right_mouth_corner": {"y": 79.34375, "x": 439.53125, "score": 0.2723935544490814}, "neck": {"y": 64.4375, "x": 424.625, "score": 0.4883054494857788}, "left_shoulder": {"y": 54.5, "x": 414.6875, "score": 0.3977449834346771}, "left_knee": {"y": 64.4375, "x": 360.03125, "score": 0.2703392803668976}, "left_ankle": {"y": 34.625, "x": 384.875, "score": 0.2532211244106293}, "left_mouth_corner": {"y": 79.34375, "x": 439.53125, "score": 0.2677831649780273}, "right_elbow": {"y": 64.4375, "x": 434.5625, "score": 0.1489485800266266}, "right_ear": {"y": 74.375, "x": 439.53125, "score": 0.5476869940757751}, "nose": {"y": 74.375, "x": 439.53125, "score": 0.3664783239364624}, "left_eye": {"y": 69.40625, "x": 439.53125, "score": 0.4013459086418152}, "right_eye": {"y": 74.375, "x": 439.53125, "score": 0.4702081680297852}, "right_hip": {"y": 94.25, "x": 374.9375, "score": 0.1740143150091171}, "left_wrist": {"y": 39.59375, "x": 459.40625, "score": 0.4044508039951324}, "left_ear": {"y": 64.4375, "x": 434.5625, "score": 0.416112095117569}, "left_elbow": {"y": 39.59375, "x": 449.46875, "score": 0.2282386422157288}, "right_shoulder": {"y": 59.46875, "x": 419.65625, "score": 0.4324343800544739}, "right_ankle": {"y": 34.625, "x": 389.84375, "score": 0.2069046497344971}, "right_knee": {"y": 64.4375, "x": 365.0, "score": 0.1514243185520172}, "right_wrist": {"y": 69.40625, "x": 429.59375, "score": 0.2113596498966217}}, "location": {"height": 264.7559204101562, "width": 136.5477294921875, "top": 2.739990234375, "score": 0.0137014864012599, "left": 342.4522705078125}}, {"body_parts": {"left_hip": {"y": 134.0, "x": 444.5625, "score": 0.1117607206106186}, "top_head": {"y": 35.6875, "x": 462.4375, "score": 0.169771671295166}, "right_mouth_corner": {"y": 62.5, "x": 435.625, "score": 0.09510741382837296}, "neck": {"y": 44.625, "x": 417.75, "score": 0.1814408302307129}, "left_shoulder": {"y": 8.875, "x": 435.625, "score": 0.1811718195676804}, "left_knee": {"y": 169.75, "x": 417.75, "score": 0.04891001433134079}, "left_ankle": {"y": 250.1875, "x": 399.875, "score": 0.04268310964107513}, "left_mouth_corner": {"y": 80.375, "x": 426.6875, "score": 0.1012862771749496}, "right_elbow": {"y": 62.5, "x": 408.8125, "score": 0.2780570983886719}, "right_ear": {"y": 44.625, "x": 417.75, "score": 0.2983938157558441}, "nose": {"y": 71.4375, "x": 435.625, "score": 0.1277157664299011}, "left_eye": {"y": 62.5, "x": 444.5625, "score": 0.1501796990633011}, "right_eye": {"y": 35.6875, "x": 453.5, "score": 0.1637698709964752}, "right_hip": {"y": 107.1875, "x": 355.1875, "score": 0.07431875169277191}, "left_wrist": {"y": 53.5625, "x": 390.9375, "score": 0.2151628434658051}, "left_ear": {"y": 44.625, "x": 399.875, "score": 0.1650822162628174}, "left_elbow": {"y": 62.5, "x": 426.6875, "score": 0.273062527179718}, "right_shoulder": {"y": 26.75, "x": 6.625, "score": 0.2174360305070877}, "right_ankle": {"y": 250.1875, "x": 399.875, "score": 0.0683775246143341}, "right_knee": {"y": 169.75, "x": 399.875, "score": 0.04151332005858421}, "right_wrist": {"y": 53.5625, "x": 390.9375, "score": 0.2009038329124451}}, "location": {"height": 269.0, "width": 475.7606506347656, "top": 0.0, "score": 0.01071225013583899, "left": 3.239334106445312}}], "log_id": 3531181061170401}