{"person_num": 3, "person_info": [{"body_parts": {"left_hip": {"y": 58.34375, "x": 366.03125, "score": 0.5120853185653687}, "top_head": {"y": 65.9375, "x": 457.15625, "score": 0.4900255799293518}, "right_mouth_corner": {"y": 83.65625, "x": 434.375, "score": 0.5654643774032593}, "neck": {"y": 68.46875, "x": 424.25, "score": 0.707253098487854}, "left_shoulder": {"y": 53.28125, "x": 426.78125, "score": 0.7019720077514648}, "left_knee": {"y": 30.5, "x": 409.0625, "score": 0.7295097708702087}, "left_ankle": {"y": 35.5625, "x": 366.03125, "score": 0.1651503145694733}, "left_mouth_corner": {"y": 83.65625, "x": 436.90625, "score": 0.5547160506248474}, "right_elbow": {"y": 98.84375, "x": 398.9375, "score": 0.7559977173805237}, "right_ear": {"y": 78.59375, "x": 434.375, "score": 0.6879031658172607}, "nose": {"y": 81.125, "x": 436.90625, "score": 0.6734446287155151}, "left_eye": {"y": 81.125, "x": 441.96875, "score": 0.5777588486671448}, "right_eye": {"y": 81.125, "x": 441.96875, "score": 0.6011081337928772}, "right_hip": {"y": 81.125, "x": 366.03125, "score": 0.3889822959899902}, "left_wrist": {"y": 50.75, "x": 474.875, "score": 0.6368240118026733}, "left_ear": {"y": 63.40625, "x": 434.375, "score": 0.4848421514034271}, "left_elbow": {"y": 48.21875, "x": 454.625, "score": 0.6348456144332886}, "right_shoulder": {"y": 78.59375, "x": 409.0625, "score": 0.615456759929657}, "right_ankle": {"y": 83.65625, "x": 355.90625, "score": 0.5453767776489258}, "right_knee": {"y": 83.65625, "x": 363.5, "score": 0.1516352295875549}, "right_wrist": {"y": 88.71875, "x": 429.3125, "score": 0.8167579770088196}}, "location": {"height": 104.6973495483398, "width": 134.22314453125, "top": 9.670158386230469, "score": 0.1553522348403931, "left": 344.3468322753906}}, {"body_parts": {"left_hip": {"y": 125.0625, "x": 364.125, "score": 0.1207272186875343}, "top_head": {"y": 26.75, "x": 382.0, "score": 0.1989421248435974}, "right_mouth_corner": {"y": 26.75, "x": 471.375, "score": 0.07312970608472824}, "neck": {"y": 62.5, "x": 390.9375, "score": 0.1857571303844452}, "left_shoulder": {"y": 44.625, "x": 382.0, "score": 0.1252714693546295}, "left_knee": {"y": 205.5, "x": 382.0, "score": 0.05284494161605835}, "left_ankle": {"y": 241.25, "x": 382.0, "score": 0.05883211269974709}, "left_mouth_corner": {"y": 35.6875, "x": 480, "score": 0.08684863150119781}, "right_elbow": {"y": 71.4375, "x": 364.125, "score": 0.2997313737869263}, "right_ear": {"y": 35.6875, "x": 390.9375, "score": 0.2299759536981583}, "nose": {"y": 26.75, "x": 480, "score": 0.1068572923541069}, "left_eye": {"y": 26.75, "x": 480, "score": 0.1000722199678421}, "right_eye": {"y": 17.8125, "x": 471.375, "score": 0.1479061543941498}, "right_hip": {"y": 107.1875, "x": 355.1875, "score": 0.07150404155254364}, "left_wrist": {"y": 44.625, "x": 382.0, "score": 0.2962810099124908}, "left_ear": {"y": 35.6875, "x": 382.0, "score": 0.167431503534317}, "left_elbow": {"y": 71.4375, "x": 364.125, "score": 0.2618620991706848}, "right_shoulder": {"y": 26.75, "x": 15.5625, "score": 0.238900437951088}, "right_ankle": {"y": 241.25, "x": 373.0625, "score": 0.08621412515640259}, "right_knee": {"y": 196.5625, "x": 382.0, "score": 0.06452059000730515}, "right_wrist": {"y": 53.5625, "x": 382.0, "score": 0.2076721489429474}}, "location": {"height": 269.0, "width": 475.5337219238281, "top": 0.0, "score": 0.01074216794222593, "left": 3.466278076171875}}, {"body_parts": {"left_hip": {"y": 79.0, "x": 369.0, "score": 0.259212464094162}, "top_head": {"y": 64.0, "x": 444.0, "score": 0.4580402374267578}, "right_mouth_corner": {"y": 84.0, "x": 429.0, "score": 0.2472278028726578}, "neck": {"y": 69.0, "x": 414.0, "score": 0.3177807331085205}, "left_shoulder": {"y": 64.0, "x": 414.0, "score": 0.276230126619339}, "left_knee": {"y": 64.0, "x": 359.0, "score": 0.3502575159072876}, "left_ankle": {"y": 34.0, "x": 384.0, "score": 0.3474969863891602}, "left_mouth_corner": {"y": 89.0, "x": 429.0, "score": 0.2233331501483917}, "right_elbow": {"y": 99.0, "x": 394.0, "score": 0.231465682387352}, "right_ear": {"y": 69.0, "x": 429.0, "score": 0.3552418351173401}, "nose": {"y": 84.0, "x": 434.0, "score": 0.4463696479797363}, "left_eye": {"y": 79.0, "x": 439.0, "score": 0.4242680668830872}, "right_eye": {"y": 79.0, "x": 434.0, "score": 0.5030858516693115}, "right_hip": {"y": 79.0, "x": 374.0, "score": 0.1402804404497147}, "left_wrist": {"y": 64.0, "x": 429.0, "score": 0.1402628868818283}, "left_ear": {"y": 69.0, "x": 434.0, "score": 0.223056748509407}, "left_elbow": {"y": 89.0, "x": 399.0, "score": 0.1926565915346146}, "right_shoulder": {"y": 59.0, "x": 419.0, "score": 0.3124954700469971}, "right_ankle": {"y": 34.0, "x": 394.0, "score": 0.389803946018219}, "right_knee": {"y": 64.0, "x": 364.0, "score": 0.1795393079519272}, "right_wrist": {"y": 69.0, "x": 429.0, "score": 0.1740221083164215}}, "location": {"height": 266.6642761230469, "width": 136.5872650146484, "top": 1.786117553710938, "score": 0.007398605812340975, "left": 342.4127197265625}}], "log_id": 1904767488898415073}