{"person_num": 3, "person_info": [{"body_parts": {"left_hip": {"y": 57.875, "x": 366.03125, "score": 0.4486589431762695}, "top_head": {"y": 68.0, "x": 457.15625, "score": 0.4930684864521027}, "right_mouth_corner": {"y": 85.71875, "x": 434.375, "score": 0.1968512386083603}, "neck": {"y": 68.0, "x": 421.71875, "score": 0.728765606880188}, "left_shoulder": {"y": 52.8125, "x": 426.78125, "score": 0.7644328474998474}, "left_knee": {"y": 30.03125, "x": 406.53125, "score": 0.7356870174407959}, "left_ankle": {"y": 37.625, "x": 366.03125, "score": 0.2513364255428314}, "left_mouth_corner": {"y": 85.71875, "x": 436.90625, "score": 0.2059413641691208}, "right_elbow": {"y": 98.375, "x": 398.9375, "score": 0.7768648862838745}, "right_ear": {"y": 80.65625, "x": 434.375, "score": 0.5733548402786255}, "nose": {"y": 83.1875, "x": 439.4375, "score": 0.3420036137104034}, "left_eye": {"y": 78.125, "x": 441.96875, "score": 0.271080493927002}, "right_eye": {"y": 83.1875, "x": 441.96875, "score": 0.3857980072498322}, "right_hip": {"y": 80.65625, "x": 366.03125, "score": 0.3958506286144257}, "left_wrist": {"y": 52.8125, "x": 480, "score": 0.2635591924190521}, "left_ear": {"y": 60.40625, "x": 434.375, "score": 0.496010422706604}, "left_elbow": {"y": 45.21875, "x": 459.6875, "score": 0.5791913866996765}, "right_shoulder": {"y": 80.65625, "x": 409.0625, "score": 0.4450135827064514}, "right_ankle": {"y": 80.65625, "x": 355.90625, "score": 0.4149583876132965}, "right_knee": {"y": 80.65625, "x": 391.34375, "score": 0.1419070363044739}, "right_wrist": {"y": 88.25, "x": 426.78125, "score": 0.7862173318862915}}, "location": {"height": 106.06298828125, "width": 134.5862121582031, "top": 2.837493896484375, "score": 0.3330191671848297, "left": 344.4137878417969}}, {"body_parts": {"left_hip": {"y": 116.0625, "x": 355.59375, "score": 0.1307142376899719}, "top_head": {"y": 26.375, "x": 391.46875, "score": 0.1638423204421997}, "right_mouth_corner": {"y": 62.25, "x": 409.40625, "score": 0.08934804797172546}, "neck": {"y": 44.3125, "x": 400.4375, "score": 0.3164561986923218}, "left_shoulder": {"y": 53.28125, "x": 400.4375, "score": 0.2318771928548813}, "left_knee": {"y": 160.90625, "x": 373.53125, "score": 0.05988069623708725}, "left_ankle": {"y": 142.96875, "x": 86.53125, "score": 0.09544345736503601}, "left_mouth_corner": {"y": 53.28125, "x": 391.46875, "score": 0.1282331794500351}, "right_elbow": {"y": 71.21875, "x": 400.4375, "score": 0.3167329728603363}, "right_ear": {"y": 35.34375, "x": 409.40625, "score": 0.364243745803833}, "nose": {"y": 62.25, "x": 436.3125, "score": 0.08834213763475418}, "left_eye": {"y": 35.34375, "x": 427.34375, "score": 0.1077310293912888}, "right_eye": {"y": 62.25, "x": 427.34375, "score": 0.1186242997646332}, "right_hip": {"y": 98.125, "x": 355.59375, "score": 0.1443284153938293}, "left_wrist": {"y": 44.3125, "x": 382.5, "score": 0.2717519104480743}, "left_ear": {"y": 44.3125, "x": 400.4375, "score": 0.2888027131557465}, "left_elbow": {"y": 62.25, "x": 427.34375, "score": 0.2787508964538574}, "right_shoulder": {"y": 35.34375, "x": 382.5, "score": 0.2451087534427643}, "right_ankle": {"y": 160.90625, "x": 77.5625, "score": 0.1098188459873199}, "right_knee": {"y": 134.0, "x": 86.53125, "score": 0.06305906921625137}, "right_wrist": {"y": 53.28125, "x": 400.4375, "score": 0.240284338593483}}, "location": {"height": 269.0, "width": 477.4482421875, "top": 0.0, "score": 0.01259581744670868, "left": 1.551727294921875}}, {"body_parts": {"left_hip": {"y": 74.0, "x": 364.0, "score": 0.3112923800945282}, "top_head": {"y": 69.0, "x": 444.0, "score": 0.4706195890903473}, "right_mouth_corner": {"y": 74.0, "x": 424.0, "score": 0.2331611514091492}, "neck": {"y": 69.0, "x": 409.0, "score": 0.3973230421543121}, "left_shoulder": {"y": 64.0, "x": 409.0, "score": 0.2315605729818344}, "left_knee": {"y": 59.0, "x": 359.0, "score": 0.2691796123981476}, "left_ankle": {"y": 34.0, "x": 379.0, "score": 0.356123149394989}, "left_mouth_corner": {"y": 89.0, "x": 419.0, "score": 0.1790140569210052}, "right_elbow": {"y": 44.0, "x": 454.0, "score": 0.2241424322128296}, "right_ear": {"y": 74.0, "x": 429.0, "score": 0.3623417019844055}, "nose": {"y": 84.0, "x": 429.0, "score": 0.3343633413314819}, "left_eye": {"y": 84.0, "x": 434.0, "score": 0.311923623085022}, "right_eye": {"y": 79.0, "x": 429.0, "score": 0.4490645229816437}, "right_hip": {"y": 89.0, "x": 384.0, "score": 0.2091498225927353}, "left_wrist": {"y": 44.0, "x": 459.0, "score": 0.3033486306667328}, "left_ear": {"y": 64.0, "x": 429.0, "score": 0.2804417610168457}, "left_elbow": {"y": 44.0, "x": 429.0, "score": 0.2474312484264374}, "right_shoulder": {"y": 74.0, "x": 414.0, "score": 0.3993242084980011}, "right_ankle": {"y": 34.0, "x": 389.0, "score": 0.2423585653305054}, "right_knee": {"y": 54.0, "x": 359.0, "score": 0.08636818081140518}, "right_wrist": {"y": 49.0, "x": 464.0, "score": 0.2284052670001984}}, "location": {"height": 266.3597717285156, "width": 137.0807647705078, "top": 1.95556640625, "score": 0.007711373269557953, "left": 341.9192199707031}}], "log_id": 7103423893640301921}