{"person_num": 5, "person_info": [{"body_parts": {"left_hip": {"y": 58.25, "x": 365.5, "score": 0.3218273520469666}, "top_head": {"y": 68.125, "x": 456.84375, "score": 0.4689653217792511}, "right_mouth_corner": {"y": 80.46875, "x": 432.15625, "score": 0.3790855705738068}, "neck": {"y": 68.125, "x": 424.75, "score": 0.681681752204895}, "left_shoulder": {"y": 50.84375, "x": 432.15625, "score": 0.6482428312301636}, "left_knee": {"y": 31.09375, "x": 409.9375, "score": 0.2769492268562317}, "left_ankle": {"y": 75.53125, "x": 355.625, "score": 0.09544254839420319}, "left_mouth_corner": {"y": 80.46875, "x": 434.625, "score": 0.4307908415794373}, "right_elbow": {"y": 95.28125, "x": 397.59375, "score": 0.7331115007400513}, "right_ear": {"y": 75.53125, "x": 434.625, "score": 0.6172046661376953}, "nose": {"y": 80.46875, "x": 437.09375, "score": 0.6429659128189087}, "left_eye": {"y": 78.0, "x": 442.03125, "score": 0.5790687799453735}, "right_eye": {"y": 78.0, "x": 439.5625, "score": 0.665439248085022}, "right_hip": {"y": 75.53125, "x": 363.03125, "score": 0.3945823013782501}, "left_wrist": {"y": 58.25, "x": 480, "score": 0.3385814428329468}, "left_ear": {"y": 60.71875, "x": 439.5625, "score": 0.4696556627750397}, "left_elbow": {"y": 50.84375, "x": 461.78125, "score": 0.6742189526557922}, "right_shoulder": {"y": 75.53125, "x": 409.9375, "score": 0.5339868068695068}, "right_ankle": {"y": 78.0, "x": 358.09375, "score": 0.4877290725708008}, "right_knee": {"y": 80.46875, "x": 367.96875, "score": 0.1668383330106735}, "right_wrist": {"y": 87.875, "x": 427.21875, "score": 0.7320409417152405}}, "location": {"height": 74.79205322265625, "width": 130.8556671142578, "top": 41.21901702880859, "score": 0.163737565279007, "left": 345.5142211914062}}, {"body_parts": {"left_hip": {"y": 83.6875, "x": 71.4375, "score": 0.4650188088417053}, "top_head": {"y": 14.49999618530273, "x": 0, "score": 0.04106369614601135}, "right_mouth_corner": {"y": 88.8125, "x": 2.25, "score": 0.08641240000724792}, "neck": {"y": 78.5625, "x": 0, "score": 0.2170353084802628}, "left_shoulder": {"y": 55.5, "x": 4.8125, "score": 0.6924986839294434}, "left_knee": {"y": 91.375, "x": 99.625, "score": 0.6919030547142029}, "left_ankle": {"y": 96.5, "x": 120.125, "score": 0.7898732423782349}, "left_mouth_corner": {"y": 55.5, "x": 0, "score": 0.1563563346862793}, "right_elbow": {"y": 129.8125, "x": 17.62499618530273, "score": 0.7174416780471802}, "right_ear": {"y": 32.4375, "x": 0, "score": 0.0520484670996666}, "nose": {"y": 83.6875, "x": 2.25, "score": 0.1422859132289886}, "left_eye": {"y": 83.6875, "x": 0, "score": 0.1273844540119171}, "right_eye": {"y": 86.25, "x": 0, "score": 0.09748798608779907}, "right_hip": {"y": 111.875, "x": 61.1875, "score": 0.4338249564170837}, "left_wrist": {"y": 58.0625, "x": 66.3125, "score": 0.8066470623016357}, "left_ear": {"y": 52.9375, "x": 0, "score": 0.04857752844691277}, "left_elbow": {"y": 55.5, "x": 38.125, "score": 0.7892563343048096}, "right_shoulder": {"y": 55.5, "x": 4.8125, "score": 0.1589409708976746}, "right_ankle": {"y": 111.875, "x": 89.375, "score": 0.3019196391105652}, "right_knee": {"y": 117.0, "x": 94.5, "score": 0.6447271704673767}, "right_wrist": {"y": 122.125, "x": 50.9375, "score": 0.7535833120346069}}, "location": {"height": 135.6289367675781, "width": 134.5339050292969, "top": 2.650466918945312, "score": 0.02062923647463322, "left": 0.0}}, {"body_parts": {"left_hip": {"y": 58.875, "x": 368.125, "score": 0.3851248621940613}, "top_head": {"y": 66.5625, "x": 457.8125, "score": 0.6146230101585388}, "right_mouth_corner": {"y": 81.9375, "x": 439.875, "score": 0.2482971549034119}, "neck": {"y": 66.5625, "x": 424.5, "score": 0.6985756158828735}, "left_shoulder": {"y": 51.1875, "x": 427.0625, "score": 0.6981635689735413}, "left_knee": {"y": 30.6875, "x": 409.125, "score": 0.6338958144187927}, "left_ankle": {"y": 76.8125, "x": 357.875, "score": 0.1488595008850098}, "left_mouth_corner": {"y": 81.9375, "x": 437.3125, "score": 0.2264798134565353}, "right_elbow": {"y": 97.3125, "x": 398.875, "score": 0.6720185875892639}, "right_ear": {"y": 81.9375, "x": 439.875, "score": 0.490165650844574}, "nose": {"y": 81.9375, "x": 442.4375, "score": 0.3596042692661285}, "left_eye": {"y": 79.375, "x": 445.0, "score": 0.3191725611686707}, "right_eye": {"y": 81.9375, "x": 445.0, "score": 0.4381184279918671}, "right_hip": {"y": 81.9375, "x": 368.125, "score": 0.35269895195961}, "left_wrist": {"y": 56.3125, "x": 480, "score": 0.3692610561847687}, "left_ear": {"y": 61.4375, "x": 442.4375, "score": 0.6427469849586487}, "left_elbow": {"y": 48.625, "x": 460.375, "score": 0.6735714673995972}, "right_shoulder": {"y": 76.8125, "x": 411.6875, "score": 0.4602443277835846}, "right_ankle": {"y": 81.9375, "x": 357.875, "score": 0.4959728419780731}, "right_knee": {"y": 81.9375, "x": 368.125, "score": 0.1807068735361099}, "right_wrist": {"y": 87.0625, "x": 429.625, "score": 0.726049542427063}}, "location": {"height": 91.4755630493164, "width": 135.8774108886719, "top": 1.726863861083984, "score": 0.008012037724256516, "left": 343.12255859375}}, {"body_parts": {"left_hip": {"y": 79.6875, "x": 369.9375, "score": 0.1323585212230682}, "top_head": {"y": 64.875, "x": 439.0625, "score": 0.4381000101566315}, "right_mouth_corner": {"y": 89.5625, "x": 424.25, "score": 0.1623671501874924}, "neck": {"y": 64.875, "x": 409.4375, "score": 0.2567103505134583}, "left_shoulder": {"y": 74.75, "x": 404.5, "score": 0.2026858627796173}, "left_knee": {"y": 64.875, "x": 360.0625, "score": 0.3076649606227875}, "left_ankle": {"y": 30.3125, "x": 384.75, "score": 0.2451308220624924}, "left_mouth_corner": {"y": 89.5625, "x": 429.1875, "score": 0.145068570971489}, "right_elbow": {"y": 99.4375, "x": 394.625, "score": 0.1008614227175713}, "right_ear": {"y": 69.8125, "x": 429.1875, "score": 0.2084834426641464}, "nose": {"y": 89.5625, "x": 429.1875, "score": 0.3051564395427704}, "left_eye": {"y": 79.6875, "x": 434.125, "score": 0.2974255383014679}, "right_eye": {"y": 79.6875, "x": 429.1875, "score": 0.4218595921993256}, "right_hip": {"y": 89.5625, "x": 389.6875, "score": 0.06591255962848663}, "left_wrist": {"y": 64.875, "x": 429.1875, "score": 0.1236314997076988}, "left_ear": {"y": 69.8125, "x": 414.375, "score": 0.1275080293416977}, "left_elbow": {"y": 89.5625, "x": 399.5625, "score": 0.2104490101337433}, "right_shoulder": {"y": 74.75, "x": 414.375, "score": 0.1941957473754883}, "right_ankle": {"y": 35.25, "x": 394.625, "score": 0.2317919433116913}, "right_knee": {"y": 55.0, "x": 360.0625, "score": 0.1196243911981583}, "right_wrist": {"y": 69.8125, "x": 429.1875, "score": 0.154478445649147}}, "location": {"height": 262.9663391113281, "width": 137.5873718261719, "top": 3.647750854492188, "score": 0.007993166334927082, "left": 341.4126281738281}}, {"body_parts": {"left_hip": {"y": 107.0, "x": 365.0, "score": 0.1217334121465683}, "top_head": {"y": 26.0, "x": 383.0, "score": 0.1259119212627411}, "right_mouth_corner": {"y": 26.0, "x": 473.0, "score": 0.132740244269371}, "neck": {"y": 8.0, "x": 419.0, "score": 0.1685853451490402}, "left_shoulder": {"y": 53.0, "x": 455.0, "score": 0.2200357466936111}, "left_knee": {"y": 107.0, "x": 95.0, "score": 0.1171445026993752}, "left_ankle": {"y": 125.0, "x": 41.0, "score": 0.2545222342014313}, "left_mouth_corner": {"y": 26.0, "x": 480, "score": 0.1326766759157181}, "right_elbow": {"y": 71.0, "x": 365.0, "score": 0.3886883854866028}, "right_ear": {"y": 35.0, "x": 401.0, "score": 0.2182486206293106}, "nose": {"y": 17.0, "x": 480, "score": 0.1354925632476807}, "left_eye": {"y": 17.0, "x": 480, "score": 0.09295440465211868}, "right_eye": {"y": 17.0, "x": 473.0, "score": 0.1461514085531235}, "right_hip": {"y": 98.0, "x": 356.0, "score": 0.1180500909686089}, "left_wrist": {"y": 44.0, "x": 383.0, "score": 0.2953279316425323}, "left_ear": {"y": 35.0, "x": 392.0, "score": 0.1718336492776871}, "left_elbow": {"y": 71.0, "x": 374.0, "score": 0.2905341684818268}, "right_shoulder": {"y": 17.0, "x": 437.0,