{"person_num": 2, "person_info": [{"body_parts": {"left_hip": {"y": 52.1875, "x": 193.4375, "score": 0.4717020094394684}, "top_head": {"y": 14.06249618530273, "x": 157.21875, "score": 0.4580980837345123}, "right_mouth_corner": {"y": 33.125, "x": 180.09375, "score": 0.2552597522735596}, "neck": {"y": 42.65625, "x": 159.125, "score": 0.469554215669632}, "left_shoulder": {"y": 27.40624809265137, "x": 168.65625, "score": 0.2189753651618958}, "left_knee": {"y": 61.71875, "x": 206.78125, "score": 0.4586626291275024}, "left_ankle": {"y": 69.34375, "x": 212.5, "score": 0.2160629332065582}, "left_mouth_corner": {"y": 31.21874809265137, "x": 182.0, "score": 0.31919065117836}, "right_elbow": {"y": 88.40625, "x": 172.46875, "score": 0.6472228765487671}, "right_ear": {"y": 44.5625, "x": 157.21875, "score": 0.4927069544792175}, "nose": {"y": 29.31249809265137, "x": 180.09375, "score": 0.5746280550956726}, "left_eye": {"y": 27.40624809265137, "x": 180.09375, "score": 0.5183752179145813}, "right_eye": {"y": 31.21874809265137, "x": 178.1875, "score": 0.5296390056610107}, "right_hip": {"y": 75.0625, "x": 189.625, "score": 0.5278252959251404}, "left_wrist": {"y": 35.03125, "x": 201.0625, "score": 0.8497031927108765}, "left_ear": {"y": 25.49999809265137, "x": 174.375, "score": 0.1845515817403793}, "left_elbow": {"y": 23.59375, "x": 182.0, "score": 0.5392041206359863}, "right_shoulder": {"y": 71.25, "x": 155.3125, "score": 0.5422680974006653}, "right_ankle": {"y": 75.0625, "x": 218.21875, "score": 0.4268360137939453}, "right_knee": {"y": 82.6875, "x": 216.3125, "score": 0.6014006733894348}, "right_wrist": {"y": 96.03125, "x": 191.53125, "score": 0.7412974834442139}}, "location": {"height": 100.4298934936523, "width": 93.53857421875, "top": 1.948928833007812, "score": 0.5099087953567505, "left": 135.922607421875}}, {"body_parts": {"left_hip": {"y": 63.125, "x": 192.5625, "score": 0.2731604874134064}, "top_head": {"y": 17.5625, "x": 162.1875, "score": 0.7956885099411011}, "right_mouth_corner": {"y": 53.0, "x": 162.1875, "score": 0.2621162533760071}, "neck": {"y": 42.875, "x": 157.125, "score": 0.6651769876480103}, "left_shoulder": {"y": 17.5625, "x": 167.25, "score": 0.591568112373352}, "left_knee": {"y": 53.0, "x": 197.625, "score": 0.2094767987728119}, "left_ankle": {"y": 78.3125, "x": 182.4375, "score": 0.08359293639659882}, "left_mouth_corner": {"y": 47.9375, "x": 167.25, "score": 0.2559710443019867}, "right_elbow": {"y": 93.5, "x": 182.4375, "score": 0.4138145446777344}, "right_ear": {"y": 37.8125, "x": 152.0625, "score": 0.6254639625549316}, "nose": {"y": 37.8125, "x": 182.4375, "score": 0.3198840320110321}, "left_eye": {"y": 32.75, "x": 177.375, "score": 0.3756999969482422}, "right_eye": {"y": 37.8125, "x": 172.3125, "score": 0.4553334712982178}, "right_hip": {"y": 78.3125, "x": 182.4375, "score": 0.1996699869632721}, "left_wrist": {"y": 37.8125, "x": 202.6875, "score": 0.6639988422393799}, "left_ear": {"y": 22.625, "x": 177.375, "score": 0.4391106367111206}, "left_elbow": {"y": 37.8125, "x": 202.6875, "score": 0.5721902847290039}, "right_shoulder": {"y": 73.25, "x": 157.125, "score": 0.5696810483932495}, "right_ankle": {"y": 240.3125, "x": 20.4375, "score": 0.07433310896158218}, "right_knee": {"y": 73.25, "x": 212.8125, "score": 0.1647329926490784}, "right_wrist": {"y": 83.375, "x": 197.625, "score": 0.3732419610023499}}, "location": {"height": 268.4798278808594, "width": 259.8382568359375, "top": 0.520172119140625, "score": 0.005534633062779903, "left": 3.333908081054688}}], "log_id": 5666264301787512417}