{"person_num": 3, "person_info": [{"body_parts": {"left_hip": {"y": 108.34375, "x": 171.53125, "score": 0.6276018619537354}, "top_head": {"y": 128.59375, "x": 110.78125, "score": 0.5197905898094177}, "right_mouth_corner": {"y": 131.125, "x": 143.6875, "score": 0.3243876993656158}, "neck": {"y": 123.53125, "x": 125.96875, "score": 0.5025880336761475}, "left_shoulder": {"y": 90.625, "x": 125.96875, "score": 0.6676706671714783}, "left_knee": {"y": 110.875, "x": 194.3125, "score": 0.7521065473556519}, "left_ankle": {"y": 113.40625, "x": 217.09375, "score": 0.7663818597793579}, "left_mouth_corner": {"y": 123.53125, "x": 146.21875, "score": 0.3332047462463379}, "right_elbow": {"y": 158.96875, "x": 148.75, "score": 0.6706944704055786}, "right_ear": {"y": 141.25, "x": 128.5, "score": 0.6909196376800537}, "nose": {"y": 136.1875, "x": 141.15625, "score": 0.5093953609466553}, "left_eye": {"y": 128.59375, "x": 138.625, "score": 0.4354686141014099}, "right_eye": {"y": 131.125, "x": 138.625, "score": 0.5457579493522644}, "right_hip": {"y": 136.1875, "x": 161.40625, "score": 0.4021845161914825}, "left_wrist": {"y": 83.03125, "x": 163.9375, "score": 0.8302152752876282}, "left_ear": {"y": 110.875, "x": 128.5, "score": 0.7131667733192444}, "left_elbow": {"y": 83.03125, "x": 148.75, "score": 0.6411877274513245}, "right_shoulder": {"y": 156.4375, "x": 128.5, "score": 0.6091433763504028}, "right_ankle": {"y": 113.40625, "x": 214.5625, "score": 0.07159106433391571}, "right_knee": {"y": 121.0, "x": 181.65625, "score": 0.04241881892085075}, "right_wrist": {"y": 146.3125, "x": 169.0, "score": 0.8227341771125793}}, "location": {"height": 98.50994873046875, "width": 134.1288452148438, "top": 72.20872497558594, "score": 0.5332248210906982, "left": 102.1278533935547}}, {"body_parts": {"left_hip": {"y": 61.75, "x": 365.5625, "score": 0.4659629762172699}, "top_head": {"y": 66.875, "x": 462.9375, "score": 0.6079578995704651}, "right_mouth_corner": {"y": 87.375, "x": 442.4375, "score": 0.09841776639223099}, "neck": {"y": 72.0, "x": 424.5, "score": 0.8373093008995056}, "left_shoulder": {"y": 54.0625, "x": 424.5, "score": 0.7977387309074402}, "left_knee": {"y": 31.0, "x": 409.125, "score": 0.6326720714569092}, "left_ankle": {"y": 41.25, "x": 383.5, "score": 0.09697128087282181}, "left_mouth_corner": {"y": 59.1875, "x": 434.75, "score": 0.2336101531982422}, "right_elbow": {"y": 100.1875, "x": 396.3125, "score": 0.7050712704658508}, "right_ear": {"y": 82.25, "x": 439.875, "score": 0.6527964472770691}, "nose": {"y": 82.25, "x": 447.5625, "score": 0.2219887673854828}, "left_eye": {"y": 64.3125, "x": 445.0, "score": 0.3881370723247528}, "right_eye": {"y": 82.25, "x": 447.5625, "score": 0.2842698097229004}, "right_hip": {"y": 84.8125, "x": 368.125, "score": 0.3910594284534454}, "left_wrist": {"y": 56.625, "x": 470.625, "score": 0.7876843810081482}, "left_ear": {"y": 59.1875, "x": 439.875, "score": 0.5470535755157471}, "left_elbow": {"y": 31.0, "x": 452.6875, "score": 0.8464360237121582}, "right_shoulder": {"y": 89.9375, "x": 409.125, "score": 0.4482897520065308}, "right_ankle": {"y": 82.25, "x": 357.875, "score": 0.4658384025096893}, "right_knee": {"y": 92.5, "x": 393.75, "score": 0.1341360360383987}, "right_wrist": {"y": 89.9375, "x": 427.0625, "score": 0.7489644289016724}}, "location": {"height": 104.2223281860352, "width": 135.2672424316406, "top": 10.60897064208984, "score": 0.3097037672996521, "left": 343.7327270507812}}, {"body_parts": {"left_hip": {"y": 74.0, "x": 364.0, "score": 0.3692948818206787}, "top_head": {"y": 74.0, "x": 444.0, "score": 0.5659889578819275}, "right_mouth_corner": {"y": 89.0, "x": 439.0, "score": 0.1361217349767685}, "neck": {"y": 69.0, "x": 414.0, "score": 0.5796504616737366}, "left_shoulder": {"y": 54.0, "x": 419.0, "score": 0.5373768210411072}, "left_knee": {"y": 59.0, "x": 364.0, "score": 0.2055064886808395}, "left_ankle": {"y": 34.0, "x": 384.0, "score": 0.1344801038503647}, "left_mouth_corner": {"y": 89.0, "x": 429.0, "score": 0.1670267879962921}, "right_elbow": {"y": 99.0, "x": 394.0, "score": 0.2810926735401154}, "right_ear": {"y": 74.0, "x": 434.0, "score": 0.5685634613037109}, "nose": {"y": 84.0, "x": 434.0, "score": 0.243120476603508}, "left_eye": {"y": 84.0, "x": 439.0, "score": 0.3060657382011414}, "right_eye": {"y": 84.0, "x": 439.0, "score": 0.4458050429821014}, "right_hip": {"y": 89.0, "x": 384.0, "score": 0.2923846244812012}, "left_wrist": {"y": 54.0, "x": 469.0, "score": 0.8080653548240662}, "left_ear": {"y": 64.0, "x": 424.0, "score": 0.3152465522289276}, "left_elbow": {"y": 29.0, "x": 449.0, "score": 0.8061375617980957}, "right_shoulder": {"y": 79.0, "x": 409.0, "score": 0.4627041518688202}, "right_ankle": {"y": 34.0, "x": 394.0, "score": 0.2874287068843842}, "right_knee": {"y": 54.0, "x": 364.0, "score": 0.1179765313863754}, "right_wrist": {"y": 69.0, "x": 429.0, "score": 0.2206514924764633}}, "location": {"height": 265.5129699707031, "width": 137.1691741943359, "top": 2.832733154296875, "score": 0.008140802383422852, "left": 341.830810546875}}], "log_id": 1249946613166600449}