{"person_num": 3, "person_info": [{"body_parts": {"left_hip": {"y": 57.75, "x": 368.125, "score": 0.5482021570205688}, "top_head": {"y": 73.125, "x": 460.375, "score": 0.559756875038147}, "right_mouth_corner": {"y": 85.9375, "x": 434.75, "score": 0.1039906442165375}, "neck": {"y": 70.5625, "x": 424.5, "score": 0.7536085844039917}, "left_shoulder": {"y": 52.625, "x": 429.625, "score": 0.7366483807563782}, "left_knee": {"y": 29.5625, "x": 411.6875, "score": 0.7315747737884521}, "left_ankle": {"y": 34.6875, "x": 365.5625, "score": 0.3303687274456024}, "left_mouth_corner": {"y": 60.3125, "x": 434.75, "score": 0.2425072342157364}, "right_elbow": {"y": 98.75, "x": 398.875, "score": 0.7666833400726318}, "right_ear": {"y": 85.9375, "x": 439.875, "score": 0.515457034111023}, "nose": {"y": 80.8125, "x": 439.875, "score": 0.2476369887590408}, "left_eye": {"y": 62.875, "x": 445.0, "score": 0.3395954668521881}, "right_eye": {"y": 83.375, "x": 442.4375, "score": 0.2580493092536926}, "right_hip": {"y": 83.375, "x": 368.125, "score": 0.4814496040344238}, "left_wrist": {"y": 55.1875, "x": 478.3125, "score": 0.513796329498291}, "left_ear": {"y": 60.3125, "x": 437.3125, "score": 0.4662761390209198}, "left_elbow": {"y": 37.25, "x": 460.375, "score": 0.8486950993537903}, "right_shoulder": {"y": 85.9375, "x": 409.125, "score": 0.4854063987731934}, "right_ankle": {"y": 78.25, "x": 357.875, "score": 0.4707770943641663}, "right_knee": {"y": 93.625, "x": 396.3125, "score": 0.1219485327601433}, "right_wrist": {"y": 88.5, "x": 427.0625, "score": 0.7723574638366699}}, "location": {"height": 107.0057525634766, "width": 135.1507263183594, "top": 2.762393951416016, "score": 0.2169262170791626, "left": 343.8492736816406}}, {"body_parts": {"left_hip": {"y": 154.625, "x": 109.75, "score": 0.03877978026866913}, "top_head": {"y": 92.75, "x": 171.625, "score": 0.02158172614872456}, "right_mouth_corner": {"y": 154.625, "x": 248.96875, "score": 0.02056373283267021}, "neck": {"y": 10.24999237060547, "x": 53.03125, "score": 0.04021299630403519}, "left_shoulder": {"y": 10.24999237060547, "x": 109.75, "score": 0.04948539659380913}, "left_knee": {"y": 216.5, "x": 171.625, "score": 0.05058125406503677}, "left_ankle": {"y": 242.28125, "x": 32.40625, "score": 0.08429483324289322}, "left_mouth_corner": {"y": 154.625, "x": 238.65625, "score": 0.009055688977241516}, "right_elbow": {"y": 154.625, "x": 22.09375, "score": 0.04771969094872475}, "right_ear": {"y": 66.96875, "x": 156.15625, "score": 0.03942365571856499}, "nose": {"y": 128.84375, "x": 259.28125, "score": 0.02670097909867764}, "left_eye": {"y": 82.4375, "x": 151.0, "score": 0.02686614543199539}, "right_eye": {"y": 87.59375, "x": 156.15625, "score": 0.03045636042952538}, "right_hip": {"y": 144.3125, "x": 109.75, "score": 0.03062279149889946}, "left_wrist": {"y": 139.15625, "x": 254.125, "score": 0.01641004905104637}, "left_ear": {"y": 61.8125, "x": 151.0, "score": 0.04369471594691277}, "left_elbow": {"y": 113.375, "x": 264.4375, "score": 0.01781047508120537}, "right_shoulder": {"y": 20.5625, "x": 42.71875, "score": 0.05373334884643555}, "right_ankle": {"y": 237.125, "x": 37.5625, "score": 0.07552070915699005}, "right_knee": {"y": 211.34375, "x": 99.4375, "score": 0.05430620163679123}, "right_wrist": {"y": 231.96875, "x": 16.9375, "score": 0.01801380701363087}}, "location": {"height": 268.1056518554688, "width": 274.1407165527344, "top": 0.8943328857421875, "score": 0.01403854507952929, "left": 0.4083404541015625}}, {"body_parts": {"left_hip": {"y": 78.3125, "x": 368.0625, "score": 0.1952338367700577}, "top_head": {"y": 73.25, "x": 444.0, "score": 0.4949521124362946}, "right_mouth_corner": {"y": 123.875, "x": 276.9375, "score": 0.2472278326749802}, "neck": {"y": 73.25, "x": 413.625, "score": 0.4398697018623352}, "left_shoulder": {"y": 63.125, "x": 413.625, "score": 0.3725506961345673}, "left_knee": {"y": 68.1875, "x": 357.9375, "score": 0.2486059814691544}, "left_ankle": {"y": 53.0, "x": 428.8125, "score": 0.1544622927904129}, "left_mouth_corner": {"y": 88.4375, "x": 418.6875, "score": 0.1704185754060745}, "right_elbow": {"y": 83.375, "x": 398.4375, "score": 0.1153355315327644}, "right_ear": {"y": 73.25, "x": 438.9375, "score": 0.3034000396728516}, "nose": {"y": 118.8125, "x": 271.875, "score": 0.3283888697624207}, "left_eye": {"y": 78.3125, "x": 433.875, "score": 0.2368321567773819}, "right_eye": {"y": 83.375, "x": 428.8125, "score": 0.2758025825023651}, "right_hip": {"y": 78.3125, "x": 373.125, "score": 0.1218397691845894}, "left_wrist": {"y": 42.875, "x": 459.1875, "score": 0.3798942565917969}, "left_ear": {"y": 73.25, "x": 433.875, "score": 0.3265610933303833}, "left_elbow": {"y": 37.8125, "x": 454.125, "score": 0.6335045695304871}, "right_shoulder": {"y": 73.25, "x": 413.625, "score": 0.3088442385196686}, "right_ankle": {"y": 32.75, "x": 393.375, "score": 0.1767268478870392}, "right_knee": {"y": 63.125, "x": 363.0, "score": 0.2765428423881531}, "right_wrist": {"y": 78.3125, "x": 428.8125, "score": 0.1231601014733315}}, "location": {"height": 269.0, "width": 136.6176452636719, "top": 0.0, "score": 0.01318533252924681, "left": 342.38232421875}}], "log_id": 5710097289556579073}