{"person_num": 4, "person_info": [{"body_parts": {"left_hip": {"y": 58.34375, "x": 366.03125, "score": 0.4116960763931274}, "top_head": {"y": 68.46875, "x": 457.15625, "score": 0.5628843903541565}, "right_mouth_corner": {"y": 86.1875, "x": 441.96875, "score": 0.3111389577388763}, "neck": {"y": 73.53125, "x": 421.71875, "score": 0.7311230301856995}, "left_shoulder": {"y": 53.28125, "x": 424.25, "score": 0.7744776606559753}, "left_knee": {"y": 33.03125, "x": 409.0625, "score": 0.6901649832725525}, "left_ankle": {"y": 33.03125, "x": 393.875, "score": 0.141327828168869}, "left_mouth_corner": {"y": 86.1875, "x": 444.5, "score": 0.3175057768821716}, "right_elbow": {"y": 98.84375, "x": 398.9375, "score": 0.7536680102348328}, "right_ear": {"y": 81.125, "x": 439.4375, "score": 0.6751706600189209}, "nose": {"y": 83.65625, "x": 444.5, "score": 0.5211277008056641}, "left_eye": {"y": 81.125, "x": 447.03125, "score": 0.3590138256549835}, "right_eye": {"y": 83.65625, "x": 447.03125, "score": 0.5398540496826172}, "right_hip": {"y": 83.65625, "x": 366.03125, "score": 0.3744615912437439}, "left_wrist": {"y": 58.34375, "x": 480, "score": 0.2996940612792969}, "left_ear": {"y": 60.875, "x": 436.90625, "score": 0.4801881313323975}, "left_elbow": {"y": 45.6875, "x": 459.6875, "score": 0.8590580821037292}, "right_shoulder": {"y": 83.65625, "x": 406.53125, "score": 0.4327037930488586}, "right_ankle": {"y": 81.125, "x": 355.90625, "score": 0.2685508728027344}, "right_knee": {"y": 76.0625, "x": 358.4375, "score": 0.1038041040301323}, "right_wrist": {"y": 88.71875, "x": 426.78125, "score": 0.7708796262741089}}, "location": {"height": 111.6790237426758, "width": 134.8058166503906, "top": 6.155303955078125, "score": 0.1436480283737183, "left": 344.1941528320312}}, {"body_parts": {"left_hip": {"y": 145.34375, "x": 327.5, "score": 0.4452928900718689}, "top_head": {"y": 168.125, "x": 423.6875, "score": 0.5368925333023071}, "right_mouth_corner": {"y": 145.34375, "x": 400.90625, "score": 0.1753442883491516}, "neck": {"y": 168.125, "x": 370.53125, "score": 0.6138985753059387}, "left_shoulder": {"y": 137.75, "x": 362.9375, "score": 0.5738857984542847}, "left_knee": {"y": 137.75, "x": 332.5625, "score": 0.4521925449371338}, "left_ankle": {"y": 140.28125, "x": 319.90625, "score": 0.3976867198944092}, "left_mouth_corner": {"y": 147.875, "x": 393.3125, "score": 0.3453880548477173}, "right_elbow": {"y": 203.5625, "x": 342.6875, "score": 0.2004278153181076}, "right_ear": {"y": 185.84375, "x": 390.78125, "score": 0.6680719256401062}, "nose": {"y": 150.40625, "x": 398.375, "score": 0.3758207261562347}, "left_eye": {"y": 152.9375, "x": 395.84375, "score": 0.5897426605224609}, "right_eye": {"y": 150.40625, "x": 400.90625, "score": 0.288677304983139}, "right_hip": {"y": 170.65625, "x": 327.5, "score": 0.3369041383266449}, "left_wrist": {"y": 117.5, "x": 360.40625, "score": 0.4987310171127319}, "left_ear": {"y": 155.46875, "x": 390.78125, "score": 0.4581954181194305}, "left_elbow": {"y": 120.03125, "x": 347.75, "score": 0.6973180770874023}, "right_shoulder": {"y": 198.5, "x": 362.9375, "score": 0.6649930477142334}, "right_ankle": {"y": 137.75, "x": 335.09375, "score": 0.07048466801643372}, "right_knee": {"y": 127.625, "x": 355.34375, "score": 0.0980469360947609}, "right_wrist": {"y": 147.875, "x": 365.46875, "score": 0.0407886691391468}}, "location": {"height": 99.37646484375, "width": 133.910400390625, "top": 108.7415161132812, "score": 0.02178538963198662, "left": 301.751953125}}, {"body_parts": {"left_hip": {"y": 159.6875, "x": 161.9375, "score": 0.03585249930620193}, "top_head": {"y": 22.6875, "x": 384.5625, "score": 0.3294750452041626}, "right_mouth_corner": {"y": 82.625, "x": 367.4375, "score": 0.06411883234977722}, "neck": {"y": 48.375, "x": 393.125, "score": 0.2711293697357178}, "left_shoulder": {"y": 74.0625, "x": 384.5625, "score": 0.1702288240194321}, "left_knee": {"y": 108.3125, "x": 170.5, "score": 0.1186536401510239}, "left_ankle": {"y": 176.8125, "x": 367.4375, "score": 0.2878075540065765}, "left_mouth_corner": {"y": 65.5, "x": 367.4375, "score": 0.08348535746335983}, "right_elbow": {"y": 65.5, "x": 384.5625, "score": 0.1578319072723389}, "right_ear": {"y": 39.8125, "x": 384.5625, "score": 0.2239076197147369}, "nose": {"y": 134.0, "x": 358.875, "score": 0.07878825068473816}, "left_eye": {"y": 31.25, "x": 367.4375, "score": 0.08671119809150696}, "right_eye": {"y": 39.8125, "x": 376.0, "score": 0.0994810238480568}, "right_hip": {"y": 142.5625, "x": 170.5, "score": 0.03871294856071472}, "left_wrist": {"y": 48.375, "x": 444.5, "score": 0.2597144544124603}, "left_ear": {"y": 39.8125, "x": 376.0, "score": 0.283875435590744}, "left_elbow": {"y": 48.375, "x": 435.9375, "score": 0.170773983001709}, "right_shoulder": {"y": 65.5, "x": 367.4375, "score": 0.1903145909309387}, "right_ankle": {"y": 168.25, "x": 367.4375, "score": 0.4136218726634979}, "right_knee": {"y": 108.3125, "x": 170.5, "score": 0.1196381598711014}, "right_wrist": {"y": 48.375, "x": 444.5, "score": 0.216368243098259}}, "location": {"height": 268.84375, "width": 455.37158203125, "top": 0.15625, "score": 0.01175230462104082, "left": 18.86859130859375}}, {"body_parts": {"left_hip": {"y": 143.0625, "x": 327.75, "score": 0.3508043587207794}, "top_head": {"y": 170.25, "x": 418.375, "score": 0.7323139905929565}, "right_mouth_corner": {"y": 147.59375, "x": 386.65625, "score": 0.4157167673110962}, "neck": {"y": 165.71875, "x": 373.0625, "score": 0.7112338542938232}, "left_shoulder": {"y": 143.0625, "x": 368.53125, "score": 0.5113073587417603}, "left_knee": {"y": 120.40625, "x": 354.9375, "score": 0.3313673138618469}, "left_ankle": {"y": 134.0, "x": 318.6875, "score": 0.2234019935131073}, "left_mouth_corner": {"y": 147.59375, "x": 386.65625, "score": 0.4964876174926758}, "right_elbow": {"y": 206.5, "x": 345.875, "score": 0.2542921900749207}, "right_ear": {"y": 188.375, "x": 391.1875, "score": 0.6114473342895508}, "nose": {"y": 147.59375, "x": 395.71875, "score": 0.6268267035484314}, "left_eye": {"y": 147.59375, "x": 400.25, "score": 0.4866586923599243}, "right_eye": {"y": 152.125, "x": 400.25, "score": 0.3565490543842316}, "right_hip": {"y": 165.71875, "x": 323.21875, "score": 0.1435789912939072}, "left_wrist": {"y": 147.59375, "x": 382.125, "score": 0.07097169011831284}, "left_ear": {"y": 156.65625, "x": 386.65625, "score": 0.3848865330219269}, "left_elbow": {"y": 124.9375, "x": 354.9375, "score": 0.2189459949731827}, "right_shoulder": {"y": 197.4375, "x": 359.46875, "score": 0.7645719051361084}, "right_ankle": {"y": 143.0625, "x": 323.21875, "score": 0.1235337406396866}, "right_knee": {"y": 124.9375, "x": 354.9375, "score": 0.2092930674552917}, "right_wrist": {"y": 192.90625, "x": 359.46875, "score": 0.0908060297369957}}, "location": {"height": 241.8132476806641, "width": 169.982421875, "top": 15.02732849121094, "score": 0.007270072586834431, "left": 309.017578125}}], "log_id": 3958683830024926369}