{"person_num": 3, "person_info": [{"body_parts": {"left_hip": {"y": 74.9375, "x": 357.09375, "score": 0.5057563781738281}, "top_head": {"y": 35.4375, "x": 463.25, "score": 0.6878604292869568}, "right_mouth_corner": {"y": 60.125, "x": 441.03125, "score": 0.04476945474743843}, "neck": {"y": 57.65625, "x": 428.6875, "score": 0.8063443899154663}, "left_shoulder": {"y": 45.3125, "x": 404.0, "score": 0.7073706984519958}, "left_knee": {"y": 40.375, "x": 379.3125, "score": 0.2068687379360199}, "left_ankle": {"y": 67.53125, "x": 362.03125, "score": 0.1502024829387665}, "left_mouth_corner": {"y": 37.90625, "x": 431.15625, "score": 0.119018480181694}, "right_elbow": {"y": 99.625, "x": 401.53125, "score": 0.7126272916793823}, "right_ear": {"y": 57.65625, "x": 450.90625, "score": 0.5855246782302856}, "nose": {"y": 35.4375, "x": 433.625, "score": 0.297772228717804}, "left_eye": {"y": 32.96875, "x": 436.09375, "score": 0.3874184489250183}, "right_eye": {"y": 32.96875, "x": 438.5625, "score": 0.2199472337961197}, "right_hip": {"y": 92.21875, "x": 366.96875, "score": 0.4073404967784882}, "left_wrist": {"y": 25.5625, "x": 386.71875, "score": 0.3493892550468445}, "left_ear": {"y": 37.90625, "x": 438.5625, "score": 0.8209245800971985}, "left_elbow": {"y": 40.375, "x": 379.3125, "score": 0.5290883183479309}, "right_shoulder": {"y": 82.34375, "x": 421.28125, "score": 0.7361683249473572}, "right_ankle": {"y": 72.46875, "x": 362.03125, "score": 0.1418691277503967}, "right_knee": {"y": 60.125, "x": 384.25, "score": 0.08497399091720581}, "right_wrist": {"y": 84.8125, "x": 431.15625, "score": 0.7248746156692505}}, "location": {"height": 103.0437240600586, "width": 130.1846160888672, "top": 11.16944885253906, "score": 0.457248866558075, "left": 343.9813537597656}}, {"body_parts": {"left_hip": {"y": 134.0, "x": 338.125, "score": 0.06616393476724625}, "top_head": {"y": 208.53125, "x": 457.375, "score": 0.7286599278450012}, "right_mouth_corner": {"y": 178.71875, "x": 422.59375, "score": 0.3906395733356476}, "neck": {"y": 198.59375, "x": 412.65625, "score": 0.7478081583976746}, "left_shoulder": {"y": 44.5625, "x": 402.71875, "score": 0.5190577507019043}, "left_knee": {"y": 148.90625, "x": 328.1875, "score": 0.0667819082736969}, "left_ankle": {"y": 148.90625, "x": 328.1875, "score": 0.286578506231308}, "left_mouth_corner": {"y": 183.6875, "x": 422.59375, "score": 0.4150547385215759}, "right_elbow": {"y": 158.84375, "x": 362.96875, "score": 0.1104524061083794}, "right_ear": {"y": 54.5, "x": 447.4375, "score": 0.5778504014015198}, "nose": {"y": 183.6875, "x": 427.5625, "score": 0.433720737695694}, "left_eye": {"y": 188.65625, "x": 437.5, "score": 0.5683196783065796}, "right_eye": {"y": 193.625, "x": 427.5625, "score": 0.4592543542385101}, "right_hip": {"y": 119.09375, "x": 358.0, "score": 0.06682335585355759}, "left_wrist": {"y": 148.90625, "x": 348.0625, "score": 0.3658761382102966}, "left_ear": {"y": 34.625, "x": 437.5, "score": 0.6563922762870789}, "left_elbow": {"y": 168.78125, "x": 348.0625, "score": 0.3728649318218231}, "right_shoulder": {"y": 178.71875, "x": 412.65625, "score": 0.3549306094646454}, "right_ankle": {"y": 148.90625, "x": 338.125, "score": 0.3230552077293396}, "right_knee": {"y": 153.875, "x": 353.03125, "score": 0.1452933847904205}, "right_wrist": {"y": 148.90625, "x": 343.09375, "score": 0.2032644301652908}}, "location": {"height": 264.4988098144531, "width": 165.0903015136719, "top": 4.501205444335938, "score": 0.03328532725572586, "left": 313.9096984863281}}, {"body_parts": {"left_hip": {"y": 151.9375, "x": 364.5625, "score": 0.08961476385593414}, "top_head": {"y": 205.75, "x": 463.21875, "score": 0.2115801572799683}, "right_mouth_corner": {"y": 26.375, "x": 472.1875, "score": 0.04902349039912224}, "neck": {"y": 35.34375, "x": 400.4375, "score": 0.2298260778188705}, "left_shoulder": {"y": 35.34375, "x": 445.28125, "score": 0.1986008882522583}, "left_knee": {"y": 98.125, "x": 167.25, "score": 0.1769131124019623}, "left_ankle": {"y": 196.78125, "x": 400.4375, "score": 0.2008412480354309}, "left_mouth_corner": {"y": 44.3125, "x": 463.21875, "score": 0.06263557821512222}, "right_elbow": {"y": 62.25, "x": 391.46875, "score": 0.1418215036392212}, "right_ear": {"y": 44.3125, "x": 427.34375, "score": 0.1983169615268707}, "nose": {"y": 26.375, "x": 463.21875, "score": 0.1022553816437721}, "left_eye": {"y": 26.375, "x": 454.25, "score": 0.12580905854702}, "right_eye": {"y": 17.40625, "x": 454.25, "score": 0.1304971724748611}, "right_hip": {"y": 151.9375, "x": 337.65625, "score": 0.05787570029497147}, "left_wrist": {"y": 151.9375, "x": 337.65625, "score": 0.2413759380578995}, "left_ear": {"y": 26.375, "x": 400.4375, "score": 0.1287338137626648}, "left_elbow": {"y": 44.3125, "x": 445.28125, "score": 0.134125754237175}, "right_shoulder": {"y": 35.34375, "x": 382.5, "score": 0.214819610118866}, "right_ankle": {"y": 196.78125, "x": 409.40625, "score": 0.2823957800865173}, "right_knee": {"y": 98.125, "x": 167.25, "score": 0.1580005139112473}, "right_wrist": {"y": 44.3125, "x": 418.375, "score": 0.137924000620842}}, "location": {"height": 269.0, "width": 477.6958618164062, "top": 0.0, "score": 0.01218581013381481, "left": 1.30413818359375}}], "log_id": 370421925120358913}