{"person_num": 3, "person_info": [{"body_parts": {"left_hip": {"y": 65.9375, "x": 354.90625, "score": 0.4909955859184265}, "top_head": {"y": 50.75, "x": 463.75, "score": 0.6993247866630554}, "right_mouth_corner": {"y": 40.625, "x": 433.375, "score": 0.2521892786026001}, "neck": {"y": 68.46875, "x": 418.1875, "score": 0.7184060215950012}, "left_shoulder": {"y": 45.6875, "x": 400.46875, "score": 0.7287729382514954}, "left_knee": {"y": 45.6875, "x": 380.21875, "score": 0.2108888626098633}, "left_ankle": {"y": 33.03125, "x": 362.5, "score": 0.1131261810660362}, "left_mouth_corner": {"y": 40.625, "x": 433.375, "score": 0.3183315992355347}, "right_elbow": {"y": 101.375, "x": 385.28125, "score": 0.317327469587326}, "right_ear": {"y": 73.53125, "x": 440.96875, "score": 0.4802811443805695}, "nose": {"y": 43.15625, "x": 438.4375, "score": 0.3372085094451904}, "left_eye": {"y": 45.6875, "x": 446.03125, "score": 0.3445813655853271}, "right_eye": {"y": 43.15625, "x": 440.96875, "score": 0.1956034898757935}, "right_hip": {"y": 88.71875, "x": 359.96875, "score": 0.4582671523094177}, "left_wrist": {"y": 30.5, "x": 423.25, "score": 0.8099721074104309}, "left_ear": {"y": 50.75, "x": 433.375, "score": 0.6817988157272339}, "left_elbow": {"y": 15.3125, "x": 395.40625, "score": 0.8094624876976013}, "right_shoulder": {"y": 93.78125, "x": 410.59375, "score": 0.7762891054153442}, "right_ankle": {"y": 76.0625, "x": 354.90625, "score": 0.1446629911661148}, "right_knee": {"y": 48.21875, "x": 380.21875, "score": 0.1369491964578629}, "right_wrist": {"y": 55.8125, "x": 430.84375, "score": 0.1310447007417679}}, "location": {"height": 105.6822509765625, "width": 134.7919158935547, "top": 9.829113006591797, "score": 0.1240592300891876, "left": 342.5393371582031}}, {"body_parts": {"left_hip": {"y": 169.0, "x": 357.0, "score": 0.140052005648613}, "top_head": {"y": 209.0, "x": 462.0, "score": 0.643703281879425}, "right_mouth_corner": {"y": 179.0, "x": 422.0, "score": 0.4198942482471466}, "neck": {"y": 199.0, "x": 412.0, "score": 0.7148687243461609}, "left_shoulder": {"y": 209.0, "x": 397.0, "score": 0.5985416173934937}, "left_knee": {"y": 154.0, "x": 347.0, "score": 0.3137087821960449}, "left_ankle": {"y": 149.0, "x": 327.0, "score": 0.3300109207630157}, "left_mouth_corner": {"y": 179.0, "x": 422.0, "score": 0.470504105091095}, "right_elbow": {"y": 159.0, "x": 402.0, "score": 0.1835632175207138}, "right_ear": {"y": 194.0, "x": 432.0, "score": 0.4882744550704956}, "nose": {"y": 179.0, "x": 427.0, "score": 0.561112105846405}, "left_eye": {"y": 189.0, "x": 432.0, "score": 0.5748369097709656}, "right_eye": {"y": 189.0, "x": 427.0, "score": 0.4532231092453003}, "right_hip": {"y": 159.0, "x": 377.0, "score": 0.07104213535785675}, "left_wrist": {"y": 139.0, "x": 342.0, "score": 0.5277702212333679}, "left_ear": {"y": 199.0, "x": 422.0, "score": 0.4134528636932373}, "left_elbow": {"y": 164.0, "x": 357.0, "score": 0.5617164373397827}, "right_shoulder": {"y": 184.0, "x": 422.0, "score": 0.462895005941391}, "right_ankle": {"y": 144.0, "x": 332.0, "score": 0.2559736371040344}, "right_knee": {"y": 154.0, "x": 352.0, "score": 0.247772753238678}, "right_wrist": {"y": 144.0, "x": 347.0, "score": 0.1102523729205132}}, "location": {"height": 265.7283935546875, "width": 165.1907196044922, "top": 3.271591186523438, "score": 0.08562654256820679, "left": 313.8092651367188}}, {"body_parts": {"left_hip": {"y": 170.0, "x": 347.0, "score": 0.1189878433942795}, "top_head": {"y": 206.0, "x": 455.0, "score": 0.3301370739936829}, "right_mouth_corner": {"y": 197.0, "x": 437.0, "score": 0.116809070110321}, "neck": {"y": 188.0, "x": 419.0, "score": 0.1665449440479279}, "left_shoulder": {"y": 170.0, "x": 401.0, "score": 0.1270911395549774}, "left_knee": {"y": 107.0, "x": 167.0, "score": 0.2176214009523392}, "left_ankle": {"y": 161.0, "x": 347.0, "score": 0.1024195104837418}, "left_mouth_corner": {"y": 188.0, "x": 446.0, "score": 0.1693471223115921}, "right_elbow": {"y": 62.0, "x": 383.0, "score": 0.2465810477733612}, "right_ear": {"y": 206.0, "x": 446.0, "score": 0.1964002549648285}, "nose": {"y": 197.0, "x": 446.0, "score": 0.2606525123119354}, "left_eye": {"y": 206.0, "x": 446.0, "score": 0.2890943884849548}, "right_eye": {"y": 197.0, "x": 446.0, "score": 0.2530935406684875}, "right_hip": {"y": 161.0, "x": 347.0, "score": 0.0938975065946579}, "left_wrist": {"y": 152.0, "x": 338.0, "score": 0.3795914351940155}, "left_ear": {"y": 215.0, "x": 446.0, "score": 0.2215948849916458}, "left_elbow": {"y": 143.0, "x": 338.0, "score": 0.2229350209236145}, "right_shoulder": {"y": 26.0, "x": 14.0, "score": 0.140548512339592}, "right_ankle": {"y": 197.0, "x": 428.0, "score": 0.1477194279432297}, "right_knee": {"y": 98.0, "x": 167.0, "score": 0.2028785347938538}, "right_wrist": {"y": 44.0, "x": 401.0, "score": 0.2444848269224167}}, "location": {"height": 269.0, "width": 478.5717163085938, "top": 0.0, "score": 0.0108896316960454, "left": 0.4282684326171875}}], "log_id": 7248818173382901953}