{"person_num": 3, "person_info": [{"body_parts": {"left_hip": {"y": 64.1875, "x": 365.5625, "score": 0.3032114803791046}, "top_head": {"y": 64.1875, "x": 455.25, "score": 0.6586304306983948}, "right_mouth_corner": {"y": 74.4375, "x": 434.75, "score": 0.2649150192737579}, "neck": {"y": 66.75, "x": 427.0625, "score": 0.668792724609375}, "left_shoulder": {"y": 51.375, "x": 432.1875, "score": 0.5578932166099548}, "left_knee": {"y": 33.4375, "x": 411.6875, "score": 0.1895299255847931}, "left_ankle": {"y": 84.6875, "x": 357.875, "score": 0.2274244874715805}, "left_mouth_corner": {"y": 77.0, "x": 434.75, "score": 0.2690232694149017}, "right_elbow": {"y": 94.9375, "x": 391.1875, "score": 0.7336854934692383}, "right_ear": {"y": 77.0, "x": 437.3125, "score": 0.6070531606674194}, "nose": {"y": 79.5625, "x": 439.875, "score": 0.5867806077003479}, "left_eye": {"y": 77.0, "x": 442.4375, "score": 0.6075249314308167}, "right_eye": {"y": 77.0, "x": 442.4375, "score": 0.6924178004264832}, "right_hip": {"y": 77.0, "x": 370.6875, "score": 0.270654171705246}, "left_wrist": {"y": 64.1875, "x": 480, "score": 0.1859331429004669}, "left_ear": {"y": 56.5, "x": 437.3125, "score": 0.4315107762813568}, "left_elbow": {"y": 59.0625, "x": 470.625, "score": 0.4928148984909058}, "right_shoulder": {"y": 71.875, "x": 414.25, "score": 0.4432156980037689}, "right_ankle": {"y": 77.0, "x": 357.875, "score": 0.247615173459053}, "right_knee": {"y": 64.1875, "x": 357.875, "score": 0.1486692130565643}, "right_wrist": {"y": 89.8125, "x": 421.9375, "score": 0.8343395590782166}}, "location": {"height": 73.21705627441406, "width": 135.0523071289062, "top": 35.81516647338867, "score": 0.08801562339067459, "left": 343.9476928710938}}, {"body_parts": {"left_hip": {"y": 158.0625, "x": 345.5625, "score": 0.3896079957485199}, "top_head": {"y": 201.375, "x": 461.0625, "score": 0.7444525361061096}, "right_mouth_corner": {"y": 177.3125, "x": 427.375, "score": 0.450548529624939}, "neck": {"y": 196.5625, "x": 412.9375, "score": 0.7779683470726013}, "left_shoulder": {"y": 201.375, "x": 398.5, "score": 0.543820858001709}, "left_knee": {"y": 148.4375, "x": 326.3125, "score": 0.2508564889431}, "left_ankle": {"y": 42.5625, "x": 388.875, "score": 0.1663009524345398}, "left_mouth_corner": {"y": 177.3125, "x": 422.5625, "score": 0.4980751574039459}, "right_elbow": {"y": 162.875, "x": 398.5, "score": 0.2176501899957657}, "right_ear": {"y": 191.75, "x": 432.1875, "score": 0.5272583961486816}, "nose": {"y": 177.3125, "x": 427.375, "score": 0.585696816444397}, "left_eye": {"y": 182.125, "x": 437.0, "score": 0.7038528919219971}, "right_eye": {"y": 182.125, "x": 437.0, "score": 0.562994658946991}, "right_hip": {"y": 153.25, "x": 369.625, "score": 0.2067959159612656}, "left_wrist": {"y": 143.625, "x": 335.9375, "score": 0.81756192445755}, "left_ear": {"y": 201.375, "x": 422.5625, "score": 0.4535644054412842}, "left_elbow": {"y": 167.6875, "x": 355.1875, "score": 0.6074385643005371}, "right_shoulder": {"y": 186.9375, "x": 422.5625, "score": 0.4203708469867706}, "right_ankle": {"y": 42.5625, "x": 388.875, "score": 0.181836411356926}, "right_knee": {"y": 76.25, "x": 360.0, "score": 0.1193521842360497}, "right_wrist": {"y": 148.4375, "x": 340.75, "score": 0.154827743768692}}, "location": {"height": 257.2373962402344, "width": 165.8205108642578, "top": 7.666366577148438, "score": 0.02773696184158325, "left": 313.1794738769531}}, {"body_parts": {"left_hip": {"y": 151.8125, "x": 363.6875, "score": 0.07810422778129578}, "top_head": {"y": 27.125, "x": 399.3125, "score": 0.2090155631303787}, "right_mouth_corner": {"y": 53.84375, "x": 345.875, "score": 0.04583314433693886}, "neck": {"y": 44.9375, "x": 381.5, "score": 0.2754017412662506}, "left_shoulder": {"y": 53.84375, "x": 381.5, "score": 0.2554656863212585}, "left_knee": {"y": 107.28125, "x": 167.75, "score": 0.19606813788414}, "left_ankle": {"y": 196.34375, "x": 408.21875, "score": 0.2481943815946579}, "left_mouth_corner": {"y": 62.75, "x": 354.78125, "score": 0.07555769383907318}, "right_elbow": {"y": 62.75, "x": 390.40625, "score": 0.1791806817054749}, "right_ear": {"y": 62.75, "x": 399.3125, "score": 0.09980188310146332}, "nose": {"y": 9.3125, "x": 0, "score": 0.116549625992775}, "left_eye": {"y": 0.40625, "x": 0, "score": 0.0870683491230011}, "right_eye": {"y": 9.3125, "x": 0, "score": 0.1326064616441727}, "right_hip": {"y": 116.1875, "x": 149.9375, "score": 0.05271320417523384}, "left_wrist": {"y": 142.90625, "x": 336.96875, "score": 0.245074450969696}, "left_ear": {"y": 36.03125, "x": 372.59375, "score": 0.1709078103303909}, "left_elbow": {"y": 71.65625, "x": 363.6875, "score": 0.1629730463027954}, "right_shoulder": {"y": 44.9375, "x": 381.5, "score": 0.2068382501602173}, "right_ankle": {"y": 196.34375, "x": 426.03125, "score": 0.3268529772758484}, "right_knee": {"y": 98.375, "x": 167.75, "score": 0.1437489092350006}, "right_wrist": {"y": 53.84375, "x": 390.40625, "score": 0.1401473879814148}}, "location": {"height": 269.0, "width": 474.9872436523438, "top": 0.0, "score": 0.01666933298110962, "left": 4.01275634765625}}], "log_id": 173889524348927073}