{"person_num": 4, "person_info": [{"body_parts": {"left_hip": {"y": 61.625, "x": 365.5625, "score": 0.2875022888183594}, "top_head": {"y": 64.1875, "x": 457.8125, "score": 0.6424601674079895}, "right_mouth_corner": {"y": 79.5625, "x": 439.875, "score": 0.3195395767688751}, "neck": {"y": 69.3125, "x": 427.0625, "score": 0.6735787987709045}, "left_shoulder": {"y": 51.375, "x": 429.625, "score": 0.6604111194610596}, "left_knee": {"y": 30.875, "x": 411.6875, "score": 0.2812550365924835}, "left_ankle": {"y": 79.5625, "x": 357.875, "score": 0.06552896648645401}, "left_mouth_corner": {"y": 79.5625, "x": 439.875, "score": 0.392347127199173}, "right_elbow": {"y": 97.5, "x": 391.1875, "score": 0.7201120853424072}, "right_ear": {"y": 77.0, "x": 437.3125, "score": 0.5557454824447632}, "nose": {"y": 79.5625, "x": 442.4375, "score": 0.6611201763153076}, "left_eye": {"y": 77.0, "x": 442.4375, "score": 0.649044394493103}, "right_eye": {"y": 77.0, "x": 442.4375, "score": 0.709824800491333}, "right_hip": {"y": 82.125, "x": 370.6875, "score": 0.3398818373680115}, "left_wrist": {"y": 61.625, "x": 480, "score": 0.1525435894727707}, "left_ear": {"y": 56.5, "x": 437.3125, "score": 0.4379768371582031}, "left_elbow": {"y": 46.25, "x": 450.125, "score": 0.4653626084327698}, "right_shoulder": {"y": 79.5625, "x": 409.125, "score": 0.3703904449939728}, "right_ankle": {"y": 82.125, "x": 357.875, "score": 0.2539359629154205}, "right_knee": {"y": 87.25, "x": 396.3125, "score": 0.1061319634318352}, "right_wrist": {"y": 89.8125, "x": 421.9375, "score": 0.8186397552490234}}, "location": {"height": 69.96141052246094, "width": 135.3672485351562, "top": 37.31442260742188, "score": 0.1141767799854279, "left": 343.6327514648438}}, {"body_parts": {"left_hip": {"y": 158.6875, "x": 353.0625, "score": 0.3088116645812988}, "top_head": {"y": 208.0625, "x": 441.9375, "score": 0.6740778684616089}, "right_mouth_corner": {"y": 183.375, "x": 402.4375, "score": 0.331350177526474}, "neck": {"y": 193.25, "x": 407.375, "score": 0.7018858194351196}, "left_shoulder": {"y": 188.3125, "x": 377.75, "score": 0.4705599844455719}, "left_knee": {"y": 74.75, "x": 367.875, "score": 0.2388075739145279}, "left_ankle": {"y": 45.125, "x": 387.625, "score": 0.1848901957273483}, "left_mouth_corner": {"y": 173.5, "x": 412.3125, "score": 0.3806244134902954}, "right_elbow": {"y": 143.875, "x": 417.25, "score": 0.6383259892463684}, "right_ear": {"y": 193.25, "x": 427.125, "score": 0.5037894248962402}, "nose": {"y": 173.5, "x": 427.125, "score": 0.4090892970561981}, "left_eye": {"y": 188.3125, "x": 432.0625, "score": 0.3259477317333221}, "right_eye": {"y": 183.375, "x": 427.125, "score": 0.3394502103328705}, "right_hip": {"y": 143.875, "x": 377.75, "score": 0.201606884598732}, "left_wrist": {"y": 134.0, "x": 362.9375, "score": 0.380787581205368}, "left_ear": {"y": 203.125, "x": 412.3125, "score": 0.4879675507545471}, "left_elbow": {"y": 153.75, "x": 348.125, "score": 0.5183745622634888}, "right_shoulder": {"y": 178.4375, "x": 422.1875, "score": 0.5045838952064514}, "right_ankle": {"y": 40.1875, "x": 392.5625, "score": 0.2585628032684326}, "right_knee": {"y": 74.75, "x": 358.0, "score": 0.2920481860637665}, "right_wrist": {"y": 138.9375, "x": 382.6875, "score": 0.7847438454627991}}, "location": {"height": 262.51513671875, "width": 166.2861785888672, "top": 4.555374145507812, "score": 0.05033306032419205, "left": 312.7138061523438}}, {"body_parts": {"left_hip": {"y": 125.15625, "x": 194.78125, "score": 0.04933155328035355}, "top_head": {"y": 213.59375, "x": 442.40625, "score": 0.4470946788787842}, "right_mouth_corner": {"y": 169.375, "x": 424.71875, "score": 0.09820514172315598}, "neck": {"y": 187.0625, "x": 398.1875, "score": 0.1994708776473999}, "left_shoulder": {"y": 195.90625, "x": 380.5, "score": 0.290192574262619}, "left_knee": {"y": 98.625, "x": 177.09375, "score": 0.08638888597488403}, "left_ankle": {"y": 195.90625, "x": 389.34375, "score": 0.1343588083982468}, "left_mouth_corner": {"y": 169.375, "x": 407.03125, "score": 0.1017500981688499}, "right_elbow": {"y": 142.84375, "x": 362.8125, "score": 0.08546356111764908}, "right_ear": {"y": 213.59375, "x": 442.40625, "score": 0.1670548021793365}, "nose": {"y": 169.375, "x": 424.71875, "score": 0.2386004477739334}, "left_eye": {"y": 178.21875, "x": 424.71875, "score": 0.2186281085014343}, "right_eye": {"y": 169.375, "x": 424.71875, "score": 0.2323923856019974}, "right_hip": {"y": 142.84375, "x": 194.78125, "score": 0.06002561748027802}, "left_wrist": {"y": 142.84375, "x": 345.125, "score": 0.09782174229621887}, "left_ear": {"y": 187.0625, "x": 424.71875, "score": 0.1596671938896179}, "left_elbow": {"y": 142.84375, "x": 336.28125, "score": 0.4355668425559998}, "right_shoulder": {"y": 169.375, "x": 389.34375, "score": 0.1777803897857666}, "right_ankle": {"y": 54.40625, "x": 407.03125, "score": 0.137261301279068}, "right_knee": {"y": 98.625, "x": 168.25, "score": 0.06252238154411316}, "right_wrist": {"y": 72.09375, "x": 424.71875, "score": 0.07930358499288559}}, "location": {"height": 269.0, "width": 470.269775390625, "top": 0.0, "score": 0.01924508810043335, "left": 8.730224609375}}, {"body_parts": {"left_hip": {"y": 150.5, "x": 342.1875, "score": 0.4541687965393066}, "top_head": {"y": 208.6875, "x": 449.375, "score": 0.5089831352233887}, "right_mouth_corner": {"y": 178.0625, "x": 424.875, "score": 0.428418755531311}, "neck": {"y": 196.4375, "x": 403.4375, "score": 0.5868316292762756}, "left_shoulder": {"y": 162.75, "x": 391.1875, "score": 0.4045305848121643}, "left_knee": {"y": 83.125, "x": 366.6875, "score": 0.3177808523178101}, "left_ankle": {"y": 144.375, "x": 320.75, "score": 0.777906596660614}, "left_mouth_corner": {"y": 178.0625, "x": 415.6875, "score": 0.4566868543624878}, "right_elbow": {"y": 211.75, "x": 406.5, "score": 0.07197637110948563}, "right_ear": {"y": 211.75, "x": 415.6875, "score": 0.5182302594184875}, "nose": {"y": 178.0625, "x": 424.875, "score": 0.5016061663627625}, "left_eye": {"y": 184.1875, "x": 424.875, "score": 0.5206074118614197}, "right_eye": {"y": 181.125, "x": 431.0, "score": 0.4058113396167755}, "right_hip": {"y": 159.6875, "x": 366.6875, "score": 0.1741629093885422}, "left_wrist": {"y": 138.25, "x": 391.1875, "score": 0.7862852215766907}, "left_ear": {"y": 190.3125, "x": 421.8125, "score": 0.209279328584671}, "left_elbow": {"y": 138.25, "x": 360.5625, "score": 0.7173047065734863}, "right_shoulder": {"y": 214.8125, "x": 403.4375, "score": 0.3775618374347687}, "right_ankle": {"y": 147.4375, "x": 329.9375, "score": 0.06345587223768234}, "right_knee": {"y": 138.25, "x": 360.5625, "score": 0.125482514500618}, "right_wrist": {"y": 205.625, "x": 421.8125, "score": 0.04212719574570656}}, "location": {"height": 114.602180480957, "width": 163.123291015625, "top": 123.1204833984375, "score": 0.005348796490579844, "left": 303.4410705566406}}], "log_id": 4724847516754896961}