{"person_num": 3, "person_info": [{"body_parts": {"left_hip": {"y": 67.0, "x": 357.4375, "score": 0.5832017064094543}, "top_head": {"y": 39.15625, "x": 463.75, "score": 0.6680917143821716}, "right_mouth_corner": {"y": 36.625, "x": 435.90625, "score": 0.2118651568889618}, "neck": {"y": 56.875, "x": 428.3125, "score": 0.8304290771484375}, "left_shoulder": {"y": 41.6875, "x": 408.0625, "score": 0.7544141411781311}, "left_knee": {"y": 46.75, "x": 382.75, "score": 0.2034376561641693}, "left_ankle": {"y": 64.46875, "x": 359.96875, "score": 0.1435028463602066}, "left_mouth_corner": {"y": 36.625, "x": 433.375, "score": 0.2431269884109497}, "right_elbow": {"y": 97.375, "x": 392.875, "score": 0.7637659311294556}, "right_ear": {"y": 64.46875, "x": 451.09375, "score": 0.5827275514602661}, "nose": {"y": 36.625, "x": 440.96875, "score": 0.5504488945007324}, "left_eye": {"y": 36.625, "x": 443.5, "score": 0.5696250200271606}, "right_eye": {"y": 36.625, "x": 443.5, "score": 0.3989911079406738}, "right_hip": {"y": 89.78125, "x": 362.5, "score": 0.4796952307224274}, "left_wrist": {"y": 18.90625, "x": 397.9375, "score": 0.8438955545425415}, "left_ear": {"y": 41.6875, "x": 438.4375, "score": 0.8508601188659668}, "left_elbow": {"y": 34.09375, "x": 377.6875, "score": 0.7487019300460815}, "right_shoulder": {"y": 79.65625, "x": 418.1875, "score": 0.7266109585762024}, "right_ankle": {"y": 87.25, "x": 357.4375, "score": 0.2720949053764343}, "right_knee": {"y": 97.375, "x": 395.40625, "score": 0.2194765359163284}, "right_wrist": {"y": 89.78125, "x": 423.25, "score": 0.8300266861915588}}, "location": {"height": 96.56008911132812, "width": 134.1187133789062, "top": 6.510692596435547, "score": 0.2571148574352264, "left": 341.7744750976562}}, {"body_parts": {"left_hip": {"y": 142.96875, "x": 337.65625, "score": 0.1113034710288048}, "top_head": {"y": 35.34375, "x": 391.46875, "score": 0.2342068701982498}, "right_mouth_corner": {"y": 53.28125, "x": 364.5625, "score": 0.09924858063459396}, "neck": {"y": 53.28125, "x": 391.46875, "score": 0.377107173204422}, "left_shoulder": {"y": 62.25, "x": 400.4375, "score": 0.3021328449249268}, "left_knee": {"y": 151.9375, "x": 346.625, "score": 0.2550496459007263}, "left_ankle": {"y": 196.78125, "x": 409.40625, "score": 0.4530509412288666}, "left_mouth_corner": {"y": 44.3125, "x": 373.53125, "score": 0.1256231665611267}, "right_elbow": {"y": 62.25, "x": 400.4375, "score": 0.1623513400554657}, "right_ear": {"y": 71.21875, "x": 418.375, "score": 0.1834324896335602}, "nose": {"y": 26.375, "x": 472.1875, "score": 0.1193026527762413}, "left_eye": {"y": 26.375, "x": 463.21875, "score": 0.1131172329187393}, "right_eye": {"y": 26.375, "x": 463.21875, "score": 0.1285760402679443}, "right_hip": {"y": 142.96875, "x": 328.6875, "score": 0.06924916803836823}, "left_wrist": {"y": 44.3125, "x": 373.53125, "score": 0.143345519900322}, "left_ear": {"y": 44.3125, "x": 391.46875, "score": 0.2063862383365631}, "left_elbow": {"y": 44.3125, "x": 355.59375, "score": 0.1287394016981125}, "right_shoulder": {"y": 53.28125, "x": 391.46875, "score": 0.3015946447849274}, "right_ankle": {"y": 196.78125, "x": 409.40625, "score": 0.4923780560493469}, "right_knee": {"y": 151.9375, "x": 346.625, "score": 0.2547101080417633}, "right_wrist": {"y": 44.3125, "x": 382.5, "score": 0.1504586338996887}}, "location": {"height": 269.0, "width": 477.5967712402344, "top": 0.0, "score": 0.03170402348041534, "left": 1.403228759765625}}, {"body_parts": {"left_hip": {"y": 163.625, "x": 343.1875, "score": 0.1151267662644386}, "top_head": {"y": 208.0625, "x": 466.625, "score": 0.6058034896850586}, "right_mouth_corner": {"y": 178.4375, "x": 422.1875, "score": 0.3452537655830383}, "neck": {"y": 198.1875, "x": 412.3125, "score": 0.7285209894180298}, "left_shoulder": {"y": 203.125, "x": 397.5, "score": 0.5721919536590576}, "left_knee": {"y": 138.9375, "x": 328.375, "score": 0.07591959089040756}, "left_ankle": {"y": 59.9375, "x": 432.0625, "score": 0.2990945875644684}, "left_mouth_corner": {"y": 178.4375, "x": 422.1875, "score": 0.4350135624408722}, "right_elbow": {"y": 158.6875, "x": 372.8125, "score": 0.1423384845256805}, "right_ear": {"y": 193.25, "x": 437.0, "score": 0.3236905336380005}, "nose": {"y": 178.4375, "x": 427.125, "score": 0.3567861914634705}, "left_eye": {"y": 188.3125, "x": 441.9375, "score": 0.4702613949775696}, "right_eye": {"y": 188.3125, "x": 437.0, "score": 0.3049643039703369}, "right_hip": {"y": 89.5625, "x": 367.875, "score": 0.1209145486354828}, "left_wrist": {"y": 138.9375, "x": 377.75, "score": 0.5767804980278015}, "left_ear": {"y": 203.125, "x": 427.125, "score": 0.3710511326789856}, "left_elbow": {"y": 163.625, "x": 348.125, "score": 0.4736433029174805}, "right_shoulder": {"y": 203.125, "x": 407.375, "score": 0.348992258310318}, "right_ankle": {"y": 59.9375, "x": 427.125, "score": 0.2556668519973755}, "right_knee": {"y": 89.5625, "x": 367.875, "score": 0.1039210706949234}, "right_wrist": {"y": 138.9375, "x": 382.6875, "score": 0.2790112197399139}}, "location": {"height": 263.1526489257812, "width": 167.940673828125, "top": 4.499847412109375, "score": 0.02729207836091518, "left": 311.059326171875}}], "log_id": 6149328021696281185}