{"person_num": 2, "person_info": [{"body_parts": {"left_hip": {"y": 42.5625, "x": 300.6875, "score": 0.2672421038150787}, "top_head": {"y": 1.4375, "x": 385.875, "score": 0.4372600615024567}, "right_mouth_corner": {"y": 22.0, "x": 374.125, "score": 0.1480025351047516}, "neck": {"y": 13.1875, "x": 341.8125, "score": 0.6940175890922546}, "left_shoulder": {"y": 1.4375, "x": 327.125, "score": 0.5923135280609131}, "left_knee": {"y": 66.0625, "x": 306.5625, "score": 0.3771352469921112}, "left_ankle": {"y": 71.9375, "x": 274.25, "score": 0.200209453701973}, "left_mouth_corner": {"y": 19.0625, "x": 374.125, "score": 0.1681486219167709}, "right_elbow": {"y": 80.75, "x": 321.25, "score": 0.8122824430465698}, "right_ear": {"y": 19.0625, "x": 371.1875, "score": 0.7072721123695374}, "nose": {"y": 22.0, "x": 374.125, "score": 0.3527046740055084}, "left_eye": {"y": 13.1875, "x": 380.0, "score": 0.3561252355575562}, "right_eye": {"y": 16.125, "x": 377.0625, "score": 0.4734466075897217}, "right_hip": {"y": 69.0, "x": 300.6875, "score": 0.1758413016796112}, "left_wrist": {"y": 30.8125, "x": 318.3125, "score": 0.05601466819643974}, "left_ear": {"y": 0, "x": 350.625, "score": 0.4711209535598755}, "left_elbow": {"y": 4.375, "x": 315.375, "score": 0.1177244856953621}, "right_shoulder": {"y": 48.4375, "x": 330.0625, "score": 0.6490836143493652}, "right_ankle": {"y": 74.875, "x": 271.3125, "score": 0.5955810546875}, "right_knee": {"y": 71.9375, "x": 297.75, "score": 0.287128746509552}, "right_wrist": {"y": 77.8125, "x": 344.75, "score": 0.8447782397270203}}, "location": {"height": 86.3065414428711, "width": 157.6163330078125, "top": 1.162296295166016, "score": 0.5856652855873108, "left": 255.2814331054688}}, {"body_parts": {"left_hip": {"y": 125.40625, "x": 393.6875, "score": 0.1215314269065857}, "top_head": {"y": 0, "x": 359.3125, "score": 0.2285330891609192}, "right_mouth_corner": {"y": 30.875, "x": 342.125, "score": 0.1804995089769363}, "neck": {"y": 5.09375, "x": 342.125, "score": 0.252748429775238}, "left_shoulder": {"y": 13.6875, "x": 316.34375, "score": 0.1646492779254913}, "left_knee": {"y": 99.625, "x": 324.9375, "score": 0.07213139533996582}, "left_ankle": {"y": 237.125, "x": 367.90625, "score": 0.05356106534600258}, "left_mouth_corner": {"y": 30.875, "x": 350.71875, "score": 0.158656433224678}, "right_elbow": {"y": 22.28125, "x": 350.71875, "score": 0.119281142950058}, "right_ear": {"y": 5.09375, "x": 342.125, "score": 0.3142592310905457}, "nose": {"y": 22.28125, "x": 350.71875, "score": 0.2489636540412903}, "left_eye": {"y": 22.28125, "x": 350.71875, "score": 0.2898869812488556}, "right_eye": {"y": 22.28125, "x": 350.71875, "score": 0.2774743139743805}, "right_hip": {"y": 73.84375, "x": 316.34375, "score": 0.1007150486111641}, "left_wrist": {"y": 48.0625, "x": 316.34375, "score": 0.2796707451343536}, "left_ear": {"y": 13.6875, "x": 359.3125, "score": 0.2349954843521118}, "left_elbow": {"y": 22.28125, "x": 333.53125, "score": 0.234626293182373}, "right_shoulder": {"y": 13.6875, "x": 324.9375, "score": 0.2158703207969666}, "right_ankle": {"y": 245.71875, "x": 367.90625, "score": 0.06072720885276794}, "right_knee": {"y": 99.625, "x": 316.34375, "score": 0.07186578214168549}, "right_wrist": {"y": 56.65625, "x": 316.34375, "score": 0.2107101529836655}}, "location": {"height": 269.0, "width": 457.4453125, "top": 0.0, "score": 0.0116647882387042, "left": 17.80523681640625}}], "log_id": 5236042662700177057}