{"person_num": 3, "person_info": [{"body_parts": {"left_hip": {"y": 61.75, "x": 365.5625, "score": 0.3990439474582672}, "top_head": {"y": 69.4375, "x": 457.8125, "score": 0.5558524131774902}, "right_mouth_corner": {"y": 64.3125, "x": 432.1875, "score": 0.06390270590782166}, "neck": {"y": 72.0, "x": 421.9375, "score": 0.8307815194129944}, "left_shoulder": {"y": 51.5, "x": 419.375, "score": 0.7555081248283386}, "left_knee": {"y": 33.5625, "x": 406.5625, "score": 0.6957491040229797}, "left_ankle": {"y": 46.375, "x": 373.25, "score": 0.2039242088794708}, "left_mouth_corner": {"y": 59.1875, "x": 434.75, "score": 0.1895866394042969}, "right_elbow": {"y": 97.625, "x": 393.75, "score": 0.5097065567970276}, "right_ear": {"y": 82.25, "x": 437.3125, "score": 0.6271682977676392}, "nose": {"y": 84.8125, "x": 439.875, "score": 0.2069405168294907}, "left_eye": {"y": 64.3125, "x": 445.0, "score": 0.203521266579628}, "right_eye": {"y": 82.25, "x": 442.4375, "score": 0.2948920726776123}, "right_hip": {"y": 74.5625, "x": 357.875, "score": 0.3010937571525574}, "left_wrist": {"y": 59.1875, "x": 470.625, "score": 0.8022054433822632}, "left_ear": {"y": 61.75, "x": 437.3125, "score": 0.4045076370239258}, "left_elbow": {"y": 38.6875, "x": 445.0, "score": 0.8639661073684692}, "right_shoulder": {"y": 84.8125, "x": 416.8125, "score": 0.4617196321487427}, "right_ankle": {"y": 72.0, "x": 373.25, "score": 0.04677994549274445}, "right_knee": {"y": 92.5, "x": 393.75, "score": 0.198916107416153}, "right_wrist": {"y": 89.9375, "x": 424.5, "score": 0.81171715259552}}, "location": {"height": 88.50122833251953, "width": 135.5249176025391, "top": 18.73879241943359, "score": 0.4036699533462524, "left": 343.4750671386719}}, {"body_parts": {"left_hip": {"y": 142.75, "x": 322.75, "score": 0.3554677665233612}, "top_head": {"y": 128.5, "x": 405.875, "score": 0.4936277270317078}, "right_mouth_corner": {"y": 119.0, "x": 372.625, "score": 0.1749358922243118}, "neck": {"y": 145.125, "x": 365.5, "score": 0.5191650986671448}, "left_shoulder": {"y": 126.125, "x": 348.875, "score": 0.3021309673786163}, "left_knee": {"y": 133.25, "x": 310.875, "score": 0.2242999374866486}, "left_ankle": {"y": 114.25, "x": 325.125, "score": 0.1019512414932251}, "left_mouth_corner": {"y": 119.0, "x": 372.625, "score": 0.2762582302093506}, "right_elbow": {"y": 157.0, "x": 398.75, "score": 0.3103015720844269}, "right_ear": {"y": 149.875, "x": 391.625, "score": 0.3999972641468048}, "nose": {"y": 121.375, "x": 375.0, "score": 0.4380956888198853}, "left_eye": {"y": 121.375, "x": 377.375, "score": 0.4199149012565613}, "right_eye": {"y": 123.75, "x": 386.875, "score": 0.4772882759571075}, "right_hip": {"y": 128.5, "x": 339.375, "score": 0.1893856227397919}, "left_wrist": {"y": 128.5, "x": 308.5, "score": 0.745023250579834}, "left_ear": {"y": 126.125, "x": 372.625, "score": 0.4833438992500305}, "left_elbow": {"y": 142.75, "x": 313.25, "score": 0.4621575176715851}, "right_shoulder": {"y": 159.375, "x": 396.375, "score": 0.3842274248600006}, "right_ankle": {"y": 111.875, "x": 327.5, "score": 0.698767900466919}, "right_knee": {"y": 123.75, "x": 353.625, "score": 0.2673591673374176}, "right_wrist": {"y": 147.5, "x": 398.75, "score": 0.1463355422019958}}, "location": {"height": 73.89146423339844, "width": 125.7168655395508, "top": 101.9048309326172, "score": 0.04922898858785629, "left": 293.5166625976562}}, {"body_parts": {"left_hip": {"y": 125.71875, "x": 321.8125, "score": 0.1208693981170654}, "top_head": {"y": 26.34375, "x": 379.78125, "score": 0.3756201267242432}, "right_mouth_corner": {"y": 84.3125, "x": 421.1875, "score": 0.231195941567421}, "neck": {"y": 67.75, "x": 379.78125, "score": 0.3477447330951691}, "left_shoulder": {"y": 67.75, "x": 379.78125, "score": 0.2329084873199463}, "left_knee": {"y": 117.4375, "x": 172.75, "score": 0.2316016852855682}, "left_ankle": {"y": 150.5625, "x": 363.21875, "score": 0.07723827660083771}, "left_mouth_corner": {"y": 92.59375, "x": 429.46875, "score": 0.2982941269874573}, "right_elbow": {"y": 76.03125, "x": 379.78125, "score": 0.1325228363275528}, "right_ear": {"y": 59.46875, "x": 396.34375, "score": 0.2235578298568726}, "nose": {"y": 76.03125, "x": 421.1875, "score": 0.3111452460289001}, "left_eye": {"y": 76.03125, "x": 429.46875, "score": 0.2527989745140076}, "right_eye": {"y": 76.03125, "x": 421.1875, "score": 0.2691967189311981}, "right_hip": {"y": 142.28125, "x": 321.8125, "score": 0.08590324968099594}, "left_wrist": {"y": 67.75, "x": 412.90625, "score": 0.0858202800154686}, "left_ear": {"y": 51.1875, "x": 371.5, "score": 0.2154758870601654}, "left_elbow": {"y": 125.71875, "x": 321.8125, "score": 0.1353625059127808}, "right_shoulder": {"y": 67.75, "x": 379.78125, "score": 0.240739643573761}, "right_ankle": {"y": 158.84375, "x": 363.21875, "score": 0.1091495305299759}, "right_knee": {"y": 117.4375, "x": 172.75, "score": 0.1816550642251968}, "right_wrist": {"y": 84.3125, "x": 412.90625, "score": 0.09243234992027283}}, "location": {"height": 268.6621398925781, "width": 440.4678649902344, "top": 0.337860107421875, "score": 0.00995598640292883, "left": 1.64166259765625}}], "log_id": 2692404823557512225}