{"person_num": 4, "person_info": [{"body_parts": {"left_hip": {"y": 42.375, "x": 327.5625, "score": 0.3461584746837616}, "top_head": {"y": 65.4375, "x": 445.4375, "score": 0.158405140042305}, "right_mouth_corner": {"y": 11.62499618530273, "x": 376.25, "score": 0.09628188610076904}, "neck": {"y": 9.062496185302734, "x": 381.375, "score": 0.5480735898017883}, "left_shoulder": {"y": 21.875, "x": 407.0, "score": 0.3550042510032654}, "left_knee": {"y": 34.6875, "x": 314.75, "score": 0.619852602481842}, "left_ankle": {"y": 47.5, "x": 307.0625, "score": 0.7807202339172363}, "left_mouth_corner": {"y": 3.9375, "x": 389.0625, "score": 0.05039423704147339}, "right_elbow": {"y": 27.0, "x": 314.75, "score": 0.08337797224521637}, "right_ear": {"y": 0, "x": 371.125, "score": 0.1776075065135956}, "nose": {"y": 6.499996185302734, "x": 376.25, "score": 0.1424916088581085}, "left_eye": {"y": 3.9375, "x": 391.625, "score": 0.1546489745378494}, "right_eye": {"y": 6.499996185302734, "x": 376.25, "score": 0.199368953704834}, "right_hip": {"y": 60.3125, "x": 342.9375, "score": 0.5742633938789368}, "left_wrist": {"y": 29.5625, "x": 309.625, "score": 0.1194729879498482}, "left_ear": {"y": 6.499996185302734, "x": 396.75, "score": 0.1359155923128128}, "left_elbow": {"y": 32.125, "x": 319.875, "score": 0.2779400944709778}, "right_shoulder": {"y": 9.062496185302734, "x": 350.625, "score": 0.2641686499118805}, "right_ankle": {"y": 96.1875, "x": 319.875, "score": 0.7839146852493286}, "right_knee": {"y": 75.6875, "x": 335.25, "score": 0.7391694784164429}, "right_wrist": {"y": 91.0625, "x": 422.375, "score": 0.3540683388710022}}, "location": {"height": 107.6415252685547, "width": 136.2941284179688, "top": 1.051803588867188, "score": 0.4854058921337128, "left": 298.2050170898438}}, {"body_parts": {"left_hip": {"y": 81.0625, "x": 364.5, "score": 0.3168137967586517}, "top_head": {"y": 68.40625, "x": 460.6875, "score": 0.6352726817131042}, "right_mouth_corner": {"y": 70.9375, "x": 437.90625, "score": 0.07119955122470856}, "neck": {"y": 73.46875, "x": 422.71875, "score": 0.7061657905578613}, "left_shoulder": {"y": 55.75, "x": 422.71875, "score": 0.5715638995170593}, "left_knee": {"y": 81.0625, "x": 359.4375, "score": 0.1075311228632927}, "left_ankle": {"y": 83.59375, "x": 359.4375, "score": 0.09202156960964203}, "left_mouth_corner": {"y": 63.34375, "x": 432.84375, "score": 0.139864906668663}, "right_elbow": {"y": 98.78125, "x": 394.875, "score": 0.295964777469635}, "right_ear": {"y": 83.59375, "x": 442.96875, "score": 0.5855920910835266}, "nose": {"y": 58.28125, "x": 442.96875, "score": 0.2344528585672379}, "left_eye": {"y": 63.34375, "x": 442.96875, "score": 0.3399753570556641}, "right_eye": {"y": 83.59375, "x": 448.03125, "score": 0.3386308252811432}, "right_hip": {"y": 70.9375, "x": 364.5, "score": 0.3197482526302338}, "left_wrist": {"y": 55.75, "x": 480, "score": 0.480884462594986}, "left_ear": {"y": 60.8125, "x": 437.90625, "score": 0.4311627149581909}, "left_elbow": {"y": 43.09375, "x": 453.09375, "score": 0.7094786167144775}, "right_shoulder": {"y": 83.59375, "x": 415.125, "score": 0.3458542823791504}, "right_ankle": {"y": 83.59375, "x": 354.375, "score": 0.06508293747901917}, "right_knee": {"y": 70.9375, "x": 356.90625, "score": 0.1587094664573669}, "right_wrist": {"y": 91.1875, "x": 422.71875, "score": 0.7118933796882629}}, "location": {"height": 77.11012268066406, "width": 133.7190399169922, "top": 33.41807556152344, "score": 0.03818536922335625, "left": 345.2809448242188}}, {"body_parts": {"left_hip": {"y": 64.0, "x": 364.0, "score": 0.06449001282453537}, "top_head": {"y": 69.0, "x": 444.0, "score": 0.3848711550235748}, "right_mouth_corner": {"y": 89.0, "x": 414.0, "score": 0.4469490647315979}, "neck": {"y": 69.0, "x": 414.0, "score": 0.3920957148075104}, "left_shoulder": {"y": 74.0, "x": 404.0, "score": 0.3232693076133728}, "left_knee": {"y": 169.0, "x": 349.0, "score": 0.0722183957695961}, "left_ankle": {"y": 234.0, "x": 379.0, "score": 0.06790445744991302}, "left_mouth_corner": {"y": 89.0, "x": 414.0, "score": 0.4223447442054749}, "right_elbow": {"y": 64.0, "x": 354.0, "score": 0.05600026994943619}, "right_ear": {"y": 64.0, "x": 419.0, "score": 0.2994377613067627}, "nose": {"y": 89.0, "x": 424.0, "score": 0.5097912549972534}, "left_eye": {"y": 84.0, "x": 429.0, "score": 0.5097450017929077}, "right_eye": {"y": 84.0, "x": 424.0, "score": 0.5863060355186462}, "right_hip": {"y": 64.0, "x": 354.0, "score": 0.06711743026971817}, "left_wrist": {"y": 44.0, "x": 454.0, "score": 0.2819356918334961}, "left_ear": {"y": 69.0, "x": 424.0, "score": 0.2166711390018463}, "left_elbow": {"y": 49.0, "x": 419.0, "score": 0.2788355946540833}, "right_shoulder": {"y": 64.0, "x": 409.0, "score": 0.2220294773578644}, "right_ankle": {"y": 74.0, "x": 324.0, "score": 0.1775044947862625}, "right_knee": {"y": 64.0, "x": 329.0, "score": 0.1282863914966583}, "right_wrist": {"y": 64.0, "x": 364.0, "score": 0.1280695199966431}}, "location": {"height": 266.8526611328125, "width": 136.8111724853516, "top": 1.702239990234375, "score": 0.009890159592032433, "left": 342.1888122558594}}, {"body_parts": {"left_hip": {"y": 142.84375, "x": 442.40625, "score": 0.1895620077848434}, "top_head": {"y": 1.34375, "x": 407.03125, "score": 0.3080244958400726}, "right_mouth_corner": {"y": 19.03125, "x": 380.5, "score": 0.2517613768577576}, "neck": {"y": 10.1875, "x": 398.1875, "score": 0.3862263262271881}, "left_shoulder": {"y": 19.03125, "x": 407.03125, "score": 0.3560128808021545}, "left_knee": {"y": 98.625, "x": 150.5625, "score": 0.07713503390550613}, "left_ankle": {"y": 248.96875, "x": 398.1875, "score": 0.1493429839611053}, "left_mouth_corner": {"y": 19.03125, "x": 389.34375, "score": 0.2442708611488342}, "right_elbow": {"y": 63.25, "x": 433.5625, "score": 0.142462745308876}, "right_ear": {"y": 36.71875, "x": 424.71875, "score": 0.2187378257513046}, "nose": {"y": 1.34375, "x": 380.5, "score": 0.2740356028079987}, "left_eye": {"y": 1.34375, "x": 389.34375, "score": 0.1770685613155365}, "right_eye": {"y": 1.34375, "x": 380.5, "score": 0.2436647713184357}, "right_hip": {"y": 151.6875, "x": 451.25, "score": 0.1640177965164185}, "left_wrist": {"y": 10.1875, "x": 389.34375, "score": 0.3803467750549316}, "left_ear": {"y": 19.03125, "x": 407.03125, "score": 0.2636663913726807}, "left_elbow": {"y": 36.71875, "x": 336.28125, "score": 0.3849544525146484}, "right_shoulder": {"y": 27.875, "x": 415.875, "score": 0.2600439488887787}, "right_ankle": {"y": 248.96875, "x": 398.1875, "score": 0.1478464305400848}, "right_knee": {"y": 195.90625, "x": 380.5, "score": 0.06657914817333221}, "right_wrist": {"y": 10.1875, "x": 389.34375, "score": 0.19474957883358}}, "location": {"height": 269.0, "width": 471.7197875976562, "top": 0.0, "score": 0.009334186092019081, "left": 7.280197143554688}}], "log_id": 7846179723331346465}