{"person_num": 2, "person_info": [{"body_parts": {"left_hip": {"y": 73.6875, "x": 359.125, "score": 0.5473164916038513}, "top_head": {"y": 33.84375, "x": 457.5625, "score": 0.6939372420310974}, "right_mouth_corner": {"y": 33.84375, "x": 427.09375, "score": 0.1062984839081764}, "neck": {"y": 57.28125, "x": 429.4375, "score": 0.7974236011505127}, "left_shoulder": {"y": 45.5625, "x": 406.0, "score": 0.7497833371162415}, "left_knee": {"y": 50.25, "x": 384.90625, "score": 0.1695681661367416}, "left_ankle": {"y": 78.375, "x": 349.75, "score": 0.2727608382701874}, "left_mouth_corner": {"y": 31.5, "x": 429.4375, "score": 0.2575525343418121}, "right_elbow": {"y": 99.46875, "x": 396.625, "score": 0.7770084142684937}, "right_ear": {"y": 57.28125, "x": 448.1875, "score": 0.7144641876220703}, "nose": {"y": 33.84375, "x": 431.78125, "score": 0.4666831195354462}, "left_eye": {"y": 31.5, "x": 434.125, "score": 0.4891831576824188}, "right_eye": {"y": 31.5, "x": 434.125, "score": 0.3029229044914246}, "right_hip": {"y": 94.78125, "x": 366.15625, "score": 0.6175618767738342}, "left_wrist": {"y": 31.5, "x": 391.9375, "score": 0.6176915764808655}, "left_ear": {"y": 38.53125, "x": 431.78125, "score": 0.8518213629722595}, "left_elbow": {"y": 45.5625, "x": 380.21875, "score": 0.7181733250617981}, "right_shoulder": {"y": 80.71875, "x": 422.40625, "score": 0.7414484024047852}, "right_ankle": {"y": 87.75, "x": 361.46875, "score": 0.1405219584703445}, "right_knee": {"y": 94.78125, "x": 398.96875, "score": 0.1644762456417084}, "right_wrist": {"y": 90.09375, "x": 424.75, "score": 0.7581171989440918}}, "location": {"height": 98.8847885131836, "width": 124.8770141601562, "top": 14.76599502563477, "score": 0.4202690720558167, "left": 346.0562133789062}}, {"body_parts": {"left_hip": {"y": 116.25, "x": 389.875, "score": 0.1239792183041573}, "top_head": {"y": 27.5, "x": 398.75, "score": 0.1882577389478683}, "right_mouth_corner": {"y": 54.125, "x": 443.125, "score": 0.1473202407360077}, "neck": {"y": 36.375, "x": 398.75, "score": 0.2951442897319794}, "left_shoulder": {"y": 18.625, "x": 452.0, "score": 0.2443208545446396}, "left_knee": {"y": 116.25, "x": 168.0, "score": 0.1008857637643814}, "left_ankle": {"y": 249.375, "x": 407.625, "score": 0.07116460055112839}, "left_mouth_corner": {"y": 45.25, "x": 452.0, "score": 0.1290290653705597}, "right_elbow": {"y": 80.75, "x": 389.875, "score": 0.2952433824539185}, "right_ear": {"y": 27.5, "x": 389.875, "score": 0.2527762055397034}, "nose": {"y": 45.25, "x": 452.0, "score": 0.1883814483880997}, "left_eye": {"y": 27.5, "x": 452.0, "score": 0.2334143370389938}, "right_eye": {"y": 36.375, "x": 452.0, "score": 0.1964123249053955}, "right_hip": {"y": 107.375, "x": 363.25, "score": 0.1164886057376862}, "left_wrist": {"y": 54.125, "x": 416.5, "score": 0.229914978146553}, "left_ear": {"y": 36.375, "x": 398.75, "score": 0.1913100928068161}, "left_elbow": {"y": 45.25, "x": 443.125, "score": 0.2172460854053497}, "right_shoulder": {"y": 27.5, "x": 389.875, "score": 0.2367551922798157}, "right_ankle": {"y": 249.375, "x": 398.75, "score": 0.0695129781961441}, "right_knee": {"y": 125.125, "x": 168.0, "score": 0.1039618477225304}, "right_wrist": {"y": 54.125, "x": 416.5, "score": 0.2030228823423386}}, "location": {"height": 269.0, "width": 472.7708129882812, "top": 0.0, "score": 0.01230805087834597, "left": 6.229156494140625}}], "log_id": 9070161339107111297}