{"person_num": 3, "person_info": [{"body_parts": {"left_hip": {"y": 67.53125, "x": 355.625, "score": 0.4793042242527008}, "top_head": {"y": 60.125, "x": 466.71875, "score": 0.4723977446556091}, "right_mouth_corner": {"y": 42.84375, "x": 439.5625, "score": 0.06361368298530579}, "neck": {"y": 67.53125, "x": 419.8125, "score": 0.755077600479126}, "left_shoulder": {"y": 45.3125, "x": 409.9375, "score": 0.6979334354400635}, "left_knee": {"y": 20.625, "x": 400.0625, "score": 0.1054865196347237}, "left_ankle": {"y": 35.4375, "x": 367.96875, "score": 0.05483970791101456}, "left_mouth_corner": {"y": 52.71875, "x": 442.03125, "score": 0.1507943868637085}, "right_elbow": {"y": 99.625, "x": 387.71875, "score": 0.6353811025619507}, "right_ear": {"y": 79.875, "x": 442.03125, "score": 0.5313820242881775}, "nose": {"y": 45.3125, "x": 446.96875, "score": 0.3310991525650024}, "left_eye": {"y": 50.25, "x": 444.5, "score": 0.5047354698181152}, "right_eye": {"y": 50.25, "x": 449.4375, "score": 0.2428045272827148}, "right_hip": {"y": 89.75, "x": 363.03125, "score": 0.5907397866249084}, "left_wrist": {"y": 23.09375, "x": 434.625, "score": 0.8716665506362915}, "left_ear": {"y": 52.71875, "x": 434.625, "score": 0.5393267273902893}, "left_elbow": {"y": 20.625, "x": 407.46875, "score": 0.6280125975608826}, "right_shoulder": {"y": 89.75, "x": 409.9375, "score": 0.6959282755851746}, "right_ankle": {"y": 87.28125, "x": 360.5625, "score": 0.1954589635133743}, "right_knee": {"y": 84.8125, "x": 409.9375, "score": 0.1424769461154938}, "right_wrist": {"y": 89.75, "x": 424.75, "score": 0.7667837142944336}}, "location": {"height": 108.3798828125, "width": 131.9558715820312, "top": 7.871234893798828, "score": 0.08815072476863861, "left": 344.8609008789062}}, {"body_parts": {"left_hip": {"y": 108.6875, "x": 368.0625, "score": 0.1470677107572556}, "top_head": {"y": 63.125, "x": 454.125, "score": 0.6450700163841248}, "right_mouth_corner": {"y": 73.25, "x": 428.8125, "score": 0.3321653008460999}, "neck": {"y": 68.1875, "x": 423.75, "score": 0.7683391571044922}, "left_shoulder": {"y": 47.9375, "x": 408.5625, "score": 0.6692100763320923}, "left_knee": {"y": 169.4375, "x": 347.8125, "score": 0.1647022217512131}, "left_ankle": {"y": 220.0625, "x": 327.5625, "score": 0.1285928040742874}, "left_mouth_corner": {"y": 68.1875, "x": 428.8125, "score": 0.3071636557579041}, "right_elbow": {"y": 88.4375, "x": 388.3125, "score": 0.1466653347015381}, "right_ear": {"y": 73.25, "x": 438.9375, "score": 0.6250544786453247}, "nose": {"y": 73.25, "x": 438.9375, "score": 0.3100836575031281}, "left_eye": {"y": 58.0625, "x": 444.0, "score": 0.4216104447841644}, "right_eye": {"y": 73.25, "x": 438.9375, "score": 0.4469499588012695}, "right_hip": {"y": 98.5625, "x": 368.0625, "score": 0.2249529957771301}, "left_wrist": {"y": 22.625, "x": 433.875, "score": 0.838728129863739}, "left_ear": {"y": 58.0625, "x": 433.875, "score": 0.5858592987060547}, "left_elbow": {"y": 22.625, "x": 408.5625, "score": 0.7915937900543213}, "right_shoulder": {"y": 83.375, "x": 408.5625, "score": 0.5269268751144409}, "right_ankle": {"y": 225.125, "x": 327.5625, "score": 0.1232462897896767}, "right_knee": {"y": 169.4375, "x": 352.875, "score": 0.1127520427107811}, "right_wrist": {"y": 27.6875, "x": 423.75, "score": 0.2003462314605713}}, "location": {"height": 268.0899353027344, "width": 136.3982391357422, "top": 0.910064697265625, "score": 0.01690415851771832, "left": 342.6017456054688}}, {"body_parts": {"left_hip": {"y": 116.1875, "x": 363.6875, "score": 0.1578532159328461}, "top_head": {"y": 18.21875, "x": 381.5, "score": 0.1511411368846893}, "right_mouth_corner": {"y": 44.9375, "x": 452.75, "score": 0.2032440900802612}, "neck": {"y": 36.03125, "x": 434.9375, "score": 0.2611106634140015}, "left_shoulder": {"y": 36.03125, "x": 452.75, "score": 0.2251125574111938}, "left_knee": {"y": 187.4375, "x": 417.125, "score": 0.1037930026650429}, "left_ankle": {"y": 249.78125, "x": 399.3125, "score": 0.09157311916351318}, "left_mouth_corner": {"y": 44.9375, "x": 461.65625, "score": 0.2151287347078323}, "right_elbow": {"y": 71.65625, "x": 363.6875, "score": 0.2333060055971146}, "right_ear": {"y": 27.125, "x": 452.75, "score": 0.2378973215818405}, "nose": {"y": 36.03125, "x": 452.75, "score": 0.221182644367218}, "left_eye": {"y": 27.125, "x": 452.75, "score": 0.2491059899330139}, "right_eye": {"y": 27.125, "x": 461.65625, "score": 0.2502367198467255}, "right_hip": {"y": 98.375, "x": 363.6875, "score": 0.119891993701458}, "left_wrist": {"y": 71.65625, "x": 417.125, "score": 0.2455991208553314}, "left_ear": {"y": 27.125, "x": 452.75, "score": 0.1556347459554672}, "left_elbow": {"y": 71.65625, "x": 363.6875, "score": 0.188208281993866}, "right_shoulder": {"y": 36.03125, "x": 381.5, "score": 0.2552757561206818}, "right_ankle": {"y": 249.78125, "x": 399.3125, "score": 0.09143655002117157}, "right_knee": {"y": 196.34375, "x": 381.5, "score": 0.08429902791976929}, "right_wrist": {"y": 44.9375, "x": 434.9375, "score": 0.2086917161941528}}, "location": {"height": 269.0, "width": 474.5981750488281, "top": 0.0, "score": 0.01312989927828312, "left": 4.40179443359375}}], "log_id": 208928448559307937}