{"person_num": 3, "person_info": [{"body_parts": {"left_hip": {"y": 64.3125, "x": 363.0, "score": 0.4275206923484802}, "top_head": {"y": 56.625, "x": 460.375, "score": 0.6737405061721802}, "right_mouth_corner": {"y": 51.5, "x": 427.0625, "score": 0.1624874025583267}, "neck": {"y": 69.4375, "x": 421.9375, "score": 0.7611599564552307}, "left_shoulder": {"y": 51.5, "x": 416.8125, "score": 0.7184048295021057}, "left_knee": {"y": 33.5625, "x": 406.5625, "score": 0.6369453072547913}, "left_ankle": {"y": 36.125, "x": 368.125, "score": 0.2465171366930008}, "left_mouth_corner": {"y": 48.9375, "x": 424.5, "score": 0.198018491268158}, "right_elbow": {"y": 102.75, "x": 386.0625, "score": 0.3830064833164215}, "right_ear": {"y": 77.125, "x": 442.4375, "score": 0.5033238530158997}, "nose": {"y": 48.9375, "x": 429.625, "score": 0.1139921098947525}, "left_eye": {"y": 48.9375, "x": 445.0, "score": 0.1598905026912689}, "right_eye": {"y": 74.5625, "x": 452.6875, "score": 0.1619789302349091}, "right_hip": {"y": 87.375, "x": 368.125, "score": 0.2954286336898804}, "left_wrist": {"y": 54.0625, "x": 470.625, "score": 0.5734275579452515}, "left_ear": {"y": 54.0625, "x": 437.3125, "score": 0.4751916825771332}, "left_elbow": {"y": 33.5625, "x": 442.4375, "score": 0.8357779383659363}, "right_shoulder": {"y": 89.9375, "x": 409.125, "score": 0.3880945444107056}, "right_ankle": {"y": 84.8125, "x": 357.875, "score": 0.1716075986623764}, "right_knee": {"y": 82.25, "x": 360.4375, "score": 0.07333167642354965}, "right_wrist": {"y": 92.5, "x": 421.9375, "score": 0.5850433111190796}}, "location": {"height": 99.03356170654297, "width": 135.6340942382812, "top": 13.06763076782227, "score": 0.147940918803215, "left": 343.3659057617188}}, {"body_parts": {"left_hip": {"y": 142.90625, "x": 443.84375, "score": 0.238985538482666}, "top_head": {"y": 9.3125, "x": 461.65625, "score": 0.1598392724990845}, "right_mouth_corner": {"y": 27.125, "x": 470.5625, "score": 0.1255176812410355}, "neck": {"y": 27.125, "x": 443.84375, "score": 0.2447807937860489}, "left_shoulder": {"y": 9.3125, "x": 452.75, "score": 0.1920020580291748}, "left_knee": {"y": 214.15625, "x": 443.84375, "score": 0.1087180003523827}, "left_ankle": {"y": 249.78125, "x": 399.3125, "score": 0.09712512046098709}, "left_mouth_corner": {"y": 36.03125, "x": 470.5625, "score": 0.1362078338861465}, "right_elbow": {"y": 71.65625, "x": 363.6875, "score": 0.515927255153656}, "right_ear": {"y": 44.9375, "x": 426.03125, "score": 0.1924569606781006}, "nose": {"y": 27.125, "x": 470.5625, "score": 0.1782230883836746}, "left_eye": {"y": 18.21875, "x": 470.5625, "score": 0.1914258450269699}, "right_eye": {"y": 18.21875, "x": 470.5625, "score": 0.2604188323020935}, "right_hip": {"y": 116.1875, "x": 399.3125, "score": 0.172610804438591}, "left_wrist": {"y": 71.65625, "x": 426.03125, "score": 0.2680195868015289}, "left_ear": {"y": 27.125, "x": 479.46875, "score": 0.1379075646400452}, "left_elbow": {"y": 62.75, "x": 434.9375, "score": 0.2454726248979568}, "right_shoulder": {"y": 18.21875, "x": 399.3125, "score": 0.2844701409339905}, "right_ankle": {"y": 249.78125, "x": 399.3125, "score": 0.1079989075660706}, "right_knee": {"y": 205.25, "x": 381.5, "score": 0.09787388145923615}, "right_wrist": {"y": 53.84375, "x": 434.9375, "score": 0.3428809344768524}}, "location": {"height": 269.0, "width": 474.527587890625, "top": 0.0, "score": 0.01226918864995241, "left": 4.472396850585938}}, {"body_parts": {"left_hip": {"y": 79.0, "x": 374.0, "score": 0.06432367861270905}, "top_head": {"y": 59.0, "x": 444.0, "score": 0.2557603716850281}, "right_mouth_corner": {"y": 94.0, "x": 429.0, "score": 0.05927900597453117}, "neck": {"y": 64.0, "x": 419.0, "score": 0.1169793605804443}, "left_shoulder": {"y": 59.0, "x": 414.0, "score": 0.1044158935546875}, "left_knee": {"y": 69.0, "x": 354.0, "score": 0.1721465587615967}, "left_ankle": {"y": 69.0, "x": 419.0, "score": 0.1838139146566391}, "left_mouth_corner": {"y": 89.0, "x": 439.0, "score": 0.07067199796438217}, "right_elbow": {"y": 34.0, "x": 439.0, "score": 0.04142014309763908}, "right_ear": {"y": 59.0, "x": 419.0, "score": 0.1141605600714684}, "nose": {"y": 84.0, "x": 434.0, "score": 0.1699515581130981}, "left_eye": {"y": 74.0, "x": 434.0, "score": 0.2083703577518463}, "right_eye": {"y": 74.0, "x": 429.0, "score": 0.2514396905899048}, "right_hip": {"y": 89.0, "x": 394.0, "score": 0.02226115018129349}, "left_wrist": {"y": 34.0, "x": 449.0, "score": 0.09396421164274216}, "left_ear": {"y": 69.0, "x": 424.0, "score": 0.08166015148162842}, "left_elbow": {"y": 34.0, "x": 434.0, "score": 0.1457216143608093}, "right_shoulder": {"y": 59.0, "x": 414.0, "score": 0.1003522574901581}, "right_ankle": {"y": 34.0, "x": 394.0, "score": 0.102502204477787}, "right_knee": {"y": 209.0, "x": 414.0, "score": 0.1045585051178932}, "right_wrist": {"y": 29.0, "x": 384.0, "score": 0.06913712620735168}}, "location": {"height": 265.6575622558594, "width": 136.6826019287109, "top": 2.7701416015625, "score": 0.009293602779507637, "left": 342.3173828125}}], "log_id": 447395229411881121}