{"person_num": 4, "person_info": [{"body_parts": {"left_hip": {"y": 72.0, "x": 355.125, "score": 0.5084192752838135}, "top_head": {"y": 37.3125, "x": 459.1875, "score": 0.6410353779792786}, "right_mouth_corner": {"y": 37.3125, "x": 426.8125, "score": 0.1562463939189911}, "neck": {"y": 60.4375, "x": 424.5, "score": 0.7998042702674866}, "left_shoulder": {"y": 46.5625, "x": 406.0, "score": 0.7509968876838684}, "left_knee": {"y": 48.875, "x": 380.5625, "score": 0.249979242682457}, "left_ankle": {"y": 69.6875, "x": 364.375, "score": 0.1827939301729202}, "left_mouth_corner": {"y": 35.0, "x": 426.8125, "score": 0.2991814017295837}, "right_elbow": {"y": 99.75, "x": 392.125, "score": 0.7945865988731384}, "right_ear": {"y": 60.4375, "x": 447.625, "score": 0.6366701126098633}, "nose": {"y": 35.0, "x": 433.75, "score": 0.4838401675224304}, "left_eye": {"y": 35.0, "x": 436.0625, "score": 0.548964262008667}, "right_eye": {"y": 35.0, "x": 436.0625, "score": 0.3454841375350952}, "right_hip": {"y": 92.8125, "x": 362.0625, "score": 0.5750613808631897}, "left_wrist": {"y": 28.0625, "x": 389.8125, "score": 0.2972539365291595}, "left_ear": {"y": 41.9375, "x": 433.75, "score": 0.8340343236923218}, "left_elbow": {"y": 41.9375, "x": 378.25, "score": 0.7068557739257812}, "right_shoulder": {"y": 83.5625, "x": 417.5625, "score": 0.7073867321014404}, "right_ankle": {"y": 88.1875, "x": 355.125, "score": 0.2559877336025238}, "right_knee": {"y": 95.125, "x": 394.4375, "score": 0.1021931543946266}, "right_wrist": {"y": 90.5, "x": 422.1875, "score": 0.7743170261383057}}, "location": {"height": 91.32928466796875, "width": 123.5043258666992, "top": 24.7834358215332, "score": 0.1765649616718292, "left": 347.3372802734375}}, {"body_parts": {"left_hip": {"y": 67.3125, "x": 358.09375, "score": 0.3138109743595123}, "top_head": {"y": 15.25, "x": 382.59375, "score": 0.04812059178948402}, "right_mouth_corner": {"y": 48.9375, "x": 425.46875, "score": 0.2347437590360641}, "neck": {"y": 61.1875, "x": 422.40625, "score": 0.4884346127510071}, "left_shoulder": {"y": 45.875, "x": 405.5625, "score": 0.527368426322937}, "left_knee": {"y": 58.125, "x": 359.625, "score": 0.105715312063694}, "left_ankle": {"y": 81.09375, "x": 353.5, "score": 0.2438351660966873}, "left_mouth_corner": {"y": 50.46875, "x": 425.46875, "score": 0.2156865298748016}, "right_elbow": {"y": 99.46875, "x": 393.3125, "score": 0.2647611796855927}, "right_ear": {"y": 67.3125, "x": 425.46875, "score": 0.1294413357973099}, "nose": {"y": 48.9375, "x": 425.46875, "score": 0.1617337763309479}, "left_eye": {"y": 48.9375, "x": 425.46875, "score": 0.08383683115243912}, "right_eye": {"y": 48.9375, "x": 425.46875, "score": 0.05663291364908218}, "right_hip": {"y": 94.875, "x": 365.75, "score": 0.266951858997345}, "left_wrist": {"y": 19.84375, "x": 385.65625, "score": 0.3248587250709534}, "left_ear": {"y": 53.53125, "x": 425.46875, "score": 0.1976166367530823}, "left_elbow": {"y": 42.8125, "x": 379.53125, "score": 0.5994855165481567}, "right_shoulder": {"y": 87.21875, "x": 417.8125, "score": 0.5301831960678101}, "right_ankle": {"y": 82.625, "x": 355.03125, "score": 0.1610488891601562}, "right_knee": {"y": 74.96875, "x": 374.9375, "score": 0.05349839478731155}, "right_wrist": {"y": 15.25, "x": 388.71875, "score": 0.1612478196620941}}, "location": {"height": 81.66057586669922, "width": 76.277587890625, "top": 11.5718994140625, "score": 0.01344974618405104, "left": 340.7231750488281}}, {"body_parts": {"left_hip": {"y": 142.9375, "x": 444.5625, "score": 0.1190403625369072}, "top_head": {"y": 35.6875, "x": 399.875, "score": 0.1645652949810028}, "right_mouth_corner": {"y": 62.5, "x": 364.125, "score": 0.1507309079170227}, "neck": {"y": 35.6875, "x": 426.6875, "score": 0.1353799253702164}, "left_shoulder": {"y": 35.6875, "x": 444.5625, "score": 0.1881831139326096}, "left_knee": {"y": 169.75, "x": 417.75, "score": 0.04942846298217773}, "left_ankle": {"y": 241.25, "x": 373.0625, "score": 0.05319714173674583}, "left_mouth_corner": {"y": 53.5625, "x": 382.0, "score": 0.1730572879314423}, "right_elbow": {"y": 80.375, "x": 382.0, "score": 0.2167554795742035}, "right_ear": {"y": 35.6875, "x": 390.9375, "score": 0.2130483388900757}, "nose": {"y": 44.625, "x": 453.5, "score": 0.1607471853494644}, "left_eye": {"y": 35.6875, "x": 453.5, "score": 0.2309150099754333}, "right_eye": {"y": 35.6875, "x": 453.5, "score": 0.2081013768911362}, "right_hip": {"y": 107.1875, "x": 355.1875, "score": 0.09928403794765472}, "left_wrist": {"y": 44.625, "x": 390.9375, "score": 0.2793457508087158}, "left_ear": {"y": 44.625, "x": 390.9375, "score": 0.1206012964248657}, "left_elbow": {"y": 53.5625, "x": 426.6875, "score": 0.1781976521015167}, "right_shoulder": {"y": 26.75, "x": 444.5625, "score": 0.2150829285383224}, "right_ankle": {"y": 241.25, "x": 373.0625, "score": 0.07577113062143326}, "right_knee": {"y": 196.5625, "x": 382.0, "score": 0.04528277367353439}, "right_wrist": {"y": 53.5625, "x": 399.875, "score": 0.2203327864408493}}, "location": {"height": 269.0, "width": 475.6093444824219, "top": 0.0, "score": 0.01006603427231312, "left": 3.390655517578125}}, {"body_parts": {"left_hip": {"y": 46.875, "x": 450.6875, "score": 0.03053287789225578}, "top_head": {"y": 4.375, "x": 475.125, "score": 0.07284080982208252}, "right_mouth_corner": {"y": 39.4375, "x": 471.9375, "score": 0.06399551779031754}, "neck": {"y": 36.25, "x": 474.0625, "score": 0.01811510697007179}, "left_shoulder": {"y": 2.25, "x": 468.75, "score": 0.04520872980356216}, "left_knee": {"y": 29.875, "x": 456.0, "score": 0.035554189234972}, "left_ankle": {"y": 56.4375, "x": 467.6875, "score": 0.07648495584726334}, "left_mouth_corner": {"y": 17.125, "x": 476.1875, "score": 0.1955218315124512}, "right_elbow": {"y": 39.4375, "x": 471.9375, "score": 0.01627467200160027}, "right_ear": {"y": 17.125, "x": 459.1875, "score": 0.1071354821324348}, "nose": {"y": 15.0, "x": 474.0625, "score": 0.1591660529375076}, "left_eye": {"y": 12.875, "x": 477.25, "score": 0.1733751744031906}, "right_eye": {"y": 12.875, "x": 469.8125, "score": 0.1938008368015289}, "right_hip": {"y": 46.875, "x": 467.6875, "score": 0.04571595788002014}, "left_wrist": {"y": 32.0, "x": 450.6875, "score": 0.01279119867831469}, "left_ear": {"y": 16.0625, "x": 477.25, "score": 0.1369471848011017}, "left_elbow": {"y": 18.1875, "x": 458.125, "score": 0.02054788544774055}, "right_shoulder": {"y": 3.3125, "x": 464.5, "score": 0.04873274639248848}, "right_ankle": {"y": 56.4375, "x": 466.625, "score": 0.04947469383478165}, "right_knee": {"y": 5.4375, "x": 468.75, "score": 0.06134941428899765}, "right_wrist": {"y": 47.9375, "x": 469.8125, "score": 0.01329359132796526}}, "location": {"height": 57.03877258300781, "width": 21.63840293884277, "top": 3.058080673217773, "score": 0.005308006424456835, "left": 457.361572265625}}], "log_id": 6670644972053788705}