{"person_num": 3, "person_info": [{"body_parts": {"left_hip": {"y": 61.75, "x": 365.5625, "score": 0.4132094383239746}, "top_head": {"y": 66.875, "x": 457.8125, "score": 0.5554776787757874}, "right_mouth_corner": {"y": 56.625, "x": 437.3125, "score": 0.1261101067066193}, "neck": {"y": 72.0, "x": 421.9375, "score": 0.8005988001823425}, "left_shoulder": {"y": 51.5, "x": 419.375, "score": 0.6887975335121155}, "left_knee": {"y": 33.5625, "x": 406.5625, "score": 0.7596568465232849}, "left_ankle": {"y": 46.375, "x": 373.25, "score": 0.1674494296312332}, "left_mouth_corner": {"y": 59.1875, "x": 434.75, "score": 0.2181704491376877}, "right_elbow": {"y": 100.1875, "x": 391.1875, "score": 0.5238382816314697}, "right_ear": {"y": 82.25, "x": 439.875, "score": 0.5744739770889282}, "nose": {"y": 82.25, "x": 442.4375, "score": 0.2710111141204834}, "left_eye": {"y": 59.1875, "x": 445.0, "score": 0.2219443321228027}, "right_eye": {"y": 82.25, "x": 445.0, "score": 0.3349179029464722}, "right_hip": {"y": 84.8125, "x": 365.5625, "score": 0.3403870463371277}, "left_wrist": {"y": 54.0625, "x": 468.0625, "score": 0.7756390571594238}, "left_ear": {"y": 59.1875, "x": 437.3125, "score": 0.5028059482574463}, "left_elbow": {"y": 38.6875, "x": 445.0, "score": 0.8159530162811279}, "right_shoulder": {"y": 87.375, "x": 414.25, "score": 0.4628787636756897}, "right_ankle": {"y": 89.9375, "x": 357.875, "score": 0.2029932290315628}, "right_knee": {"y": 92.5, "x": 393.75, "score": 0.1003177836537361}, "right_wrist": {"y": 89.9375, "x": 421.9375, "score": 0.7435849905014038}}, "location": {"height": 91.4947509765625, "width": 135.5956115722656, "top": 17.87945175170898, "score": 0.1868368685245514, "left": 343.4043884277344}}, {"body_parts": {"left_hip": {"y": 116.1875, "x": 363.6875, "score": 0.1271020174026489}, "top_head": {"y": 9.3125, "x": 452.75, "score": 0.1690275222063065}, "right_mouth_corner": {"y": 44.9375, "x": 461.65625, "score": 0.2049404680728912}, "neck": {"y": 36.03125, "x": 426.03125, "score": 0.3148905038833618}, "left_shoulder": {"y": 53.84375, "x": 434.9375, "score": 0.225221648812294}, "left_knee": {"y": 107.28125, "x": 167.75, "score": 0.1016651839017868}, "left_ankle": {"y": 249.78125, "x": 399.3125, "score": 0.07539170980453491}, "left_mouth_corner": {"y": 36.03125, "x": 461.65625, "score": 0.1909059137105942}, "right_elbow": {"y": 80.5625, "x": 363.6875, "score": 0.3246335089206696}, "right_ear": {"y": 36.03125, "x": 417.125, "score": 0.3507295846939087}, "nose": {"y": 27.125, "x": 461.65625, "score": 0.2188307344913483}, "left_eye": {"y": 18.21875, "x": 470.5625, "score": 0.209986224770546}, "right_eye": {"y": 18.21875, "x": 461.65625, "score": 0.2984883785247803}, "right_hip": {"y": 98.375, "x": 363.6875, "score": 0.1380475908517838}, "left_wrist": {"y": 71.65625, "x": 408.21875, "score": 0.2609630823135376}, "left_ear": {"y": 44.9375, "x": 399.3125, "score": 0.2136829793453217}, "left_elbow": {"y": 80.5625, "x": 363.6875, "score": 0.1866314858198166}, "right_shoulder": {"y": 36.03125, "x": 390.40625, "score": 0.3110255599021912}, "right_ankle": {"y": 249.78125, "x": 381.5, "score": 0.09888516366481781}, "right_knee": {"y": 116.1875, "x": 158.84375, "score": 0.1045136302709579}, "right_wrist": {"y": 53.84375, "x": 434.9375, "score": 0.2634105682373047}}, "location": {"height": 269.0, "width": 473.8685913085938, "top": 0.0, "score": 0.01343959011137486, "left": 5.131393432617188}}, {"body_parts": {"left_hip": {"y": 93.75, "x": 374.0625, "score": 0.2249565422534943}, "top_head": {"y": 53.5, "x": 439.46875, "score": 0.1192804723978043}, "right_mouth_corner": {"y": 68.59375, "x": 439.46875, "score": 0.00529775395989418}, "neck": {"y": 53.5, "x": 419.34375, "score": 0.05042145773768425}, "left_shoulder": {"y": 53.5, "x": 414.3125, "score": 0.05168396979570389}, "left_knee": {"y": 63.5625, "x": 358.96875, "score": 0.3565219640731812}, "left_ankle": {"y": 68.59375, "x": 424.375, "score": 0.272861510515213}, "left_mouth_corner": {"y": 33.375, "x": 419.34375, "score": 0.008886368945240974}, "right_elbow": {"y": 63.5625, "x": 439.46875, "score": 0.02331265434622765}, "right_ear": {"y": 53.5, "x": 419.34375, "score": 0.04248669743537903}, "nose": {"y": 73.625, "x": 434.4375, "score": 0.02016760967671871}, "left_eye": {"y": 78.65625, "x": 439.46875, "score": 0.03916951641440392}, "right_eye": {"y": 68.59375, "x": 434.4375, "score": 0.04561608284711838}, "right_hip": {"y": 78.65625, "x": 374.0625, "score": 0.07236743718385696}, "left_wrist": {"y": 53.5, "x": 459.59375, "score": 0.05126994475722313}, "left_ear": {"y": 33.375, "x": 369.03125, "score": 0.03579853102564812}, "left_elbow": {"y": 53.5, "x": 429.40625, "score": 0.0292542390525341}, "right_shoulder": {"y": 53.5, "x": 429.40625, "score": 0.03836558014154434}, "right_ankle": {"y": 33.375, "x": 394.1875, "score": 0.3298104703426361}, "right_knee": {"y": 78.65625, "x": 414.3125, "score": 0.1764659881591797}, "right_wrist": {"y": 53.5, "x": 449.53125, "score": 0.0537106990814209}}, "location": {"height": 267.6976928710938, "width": 137.6574554443359, "top": 1.30230712890625, "score": 0.005892500281333923, "left": 341.342529296875}}], "log_id": 3430574161281599361}