{"person_num": 2, "person_info": [{"body_parts": {"left_hip": {"y": 68.53125, "x": 355.5625, "score": 0.5527161955833435}, "top_head": {"y": 41.375, "x": 459.25, "score": 0.6423138380050659}, "right_mouth_corner": {"y": 41.375, "x": 429.625, "score": 0.1671628057956696}, "neck": {"y": 63.59375, "x": 424.6875, "score": 0.8310116529464722}, "left_shoulder": {"y": 46.3125, "x": 407.40625, "score": 0.7434203028678894}, "left_knee": {"y": 21.625, "x": 387.65625, "score": 0.1199557185173035}, "left_ankle": {"y": 71.0, "x": 355.5625, "score": 0.09682392328977585}, "left_mouth_corner": {"y": 43.84375, "x": 429.625, "score": 0.1710260063409805}, "right_elbow": {"y": 103.09375, "x": 390.125, "score": 0.7776533961296082}, "right_ear": {"y": 66.0625, "x": 446.90625, "score": 0.622158408164978}, "nose": {"y": 41.375, "x": 434.5625, "score": 0.4309227168560028}, "left_eye": {"y": 41.375, "x": 434.5625, "score": 0.5725600719451904}, "right_eye": {"y": 41.375, "x": 437.03125, "score": 0.3453306555747986}, "right_hip": {"y": 90.75, "x": 358.03125, "score": 0.5793670415878296}, "left_wrist": {"y": 24.09375, "x": 427.15625, "score": 0.8372669816017151}, "left_ear": {"y": 46.3125, "x": 432.09375, "score": 0.8319306373596191}, "left_elbow": {"y": 24.09375, "x": 395.0625, "score": 0.7798561453819275}, "right_shoulder": {"y": 88.28125, "x": 412.34375, "score": 0.739672839641571}, "right_ankle": {"y": 88.28125, "x": 358.03125, "score": 0.2999091744422913}, "right_knee": {"y": 85.8125, "x": 409.875, "score": 0.2553411722183228}, "right_wrist": {"y": 90.75, "x": 422.21875, "score": 0.7294561266899109}}, "location": {"height": 102.252197265625, "width": 131.7184295654297, "top": 12.31418228149414, "score": 0.4553161263465881, "left": 335.619873046875}}, {"body_parts": {"left_hip": {"y": 134.0, "x": 443.84375, "score": 0.2474687397480011}, "top_head": {"y": 9.3125, "x": 426.03125, "score": 0.1259089410305023}, "right_mouth_corner": {"y": 44.9375, "x": 452.75, "score": 0.2326365113258362}, "neck": {"y": 27.125, "x": 434.9375, "score": 0.3717045485973358}, "left_shoulder": {"y": 36.03125, "x": 443.84375, "score": 0.2669405937194824}, "left_knee": {"y": 107.28125, "x": 167.75, "score": 0.1312331259250641}, "left_ankle": {"y": 249.78125, "x": 408.21875, "score": 0.1109285801649094}, "left_mouth_corner": {"y": 36.03125, "x": 452.75, "score": 0.2419271916151047}, "right_elbow": {"y": 71.65625, "x": 363.6875, "score": 0.265414834022522}, "right_ear": {"y": 27.125, "x": 452.75, "score": 0.2357454746961594}, "nose": {"y": 36.03125, "x": 452.75, "score": 0.2559926807880402}, "left_eye": {"y": 27.125, "x": 452.75, "score": 0.2512041628360748}, "right_eye": {"y": 18.21875, "x": 461.65625, "score": 0.2929252982139587}, "right_hip": {"y": 116.1875, "x": 426.03125, "score": 0.1836586445569992}, "left_wrist": {"y": 36.03125, "x": 399.3125, "score": 0.2942751348018646}, "left_ear": {"y": 18.21875, "x": 434.9375, "score": 0.1892425715923309}, "left_elbow": {"y": 71.65625, "x": 372.59375, "score": 0.2267142981290817}, "right_shoulder": {"y": 36.03125, "x": 443.84375, "score": 0.3452926278114319}, "right_ankle": {"y": 249.78125, "x": 408.21875, "score": 0.118441253900528}, "right_knee": {"y": 116.1875, "x": 167.75, "score": 0.1164204776287079}, "right_wrist": {"y": 27.125, "x": 408.21875, "score": 0.3887032270431519}}, "location": {"height": 269.0, "width": 473.9493408203125, "top": 0.0, "score": 0.01183292269706726, "left": 5.050643920898438}}], "log_id": 7413217643755764897}