{"person_num": 3, "person_info": [{"body_parts": {"left_hip": {"y": 64.75, "x": 386.25, "score": 0.4142164587974548}, "top_head": {"y": 7.0, "x": 480, "score": 0.01947260461747646}, "right_mouth_corner": {"y": 30.625, "x": 480, "score": 0.2942738234996796}, "neck": {"y": 35.875, "x": 475.5, "score": 0.5863914489746094}, "left_shoulder": {"y": 20.125, "x": 444.0, "score": 0.6944703459739685}, "left_knee": {"y": 59.5, "x": 375.75, "score": 0.5628497004508972}, "left_ankle": {"y": 70.0, "x": 349.5, "score": 0.7085669636726379}, "left_mouth_corner": {"y": 30.625, "x": 480, "score": 0.1554674804210663}, "right_elbow": {"y": 104.125, "x": 444.0, "score": 0.8071619868278503}, "right_ear": {"y": 17.5, "x": 480, "score": 0.2393294125795364}, "nose": {"y": 12.25, "x": 472.875, "score": 0.1245916709303856}, "left_eye": {"y": 7.0, "x": 480, "score": 0.09429305791854858}, "right_eye": {"y": 20.125, "x": 480, "score": 0.119659923017025}, "right_hip": {"y": 91.0, "x": 407.25, "score": 0.3293318152427673}, "left_wrist": {"y": 46.375, "x": 394.125, "score": 0.7635969519615173}, "left_ear": {"y": 14.875, "x": 475.5, "score": 0.4057491421699524}, "left_elbow": {"y": 30.625, "x": 399.375, "score": 0.7682281732559204}, "right_shoulder": {"y": 75.25, "x": 475.5, "score": 0.4380115866661072}, "right_ankle": {"y": 91.0, "x": 360.0, "score": 0.4211692810058594}, "right_knee": {"y": 88.375, "x": 386.25, "score": 0.2924042642116547}, "right_wrist": {"y": 77.875, "x": 441.375, "score": 0.1930801123380661}}, "location": {"height": 101.8622512817383, "width": 139.5860443115234, "top": 5.606693267822266, "score": 0.3146979212760925, "left": 339.4139404296875}}, {"body_parts": {"left_hip": {"y": 116.125, "x": 364.125, "score": 0.0424182191491127}, "top_head": {"y": 35.6875, "x": 435.625, "score": 0.4140539765357971}, "right_mouth_corner": {"y": 26.75, "x": 480, "score": 0.1048829779028893}, "neck": {"y": 71.4375, "x": 462.4375, "score": 0.1062060222029686}, "left_shoulder": {"y": 89.3125, "x": 364.125, "score": 0.06804941594600677}, "left_knee": {"y": 142.9375, "x": 382.0, "score": 0.04123981669545174}, "left_ankle": {"y": 187.625, "x": 96.0, "score": 0.03296375274658203}, "left_mouth_corner": {"y": 71.4375, "x": 373.0625, "score": 0.1357958167791367}, "right_elbow": {"y": 71.4375, "x": 453.5, "score": 0.08342196047306061}, "right_ear": {"y": 98.25, "x": 444.5625, "score": 0.2111717313528061}, "nose": {"y": 62.5, "x": 382.0, "score": 0.2046219557523727}, "left_eye": {"y": 62.5, "x": 390.9375, "score": 0.2177084535360336}, "right_eye": {"y": 53.5625, "x": 382.0, "score": 0.188194677233696}, "right_hip": {"y": 125.0625, "x": 96.0, "score": 0.03171724081039429}, "left_wrist": {"y": 62.5, "x": 471.375, "score": 0.1112205684185028}, "left_ear": {"y": 80.375, "x": 435.625, "score": 0.2570425868034363}, "left_elbow": {"y": 71.4375, "x": 462.4375, "score": 0.1163183897733688}, "right_shoulder": {"y": 26.75, "x": 33.4375, "score": 0.1578155755996704}, "right_ankle": {"y": 169.75, "x": 87.0625, "score": 0.035944614559412}, "right_knee": {"y": 125.0625, "x": 328.375, "score": 0.0501423254609108}, "right_wrist": {"y": 53.5625, "x": 390.9375, "score": 0.08126605302095413}}, "location": {"height": 269.0, "width": 475.6043701171875, "top": 0.0, "score": 0.01557181868702173, "left": 3.395614624023438}}, {"body_parts": {"left_hip": {"y": 70.625, "x": 385.5, "score": 0.2161195874214172}, "top_head": {"y": 7.25, "x": 480, "score": 0.1663500517606735}, "right_mouth_corner": {"y": 17.0, "x": 473.25, "score": 0.2214374840259552}, "neck": {"y": 36.5, "x": 473.25, "score": 0.7658775448799133}, "left_shoulder": {"y": 17.0, "x": 444.0, "score": 0.7161065340042114}, "left_knee": {"y": 70.625, "x": 346.5, "score": 0.2068862617015839}, "left_ankle": {"y": 60.875, "x": 375.75, "score": 0.3757063746452332}, "left_mouth_corner": {"y": 21.875, "x": 473.25, "score": 0.2360401153564453}, "right_elbow": {"y": 104.75, "x": 444.0, "score": 0.5687308311462402}, "right_ear": {"y": 12.125, "x": 473.25, "score": 0.1493734568357468}, "nose": {"y": 12.125, "x": 473.25, "score": 0.3661908507347107}, "left_eye": {"y": 7.25, "x": 473.25, "score": 0.4475446939468384}, "right_eye": {"y": 7.25, "x": 473.25, "score": 0.3865813612937927}, "right_hip": {"y": 65.75, "x": 380.625, "score": 0.1572650969028473}, "left_wrist": {"y": 46.25, "x": 385.5, "score": 0.2329608500003815}, "left_ear": {"y": 12.125, "x": 473.25, "score": 0.5994775295257568}, "left_elbow": {"y": 36.5, "x": 400.125, "score": 0.4595090448856354}, "right_shoulder": {"y": 70.625, "x": 468.375, "score": 0.5233709812164307}, "right_ankle": {"y": 60.875, "x": 370.875, "score": 0.3743348717689514}, "right_knee": {"y": 56.0, "x": 385.5, "score": 0.2211467921733856}, "right_wrist": {"y": 56.0, "x": 385.5, "score": 0.1817346662282944}}, "location": {"height": 258.9905700683594, "width": 136.8935394287109, "top": 5.592330932617188, "score": 0.01346259377896786, "left": 342.1064453125}}], "log_id": 7067413428034997281}