{"person_num": 3, "person_info": [{"body_parts": {"left_hip": {"y": 69.3125, "x": 357.0, "score": 0.5189900994300842}, "top_head": {"y": 51.375, "x": 464.625, "score": 0.6076139211654663}, "right_mouth_corner": {"y": 41.125, "x": 444.125, "score": 0.1016047745943069}, "neck": {"y": 66.75, "x": 423.625, "score": 0.8184744715690613}, "left_shoulder": {"y": 48.8125, "x": 405.6875, "score": 0.7839810252189636}, "left_knee": {"y": 53.9375, "x": 374.9375, "score": 0.2877421379089355}, "left_ankle": {"y": 77.0, "x": 351.875, "score": 0.07805827260017395}, "left_mouth_corner": {"y": 46.25, "x": 441.5625, "score": 0.1302782893180847}, "right_elbow": {"y": 102.625, "x": 390.3125, "score": 0.6822790503501892}, "right_ear": {"y": 74.4375, "x": 451.8125, "score": 0.5363439321517944}, "nose": {"y": 43.6875, "x": 446.6875, "score": 0.3317328989505768}, "left_eye": {"y": 46.25, "x": 446.6875, "score": 0.4260633587837219}, "right_eye": {"y": 46.25, "x": 454.375, "score": 0.2362355291843414}, "right_hip": {"y": 92.375, "x": 362.125, "score": 0.4616805016994476}, "left_wrist": {"y": 28.3125, "x": 390.3125, "score": 0.5773977041244507}, "left_ear": {"y": 48.8125, "x": 439.0, "score": 0.6567760705947876}, "left_elbow": {"y": 41.125, "x": 380.0625, "score": 0.7727130651473999}, "right_shoulder": {"y": 92.375, "x": 410.8125, "score": 0.7307558059692383}, "right_ankle": {"y": 79.5625, "x": 351.875, "score": 0.2842055559158325}, "right_knee": {"y": 92.375, "x": 408.25, "score": 0.167573556303978}, "right_wrist": {"y": 89.8125, "x": 421.0625, "score": 0.6910706162452698}}, "location": {"height": 83.59890747070312, "width": 136.1807403564453, "top": 30.53810119628906, "score": 0.08671429753303528, "left": 332.8011474609375}}, {"body_parts": {"left_hip": {"y": 116.25, "x": 354.375, "score": 0.1444990932941437}, "top_head": {"y": 27.5, "x": 372.125, "score": 0.2555974125862122}, "right_mouth_corner": {"y": 63.0, "x": 363.25, "score": 0.1514108628034592}, "neck": {"y": 45.25, "x": 398.75, "score": 0.2416186183691025}, "left_shoulder": {"y": 45.25, "x": 434.25, "score": 0.1552879214286804}, "left_knee": {"y": 107.375, "x": 168.0, "score": 0.09408171474933624}, "left_ankle": {"y": 249.375, "x": 372.125, "score": 0.08156311511993408}, "left_mouth_corner": {"y": 54.125, "x": 381.0, "score": 0.1416057199239731}, "right_elbow": {"y": 71.875, "x": 425.375, "score": 0.2150714695453644}, "right_ear": {"y": 36.375, "x": 398.75, "score": 0.212329238653183}, "nose": {"y": 45.25, "x": 452.0, "score": 0.1503462195396423}, "left_eye": {"y": 27.5, "x": 452.0, "score": 0.1923069357872009}, "right_eye": {"y": 36.375, "x": 363.25, "score": 0.1739006787538528}, "right_hip": {"y": 107.375, "x": 354.375, "score": 0.09944551438093185}, "left_wrist": {"y": 71.875, "x": 407.625, "score": 0.2704704701900482}, "left_ear": {"y": 45.25, "x": 398.75, "score": 0.1734063923358917}, "left_elbow": {"y": 54.125, "x": 443.125, "score": 0.1976287513971329}, "right_shoulder": {"y": 36.375, "x": 363.25, "score": 0.200195387005806}, "right_ankle": {"y": 240.5, "x": 372.125, "score": 0.08321511000394821}, "right_knee": {"y": 125.125, "x": 168.0, "score": 0.1092562079429626}, "right_wrist": {"y": 54.125, "x": 398.75, "score": 0.1687956005334854}}, "location": {"height": 269.0, "width": 472.6748046875, "top": 0.0, "score": 0.01440398301929235, "left": 6.325164794921875}}, {"body_parts": {"left_hip": {"y": 84.0, "x": 374.0, "score": 0.1746711432933807}, "top_head": {"y": 59.0, "x": 444.0, "score": 0.2740437090396881}, "right_mouth_corner": {"y": 69.0, "x": 424.0, "score": 0.07877057790756226}, "neck": {"y": 64.0, "x": 424.0, "score": 0.5059333443641663}, "left_shoulder": {"y": 49.0, "x": 404.0, "score": 0.5290300846099854}, "left_knee": {"y": 169.0, "x": 349.0, "score": 0.1752715408802032}, "left_ankle": {"y": 29.0, "x": 384.0, "score": 0.2252533733844757}, "left_mouth_corner": {"y": 69.0, "x": 429.0, "score": 0.07467543333768845}, "right_elbow": {"y": 84.0, "x": 399.0, "score": 0.08295634388923645}, "right_ear": {"y": 69.0, "x": 439.0, "score": 0.2442538291215897}, "nose": {"y": 59.0, "x": 444.0, "score": 0.1332338750362396}, "left_eye": {"y": 59.0, "x": 444.0, "score": 0.1609988212585449}, "right_eye": {"y": 59.0, "x": 444.0, "score": 0.1658998131752014}, "right_hip": {"y": 109.0, "x": 394.0, "score": 0.1907695978879929}, "left_wrist": {"y": 24.0, "x": 379.0, "score": 0.3333634734153748}, "left_ear": {"y": 49.0, "x": 429.0, "score": 0.3086514174938202}, "left_elbow": {"y": 34.0, "x": 359.0, "score": 0.4993337690830231}, "right_shoulder": {"y": 79.0, "x": 419.0, "score": 0.2529745697975159}, "right_ankle": {"y": 229.0, "x": 344.0, "score": 0.1259887516498566}, "right_knee": {"y": 74.0, "x": 419.0, "score": 0.07596947252750397}, "right_wrist": {"y": 69.0, "x": 429.0, "score": 0.2011926025152206}}, "location": {"height": 266.3270568847656, "width": 137.4897766113281, "top": 1.968399047851562, "score": 0.008858216926455498, "left": 341.5102233886719}}], "log_id": 8745379501080651169}