{"person_num": 3, "person_info": [{"body_parts": {"left_hip": {"y": 66.4375, "x": 356.875, "score": 0.4435861110687256}, "top_head": {"y": 76.6875, "x": 459.375, "score": 0.5562896728515625}, "right_mouth_corner": {"y": 61.3125, "x": 438.875, "score": 0.1844079345464706}, "neck": {"y": 74.125, "x": 413.25, "score": 0.7450062036514282}, "left_shoulder": {"y": 56.1875, "x": 410.6875, "score": 0.7098180651664734}, "left_knee": {"y": 86.9375, "x": 385.0625, "score": 0.02704778499901295}, "left_ankle": {"y": 86.9375, "x": 359.4375, "score": 0.0458456352353096}, "left_mouth_corner": {"y": 61.3125, "x": 436.3125, "score": 0.2027948796749115}, "right_elbow": {"y": 102.3125, "x": 387.625, "score": 0.4409384727478027}, "right_ear": {"y": 89.5, "x": 433.75, "score": 0.5277262926101685}, "nose": {"y": 63.875, "x": 441.4375, "score": 0.4532289505004883}, "left_eye": {"y": 66.4375, "x": 444.0, "score": 0.5733140110969543}, "right_eye": {"y": 63.875, "x": 444.0, "score": 0.4289832413196564}, "right_hip": {"y": 86.9375, "x": 356.875, "score": 0.2546216249465942}, "left_wrist": {"y": 43.375, "x": 456.8125, "score": 0.8292593955993652}, "left_ear": {"y": 66.4375, "x": 428.625, "score": 0.3833333551883698}, "left_elbow": {"y": 25.4375, "x": 428.625, "score": 0.8435649275779724}, "right_shoulder": {"y": 92.0625, "x": 403.0, "score": 0.4725074768066406}, "right_ankle": {"y": 84.375, "x": 356.875, "score": 0.1607110053300858}, "right_knee": {"y": 89.5, "x": 369.6875, "score": 0.07865195721387863}, "right_wrist": {"y": 92.0625, "x": 420.9375, "score": 0.4341335296630859}}, "location": {"height": 107.5587615966797, "width": 136.1937561035156, "top": 2.488304138183594, "score": 0.110713854432106, "left": 342.8062133789062}}, {"body_parts": {"left_hip": {"y": 116.125, "x": 364.125, "score": 0.1189680844545364}, "top_head": {"y": 8.875, "x": 435.625, "score": 0.1612048000097275}, "right_mouth_corner": {"y": 44.625, "x": 462.4375, "score": 0.1617037802934647}, "neck": {"y": 8.875, "x": 426.6875, "score": 0.2407483607530594}, "left_shoulder": {"y": 8.875, "x": 435.625, "score": 0.2001111805438995}, "left_knee": {"y": 187.625, "x": 417.75, "score": 0.06104405224323273}, "left_ankle": {"y": 250.1875, "x": 399.875, "score": 0.0664898008108139}, "left_mouth_corner": {"y": 35.6875, "x": 471.375, "score": 0.190609410405159}, "right_elbow": {"y": 80.375, "x": 373.0625, "score": 0.3656032681465149}, "right_ear": {"y": 44.625, "x": 426.6875, "score": 0.1849577873945236}, "nose": {"y": 26.75, "x": 471.375, "score": 0.238365426659584}, "left_eye": {"y": 17.8125, "x": 462.4375, "score": 0.2408885061740875}, "right_eye": {"y": 17.8125, "x": 462.4375, "score": 0.2828707098960876}, "right_hip": {"y": 107.1875, "x": 364.125, "score": 0.0949309915304184}, "left_wrist": {"y": 71.4375, "x": 408.8125, "score": 0.3289179801940918}, "left_ear": {"y": 35.6875, "x": 399.875, "score": 0.1150188595056534}, "left_elbow": {"y": 80.375, "x": 373.0625, "score": 0.3346086740493774}, "right_shoulder": {"y": 26.75, "x": 426.6875, "score": 0.2376881092786789}, "right_ankle": {"y": 250.1875, "x": 399.875, "score": 0.08795454353094101}, "right_knee": {"y": 169.75, "x": 382.0, "score": 0.05671454966068268}, "right_wrist": {"y": 71.4375, "x": 417.75, "score": 0.2795199453830719}}, "location": {"height": 269.0, "width": 475.4518127441406, "top": 0.0, "score": 0.01768368482589722, "left": 3.548187255859375}}, {"body_parts": {"left_hip": {"y": 78.3125, "x": 363.0, "score": 0.1830693781375885}, "top_head": {"y": 78.3125, "x": 444.0, "score": 0.6799576282501221}, "right_mouth_corner": {"y": 88.4375, "x": 418.6875, "score": 0.5271644592285156}, "neck": {"y": 73.25, "x": 413.625, "score": 0.7031353712081909}, "left_shoulder": {"y": 63.125, "x": 408.5625, "score": 0.4280697405338287}, "left_knee": {"y": 53.0, "x": 357.9375, "score": 0.121565192937851}, "left_ankle": {"y": 225.125, "x": 337.6875, "score": 0.122743546962738}, "left_mouth_corner": {"y": 88.4375, "x": 423.75, "score": 0.555410623550415}, "right_elbow": {"y": 22.625, "x": 428.8125, "score": 0.5904784202575684}, "right_ear": {"y": 73.25, "x": 428.8125, "score": 0.5254763960838318}, "nose": {"y": 93.5, "x": 423.75, "score": 0.619616687297821}, "left_eye": {"y": 83.375, "x": 433.875, "score": 0.6827221512794495}, "right_eye": {"y": 88.4375, "x": 428.8125, "score": 0.7359129190444946}, "right_hip": {"y": 68.1875, "x": 363.0, "score": 0.09984079003334045}, "left_wrist": {"y": 42.875, "x": 454.125, "score": 0.8370597958564758}, "left_ear": {"y": 68.1875, "x": 428.8125, "score": 0.4500277936458588}, "left_elbow": {"y": 22.625, "x": 428.8125, "score": 0.8056355714797974}, "right_shoulder": {"y": 58.0625, "x": 408.5625, "score": 0.560616672039032}, "right_ankle": {"y": 22.625, "x": 393.375, "score": 0.1660981625318527}, "right_knee": {"y": 58.0625, "x": 352.875, "score": 0.1435722857713699}, "right_wrist": {"y": 42.875, "x": 454.125, "score": 0.4440984725952148}}, "location": {"height": 269.0, "width": 137.0592498779297, "top": 0.0, "score": 0.00658285291865468, "left": 341.9407348632812}}], "log_id": 8879742719109857089}