{"person_num": 3, "person_info": [{"body_parts": {"left_hip": {"y": 62.875, "x": 360.4375, "score": 0.4850098788738251}, "top_head": {"y": 68.0, "x": 457.8125, "score": 0.5007526278495789}, "right_mouth_corner": {"y": 62.875, "x": 434.75, "score": 0.1204782798886299}, "neck": {"y": 70.5625, "x": 416.8125, "score": 0.7528604865074158}, "left_shoulder": {"y": 52.625, "x": 414.25, "score": 0.7244040369987488}, "left_knee": {"y": 32.125, "x": 406.5625, "score": 0.2938830852508545}, "left_ankle": {"y": 19.3125, "x": 398.875, "score": 0.07011125236749649}, "left_mouth_corner": {"y": 55.1875, "x": 432.1875, "score": 0.1726122349500656}, "right_elbow": {"y": 98.75, "x": 393.75, "score": 0.6291216015815735}, "right_ear": {"y": 85.9375, "x": 434.75, "score": 0.5520569086074829}, "nose": {"y": 65.4375, "x": 442.4375, "score": 0.1722070723772049}, "left_eye": {"y": 65.4375, "x": 439.875, "score": 0.2878978252410889}, "right_eye": {"y": 65.4375, "x": 445.0, "score": 0.2784208059310913}, "right_hip": {"y": 83.375, "x": 360.4375, "score": 0.3376380205154419}, "left_wrist": {"y": 50.0625, "x": 465.5, "score": 0.7378042340278625}, "left_ear": {"y": 60.3125, "x": 434.75, "score": 0.4446898698806763}, "left_elbow": {"y": 29.5625, "x": 439.875, "score": 0.8477310538291931}, "right_shoulder": {"y": 85.9375, "x": 409.125, "score": 0.5002962350845337}, "right_ankle": {"y": 27.0, "x": 398.875, "score": 0.1524381190538406}, "right_knee": {"y": 93.625, "x": 386.0625, "score": 0.2039156556129456}, "right_wrist": {"y": 91.0625, "x": 424.5, "score": 0.8177021741867065}}, "location": {"height": 104.124397277832, "width": 135.4463806152344, "top": 3.747306823730469, "score": 0.1395124197006226, "left": 343.5536193847656}}, {"body_parts": {"left_hip": {"y": 84.3125, "x": 364.0, "score": 0.1366841644048691}, "top_head": {"y": 74.375, "x": 438.53125, "score": 0.4305400848388672}, "right_mouth_corner": {"y": 69.40625, "x": 408.71875, "score": 0.05519071593880653}, "neck": {"y": 69.40625, "x": 413.6875, "score": 0.618351399898529}, "left_shoulder": {"y": 59.46875, "x": 413.6875, "score": 0.4527573585510254}, "left_knee": {"y": 69.40625, "x": 354.0625, "score": 0.1646423637866974}, "left_ankle": {"y": 223.4375, "x": 339.15625, "score": 0.108761228621006}, "left_mouth_corner": {"y": 74.375, "x": 418.65625, "score": 0.07615043222904205}, "right_elbow": {"y": 29.65625, "x": 433.5625, "score": 0.1057958453893661}, "right_ear": {"y": 79.34375, "x": 433.5625, "score": 0.3842877745628357}, "nose": {"y": 84.3125, "x": 433.5625, "score": 0.09174738824367523}, "left_eye": {"y": 84.3125, "x": 433.5625, "score": 0.1253596097230911}, "right_eye": {"y": 84.3125, "x": 433.5625, "score": 0.2139910012483597}, "right_hip": {"y": 94.25, "x": 383.875, "score": 0.03695585951209068}, "left_wrist": {"y": 49.53125, "x": 463.375, "score": 0.7006722688674927}, "left_ear": {"y": 74.375, "x": 428.59375, "score": 0.2868914008140564}, "left_elbow": {"y": 29.65625, "x": 438.53125, "score": 0.7332437038421631}, "right_shoulder": {"y": 74.375, "x": 418.65625, "score": 0.421653687953949}, "right_ankle": {"y": 223.4375, "x": 329.21875, "score": 0.1119188517332077}, "right_knee": {"y": 54.5, "x": 354.0625, "score": 0.1182177811861038}, "right_wrist": {"y": 59.46875, "x": 468.34375, "score": 0.2532397210597992}}, "location": {"height": 264.2209167480469, "width": 138.2763061523438, "top": 3.157211303710938, "score": 0.01660687103867531, "left": 340.7236938476562}}, {"body_parts": {"left_hip": {"y": 116.125, "x": 399.875, "score": 0.1277609318494797}, "top_head": {"y": 44.625, "x": 444.5625, "score": 0.217579573392868}, "right_mouth_corner": {"y": 80.375, "x": 417.75, "score": 0.1758820116519928}, "neck": {"y": 35.6875, "x": 426.6875, "score": 0.2335664629936218}, "left_shoulder": {"y": 35.6875, "x": 453.5, "score": 0.1796080768108368}, "left_knee": {"y": 187.625, "x": 426.6875, "score": 0.08092320710420609}, "left_ankle": {"y": 250.1875, "x": 408.8125, "score": 0.06739290803670883}, "left_mouth_corner": {"y": 89.3125, "x": 426.6875, "score": 0.2084054201841354}, "right_elbow": {"y": 80.375, "x": 364.125, "score": 0.4660374224185944}, "right_ear": {"y": 44.625, "x": 426.6875, "score": 0.2743651568889618}, "nose": {"y": 80.375, "x": 426.6875, "score": 0.227108433842659}, "left_eye": {"y": 71.4375, "x": 435.625, "score": 0.2285899668931961}, "right_eye": {"y": 62.5, "x": 426.6875, "score": 0.1982837021350861}, "right_hip": {"y": 116.125, "x": 399.875, "score": 0.1021347790956497}, "left_wrist": {"y": 71.4375, "x": 408.8125, "score": 0.3059398233890533}, "left_ear": {"y": 44.625, "x": 417.75, "score": 0.1547064185142517}, "left_elbow": {"y": 80.375, "x": 373.0625, "score": 0.2416750490665436}, "right_shoulder": {"y": 17.8125, "x": 390.9375, "score": 0.3455736637115479}, "right_ankle": {"y": 250.1875, "x": 399.875, "score": 0.09842929244041443}, "right_knee": {"y": 187.625, "x": 435.625, "score": 0.07859190553426743}, "right_wrist": {"y": 53.5625, "x": 435.625, "score": 0.2666637301445007}}, "location": {"height": 269.0, "width": 475.0308837890625, "top": 0.0, "score": 0.01083165034651756, "left": 3.969101190567017}}], "log_id": 2119673324311760033}