{"person_num": 2, "person_info": [{"body_parts": {"left_hip": {"y": 72.46875, "x": 355.5625, "score": 0.5476658344268799}, "top_head": {"y": 32.96875, "x": 459.25, "score": 0.7097166776657104}, "right_mouth_corner": {"y": 35.4375, "x": 424.6875, "score": 0.06448905915021896}, "neck": {"y": 55.1875, "x": 424.6875, "score": 0.8149747848510742}, "left_shoulder": {"y": 45.3125, "x": 404.9375, "score": 0.7255754470825195}, "left_knee": {"y": 50.25, "x": 377.78125, "score": 0.2405674606561661}, "left_ankle": {"y": 70.0, "x": 358.03125, "score": 0.2640288770198822}, "left_mouth_corner": {"y": 30.5, "x": 427.15625, "score": 0.1846494078636169}, "right_elbow": {"y": 99.625, "x": 395.0625, "score": 0.8435579538345337}, "right_ear": {"y": 55.1875, "x": 446.90625, "score": 0.6875483989715576}, "nose": {"y": 30.5, "x": 434.5625, "score": 0.4016343355178833}, "left_eye": {"y": 30.5, "x": 437.03125, "score": 0.5173643827438354}, "right_eye": {"y": 30.5, "x": 437.03125, "score": 0.3070156276226044}, "right_hip": {"y": 89.75, "x": 365.4375, "score": 0.545457124710083}, "left_wrist": {"y": 23.09375, "x": 390.125, "score": 0.6572221517562866}, "left_ear": {"y": 37.90625, "x": 432.09375, "score": 0.7869472503662109}, "left_elbow": {"y": 35.4375, "x": 375.3125, "score": 0.6202839612960815}, "right_shoulder": {"y": 79.875, "x": 417.28125, "score": 0.717278242111206}, "right_ankle": {"y": 87.28125, "x": 358.03125, "score": 0.3228806853294373}, "right_knee": {"y": 79.875, "x": 390.125, "score": 0.1034563630819321}, "right_wrist": {"y": 89.75, "x": 422.21875, "score": 0.8412785530090332}}, "location": {"height": 100.361083984375, "width": 130.6551666259766, "top": 12.7495231628418, "score": 0.3505688309669495, "left": 335.7043151855469}}, {"body_parts": {"left_hip": {"y": 134.0, "x": 443.84375, "score": 0.2078100442886353}, "top_head": {"y": 36.03125, "x": 399.3125, "score": 0.1621899008750916}, "right_mouth_corner": {"y": 44.9375, "x": 452.75, "score": 0.2247812747955322}, "neck": {"y": 27.125, "x": 434.9375, "score": 0.2646277844905853}, "left_shoulder": {"y": 36.03125, "x": 443.84375, "score": 0.2399470210075378}, "left_knee": {"y": 107.28125, "x": 167.75, "score": 0.09943435341119766}, "left_ankle": {"y": 249.78125, "x": 399.3125, "score": 0.05691828578710556}, "left_mouth_corner": {"y": 44.9375, "x": 461.65625, "score": 0.2185977548360825}, "right_elbow": {"y": 71.65625, "x": 399.3125, "score": 0.2597409188747406}, "right_ear": {"y": 44.9375, "x": 426.03125, "score": 0.1893517673015594}, "nose": {"y": 27.125, "x": 470.5625, "score": 0.258406788110733}, "left_eye": {"y": 27.125, "x": 461.65625, "score": 0.3032658696174622}, "right_eye": {"y": 18.21875, "x": 461.65625, "score": 0.2752613723278046}, "right_hip": {"y": 107.28125, "x": 354.78125, "score": 0.135696142911911}, "left_wrist": {"y": 71.65625, "x": 408.21875, "score": 0.3293221890926361}, "left_ear": {"y": 44.9375, "x": 399.3125, "score": 0.1665598154067993}, "left_elbow": {"y": 71.65625, "x": 408.21875, "score": 0.2155256420373917}, "right_shoulder": {"y": 18.21875, "x": 381.5, "score": 0.2315748929977417}, "right_ankle": {"y": 249.78125, "x": 399.3125, "score": 0.07539060711860657}, "right_knee": {"y": 98.375, "x": 158.84375, "score": 0.08844447135925293}, "right_wrist": {"y": 53.84375, "x": 399.3125, "score": 0.2259384542703629}}, "location": {"height": 269.0, "width": 473.6075134277344, "top": 0.0, "score": 0.0108067886903882, "left": 5.392486572265625}}], "log_id": 7245059756632069601}