{"person_num": 3, "person_info": [{"body_parts": {"left_hip": {"y": 64.5, "x": 361.5, "score": 0.4494561851024628}, "top_head": {"y": 62.0, "x": 469.0, "score": 0.4679601788520813}, "right_mouth_corner": {"y": 52.0, "x": 449.0, "score": 0.04739381372928619}, "neck": {"y": 67.0, "x": 421.5, "score": 0.7319198250770569}, "left_shoulder": {"y": 47.0, "x": 406.5, "score": 0.7430265545845032}, "left_knee": {"y": 52.0, "x": 369.0, "score": 0.03530975803732872}, "left_ankle": {"y": 42.0, "x": 366.5, "score": 0.08999406546354294}, "left_mouth_corner": {"y": 54.5, "x": 446.5, "score": 0.1278916597366333}, "right_elbow": {"y": 99.5, "x": 389.0, "score": 0.7500013709068298}, "right_ear": {"y": 77.0, "x": 444.0, "score": 0.5575435161590576}, "nose": {"y": 52.0, "x": 451.5, "score": 0.2873976528644562}, "left_eye": {"y": 52.0, "x": 454.0, "score": 0.3288222253322601}, "right_eye": {"y": 54.5, "x": 459.0, "score": 0.2490816563367844}, "right_hip": {"y": 87.0, "x": 364.0, "score": 0.448639988899231}, "left_wrist": {"y": 19.5, "x": 411.5, "score": 0.8151237964630127}, "left_ear": {"y": 57.0, "x": 444.0, "score": 0.3997122347354889}, "left_elbow": {"y": 29.5, "x": 381.5, "score": 0.7787662148475647}, "right_shoulder": {"y": 87.0, "x": 411.5, "score": 0.6657840013504028}, "right_ankle": {"y": 84.5, "x": 361.5, "score": 0.1806472390890121}, "right_knee": {"y": 97.0, "x": 391.5, "score": 0.121560163795948}, "right_wrist": {"y": 89.5, "x": 424.0, "score": 0.4585461020469666}}, "location": {"height": 99.50511169433594, "width": 133.6194763183594, "top": 6.156906127929688, "score": 0.2656928598880768, "left": 343.0432739257812}}, {"body_parts": {"left_hip": {"y": 84.0, "x": 369.0, "score": 0.1358541995286942}, "top_head": {"y": 69.0, "x": 459.0, "score": 0.6118890643119812}, "right_mouth_corner": {"y": 74.0, "x": 434.0, "score": 0.2407913953065872}, "neck": {"y": 64.0, "x": 419.0, "score": 0.6308308839797974}, "left_shoulder": {"y": 54.0, "x": 404.0, "score": 0.5530365705490112}, "left_knee": {"y": 169.0, "x": 349.0, "score": 0.1360469162464142}, "left_ankle": {"y": 224.0, "x": 339.0, "score": 0.1330766528844833}, "left_mouth_corner": {"y": 34.0, "x": 424.0, "score": 0.1934405714273453}, "right_elbow": {"y": 34.0, "x": 374.0, "score": 0.2826147973537445}, "right_ear": {"y": 74.0, "x": 439.0, "score": 0.4881801009178162}, "nose": {"y": 59.0, "x": 439.0, "score": 0.1868237853050232}, "left_eye": {"y": 59.0, "x": 444.0, "score": 0.2641743421554565}, "right_eye": {"y": 74.0, "x": 439.0, "score": 0.2342492789030075}, "right_hip": {"y": 104.0, "x": 394.0, "score": 0.08210492134094238}, "left_wrist": {"y": 19.0, "x": 409.0, "score": 0.7926315069198608}, "left_ear": {"y": 64.0, "x": 439.0, "score": 0.4502455592155457}, "left_elbow": {"y": 29.0, "x": 369.0, "score": 0.6391167044639587}, "right_shoulder": {"y": 54.0, "x": 409.0, "score": 0.4097177088260651}, "right_ankle": {"y": 229.0, "x": 354.0, "score": 0.1020650342106819}, "right_knee": {"y": 179.0, "x": 354.0, "score": 0.04250001907348633}, "right_wrist": {"y": 24.0, "x": 394.0, "score": 0.303802102804184}}, "location": {"height": 266.3248596191406, "width": 137.1719665527344, "top": 1.906402587890625, "score": 0.01786304078996181, "left": 341.8280029296875}}, {"body_parts": {"left_hip": {"y": 116.25, "x": 398.75, "score": 0.2256408929824829}, "top_head": {"y": 9.75, "x": 389.875, "score": 0.1535262167453766}, "right_mouth_corner": {"y": 45.25, "x": 434.25, "score": 0.1860817074775696}, "neck": {"y": 36.375, "x": 425.375, "score": 0.3988435566425323}, "left_shoulder": {"y": 36.375, "x": 452.0, "score": 0.2616258561611176}, "left_knee": {"y": 107.375, "x": 168.0, "score": 0.1064848452806473}, "left_ankle": {"y": 249.375, "x": 398.75, "score": 0.1014993637800217}, "left_mouth_corner": {"y": 36.375, "x": 443.125, "score": 0.212501272559166}, "right_elbow": {"y": 80.75, "x": 363.25, "score": 0.3657601475715637}, "right_ear": {"y": 27.5, "x": 425.375, "score": 0.299065887928009}, "nose": {"y": 36.375, "x": 443.125, "score": 0.1898235678672791}, "left_eye": {"y": 27.5, "x": 434.25, "score": 0.2265205383300781}, "right_eye": {"y": 27.5, "x": 443.125, "score": 0.1911454498767853}, "right_hip": {"y": 107.375, "x": 363.25, "score": 0.1933072954416275}, "left_wrist": {"y": 71.875, "x": 398.75, "score": 0.29921954870224}, "left_ear": {"y": 36.375, "x": 425.375, "score": 0.2752993702888489}, "left_elbow": {"y": 63.0, "x": 443.125, "score": 0.3200684487819672}, "right_shoulder": {"y": 36.375, "x": 389.875, "score": 0.3878943026065826}, "right_ankle": {"y": 249.375, "x": 398.75, "score": 0.092584028840065}, "right_knee": {"y": 125.125, "x": 168.0, "score": 0.1093948557972908}, "right_wrist": {"y": 54.125, "x": 425.375, "score": 0.1987496614456177}}, "location": {"height": 269.0, "width": 472.3459167480469, "top": 0.0, "score": 0.01211448386311531, "left": 6.654083251953125}}], "log_id": 3400567143516826657}