{"person_num": 2, "person_info": [{"body_parts": {"left_hip": {"y": 59.875, "x": 362.625, "score": 0.540274441242218}, "top_head": {"y": 67.75, "x": 459.75, "score": 0.6486655473709106}, "right_mouth_corner": {"y": 57.25, "x": 436.125, "score": 0.1389062106609344}, "neck": {"y": 73.0, "x": 420.375, "score": 0.8025782108306885}, "left_shoulder": {"y": 52.0, "x": 415.125, "score": 0.7536002397537231}, "left_knee": {"y": 33.625, "x": 404.625, "score": 0.4026340246200562}, "left_ankle": {"y": 33.625, "x": 362.625, "score": 0.1330538392066956}, "left_mouth_corner": {"y": 57.25, "x": 433.5, "score": 0.223281517624855}, "right_elbow": {"y": 96.625, "x": 391.5, "score": 0.3460259437561035}, "right_ear": {"y": 83.5, "x": 438.75, "score": 0.5369156002998352}, "nose": {"y": 59.875, "x": 441.375, "score": 0.1386575996875763}, "left_eye": {"y": 62.5, "x": 444.0, "score": 0.281461238861084}, "right_eye": {"y": 65.125, "x": 444.0, "score": 0.1940618306398392}, "right_hip": {"y": 83.5, "x": 360.0, "score": 0.3568304181098938}, "left_wrist": {"y": 54.625, "x": 459.75, "score": 0.7534139156341553}, "left_ear": {"y": 65.125, "x": 433.5, "score": 0.3359969854354858}, "left_elbow": {"y": 33.625, "x": 438.75, "score": 0.8552155494689941}, "right_shoulder": {"y": 88.75, "x": 404.625, "score": 0.4856505990028381}, "right_ankle": {"y": 33.625, "x": 365.25, "score": 0.09184101969003677}, "right_knee": {"y": 41.5, "x": 409.875, "score": 0.1091092824935913}, "right_wrist": {"y": 86.125, "x": 423.0, "score": 0.4314815700054169}}, "location": {"height": 95.3392562866211, "width": 138.2876586914062, "top": 16.09461975097656, "score": 0.3786010146141052, "left": 340.7123413085938}}, {"body_parts": {"left_hip": {"y": 116.125, "x": 399.875, "score": 0.1358652710914612}, "top_head": {"y": 17.8125, "x": 453.5, "score": 0.1906519085168839}, "right_mouth_corner": {"y": 89.3125, "x": 417.75, "score": 0.2017928659915924}, "neck": {"y": 44.625, "x": 426.6875, "score": 0.2244628369808197}, "left_shoulder": {"y": 35.6875, "x": 399.875, "score": 0.1679785400629044}, "left_knee": {"y": 214.4375, "x": 408.8125, "score": 0.05974491685628891}, "left_ankle": {"y": 241.25, "x": 373.0625, "score": 0.03932398557662964}, "left_mouth_corner": {"y": 89.3125, "x": 426.6875, "score": 0.2501623630523682}, "right_elbow": {"y": 80.375, "x": 364.125, "score": 0.4868582189083099}, "right_ear": {"y": 44.625, "x": 417.75, "score": 0.2725231945514679}, "nose": {"y": 89.3125, "x": 426.6875, "score": 0.2867379486560822}, "left_eye": {"y": 71.4375, "x": 435.625, "score": 0.2790373861789703}, "right_eye": {"y": 71.4375, "x": 426.6875, "score": 0.210438996553421}, "right_hip": {"y": 116.125, "x": 399.875, "score": 0.1005013957619667}, "left_wrist": {"y": 71.4375, "x": 408.8125, "score": 0.2857263684272766}, "left_ear": {"y": 44.625, "x": 417.75, "score": 0.1443912982940674}, "left_elbow": {"y": 80.375, "x": 373.0625, "score": 0.3752652704715729}, "right_shoulder": {"y": 26.75, "x": 390.9375, "score": 0.2839044034481049}, "right_ankle": {"y": 250.1875, "x": 382.0, "score": 0.06855474412441254}, "right_knee": {"y": 205.5, "x": 382.0, "score": 0.05237019434571266}, "right_wrist": {"y": 62.5, "x": 399.875, "score": 0.2377234846353531}}, "location": {"height": 269.0, "width": 476.1585998535156, "top": 0.0, "score": 0.009903413243591785, "left": 2.841400146484375}}], "log_id": 3714888708136384161}