{"person_num": 3, "person_info": [{"body_parts": {"left_hip": {"y": 63.75, "x": 362.625, "score": 0.3248980343341827}, "top_head": {"y": 63.75, "x": 465.0, "score": 0.4571675956249237}, "right_mouth_corner": {"y": 53.25, "x": 428.25, "score": 0.2127691358327866}, "neck": {"y": 69.0, "x": 420.375, "score": 0.7353406548500061}, "left_shoulder": {"y": 50.625, "x": 415.125, "score": 0.6910445690155029}, "left_knee": {"y": 32.25, "x": 407.25, "score": 0.258733868598938}, "left_ankle": {"y": 29.625, "x": 399.375, "score": 0.3140482604503632}, "left_mouth_corner": {"y": 53.25, "x": 428.25, "score": 0.3377774953842163}, "right_elbow": {"y": 90.0, "x": 402.0, "score": 0.304440438747406}, "right_ear": {"y": 79.5, "x": 441.375, "score": 0.5161788463592529}, "nose": {"y": 53.25, "x": 436.125, "score": 0.3475398123264313}, "left_eye": {"y": 58.5, "x": 446.625, "score": 0.5195946097373962}, "right_eye": {"y": 53.25, "x": 438.75, "score": 0.177412211894989}, "right_hip": {"y": 82.125, "x": 362.625, "score": 0.3638070821762085}, "left_wrist": {"y": 61.125, "x": 433.5, "score": 0.1764122098684311}, "left_ear": {"y": 58.5, "x": 436.125, "score": 0.5069365501403809}, "left_elbow": {"y": 53.25, "x": 420.375, "score": 0.1417632550001144}, "right_shoulder": {"y": 82.125, "x": 407.25, "score": 0.4103872179985046}, "right_ankle": {"y": 37.5, "x": 365.25, "score": 0.09950907528400421}, "right_knee": {"y": 87.375, "x": 367.875, "score": 0.1309181749820709}, "right_wrist": {"y": 87.375, "x": 425.625, "score": 0.649591326713562}}, "location": {"height": 106.6141128540039, "width": 138.0351409912109, "top": 2.153861999511719, "score": 0.07570616155862808, "left": 340.96484375}}, {"body_parts": {"left_hip": {"y": 79.6875, "x": 369.9375, "score": 0.3570525050163269}, "top_head": {"y": 69.8125, "x": 453.875, "score": 0.6874150037765503}, "right_mouth_corner": {"y": 84.625, "x": 429.1875, "score": 0.455939918756485}, "neck": {"y": 64.875, "x": 424.25, "score": 0.7468852996826172}, "left_shoulder": {"y": 59.9375, "x": 419.3125, "score": 0.477471798658371}, "left_knee": {"y": 64.875, "x": 355.125, "score": 0.1509928852319717}, "left_ankle": {"y": 35.25, "x": 389.6875, "score": 0.2572684586048126}, "left_mouth_corner": {"y": 84.625, "x": 434.125, "score": 0.4813228845596313}, "right_elbow": {"y": 55.0, "x": 369.9375, "score": 0.1160124912858009}, "right_ear": {"y": 74.75, "x": 439.0625, "score": 0.6390273571014404}, "nose": {"y": 84.625, "x": 434.125, "score": 0.5919581651687622}, "left_eye": {"y": 79.6875, "x": 439.0625, "score": 0.5990274548530579}, "right_eye": {"y": 84.625, "x": 439.0625, "score": 0.6531218886375427}, "right_hip": {"y": 79.6875, "x": 365.0, "score": 0.328103631734848}, "left_wrist": {"y": 79.6875, "x": 429.1875, "score": 0.1496724635362625}, "left_ear": {"y": 69.8125, "x": 439.0625, "score": 0.555344820022583}, "left_elbow": {"y": 64.875, "x": 439.0625, "score": 0.2019860148429871}, "right_shoulder": {"y": 55.0, "x": 409.4375, "score": 0.4625700712203979}, "right_ankle": {"y": 35.25, "x": 394.625, "score": 0.2777459025382996}, "right_knee": {"y": 55.0, "x": 360.0625, "score": 0.2020102441310883}, "right_wrist": {"y": 50.0625, "x": 374.875, "score": 0.2008323818445206}}, "location": {"height": 263.2638854980469, "width": 139.1259155273438, "top": 3.470382690429688, "score": 0.04057041555643082, "left": 339.8740844726562}}, {"body_parts": {"left_hip": {"y": 116.1875, "x": 363.6875, "score": 0.07871832698583603}, "top_head": {"y": 36.03125, "x": 399.3125, "score": 0.1123406141996384}, "right_mouth_corner": {"y": 53.84375, "x": 452.75, "score": 0.0959818959236145}, "neck": {"y": 44.9375, "x": 452.75, "score": 0.1051822453737259}, "left_shoulder": {"y": 36.03125, "x": 443.84375, "score": 0.1314733773469925}, "left_knee": {"y": 107.28125, "x": 167.75, "score": 0.09489800035953522}, "left_ankle": {"y": 240.875, "x": 381.5, "score": 0.0730617418885231}, "left_mouth_corner": {"y": 44.9375, "x": 479.46875, "score": 0.09343020617961884}, "right_elbow": {"y": 71.65625, "x": 434.9375, "score": 0.2502348721027374}, "right_ear": {"y": 44.9375, "x": 417.125, "score": 0.2136063724756241}, "nose": {"y": 44.9375, "x": 461.65625, "score": 0.1359693109989166}, "left_eye": {"y": 27.125, "x": 470.5625, "score": 0.2071813195943832}, "right_eye": {"y": 36.03125, "x": 452.75, "score": 0.2125445604324341}, "right_hip": {"y": 107.28125, "x": 354.78125, "score": 0.06490222364664078}, "left_wrist": {"y": 71.65625, "x": 426.03125, "score": 0.2042713761329651}, "left_ear": {"y": 44.9375, "x": 399.3125, "score": 0.1303949952125549}, "left_elbow": {"y": 62.75, "x": 443.84375, "score": 0.2412903308868408}, "right_shoulder": {"y": 27.125, "x": 452.75, "score": 0.1616181284189224}, "right_ankle": {"y": 240.875, "x": 381.5, "score": 0.07687009125947952}, "right_knee": {"y": 116.1875, "x": 158.84375, "score": 0.09749772399663925}, "right_wrist": {"y": 71.65625, "x": 426.03125, "score": 0.189096137881279}}, "location": {"height": 269.0, "width": 474.8258056640625, "top": 0.0, "score": 0.01240459363907576, "left": 4.174179077148438}}], "log_id": 3290556139806935681}