{"person_num": 2, "person_info": [{"body_parts": {"left_hip": {"y": 64.40625, "x": 383.75, "score": 0.09175220876932144}, "top_head": {"y": 34.03125, "x": 480, "score": 0.03534314036369324}, "right_mouth_corner": {"y": 21.375, "x": 469.8125, "score": 0.0399065762758255}, "neck": {"y": 51.75, "x": 480, "score": 0.1670137792825699}, "left_shoulder": {"y": 34.03125, "x": 462.21875, "score": 0.3687426447868347}, "left_knee": {"y": 61.875, "x": 381.21875, "score": 0.3566541075706482}, "left_ankle": {"y": 69.46875, "x": 358.4375, "score": 0.4438917338848114}, "left_mouth_corner": {"y": 26.4375, "x": 472.34375, "score": 0.05765289440751076}, "right_elbow": {"y": 94.78125, "x": 464.75, "score": 0.3574219048023224}, "right_ear": {"y": 54.28125, "x": 480, "score": 0.04999909922480583}, "nose": {"y": 21.375, "x": 469.8125, "score": 0.2226682007312775}, "left_eye": {"y": 18.84375, "x": 474.875, "score": 0.1874649077653885}, "right_eye": {"y": 16.3125, "x": 472.34375, "score": 0.1940620541572571}, "right_hip": {"y": 79.59375, "x": 386.28125, "score": 0.06451540440320969}, "left_wrist": {"y": 66.9375, "x": 360.96875, "score": 0.1259153038263321}, "left_ear": {"y": 18.84375, "x": 472.34375, "score": 0.1688892990350723}, "left_elbow": {"y": 44.15625, "x": 409.0625, "score": 0.4843251705169678}, "right_shoulder": {"y": 74.53125, "x": 479.9375, "score": 0.2449155896902084}, "right_ankle": {"y": 92.25, "x": 371.09375, "score": 0.5104562640190125}, "right_knee": {"y": 79.59375, "x": 401.46875, "score": 0.4208420813083649}, "right_wrist": {"y": 99.84375, "x": 454.625, "score": 0.1319740414619446}}, "location": {"height": 102.4324188232422, "width": 134.6454315185547, "top": 12.10284423828125, "score": 0.09900856018066406, "left": 344.3545532226562}}, {"body_parts": {"left_hip": {"y": 142.875, "x": 443.125, "score": 0.2048390805721283}, "top_head": {"y": 36.375, "x": 460.875, "score": 0.141883373260498}, "right_mouth_corner": {"y": 18.625, "x": 478.625, "score": 0.1292755156755447}, "neck": {"y": 27.5, "x": 452.0, "score": 0.2697857618331909}, "left_shoulder": {"y": 27.5, "x": 460.875, "score": 0.2347995042800903}, "left_knee": {"y": 151.75, "x": 452.0, "score": 0.07106613367795944}, "left_ankle": {"y": 169.5, "x": 88.125, "score": 0.06041866168379784}, "left_mouth_corner": {"y": 36.375, "x": 460.875, "score": 0.1224549561738968}, "right_elbow": {"y": 71.875, "x": 460.875, "score": 0.1815788000822067}, "right_ear": {"y": 71.875, "x": 452.0, "score": 0.2232488393783569}, "nose": {"y": 9.75, "x": 469.75, "score": 0.2009815871715546}, "left_eye": {"y": 9.75, "x": 469.75, "score": 0.1492401957511902}, "right_eye": {"y": 9.75, "x": 469.75, "score": 0.2136669009923935}, "right_hip": {"y": 142.875, "x": 443.125, "score": 0.08294709771871567}, "left_wrist": {"y": 63.0, "x": 381.0, "score": 0.4483044743537903}, "left_ear": {"y": 36.375, "x": 425.375, "score": 0.1598727107048035}, "left_elbow": {"y": 71.875, "x": 460.875, "score": 0.4610706269741058}, "right_shoulder": {"y": 27.5, "x": 460.875, "score": 0.1865567564964294}, "right_ankle": {"y": 169.5, "x": 88.125, "score": 0.07591697573661804}, "right_knee": {"y": 116.25, "x": 150.25, "score": 0.05700647830963135}, "right_wrist": {"y": 63.0, "x": 389.875, "score": 0.1171675473451614}}, "location": {"height": 269.0, "width": 472.1994018554688, "top": 0.0, "score": 0.01737364754080772, "left": 6.800582885742188}}], "log_id": 401372502527656609}