{"person_num": 2, "person_info": [{"body_parts": {"left_hip": {"y": 66.0, "x": 361.5, "score": 0.5133189558982849}, "top_head": {"y": 51.0, "x": 461.5, "score": 0.6752253770828247}, "right_mouth_corner": {"y": 41.0, "x": 431.5, "score": 0.1477077305316925}, "neck": {"y": 66.0, "x": 421.5, "score": 0.7897687554359436}, "left_shoulder": {"y": 48.5, "x": 411.5, "score": 0.7808903455734253}, "left_knee": {"y": 33.5, "x": 401.5, "score": 0.2965348362922668}, "left_ankle": {"y": 31.0, "x": 399.0, "score": 0.3683387637138367}, "left_mouth_corner": {"y": 43.5, "x": 421.5, "score": 0.19881671667099}, "right_elbow": {"y": 98.5, "x": 391.5, "score": 0.6380429267883301}, "right_ear": {"y": 71.0, "x": 444.0, "score": 0.6855266094207764}, "nose": {"y": 43.5, "x": 439.0, "score": 0.2923471629619598}, "left_eye": {"y": 46.0, "x": 441.5, "score": 0.4186677932739258}, "right_eye": {"y": 68.5, "x": 451.5, "score": 0.1924518346786499}, "right_hip": {"y": 88.5, "x": 364.0, "score": 0.5518357157707214}, "left_wrist": {"y": 38.5, "x": 396.5, "score": 0.1565331220626831}, "left_ear": {"y": 48.5, "x": 434.0, "score": 0.6226892471313477}, "left_elbow": {"y": 61.0, "x": 391.5, "score": 0.08692917972803116}, "right_shoulder": {"y": 88.5, "x": 409.0, "score": 0.6379782557487488}, "right_ankle": {"y": 81.0, "x": 354.0, "score": 0.2008638083934784}, "right_knee": {"y": 96.0, "x": 391.5, "score": 0.1442208290100098}, "right_wrist": {"y": 86.0, "x": 424.0, "score": 0.7719392776489258}}, "location": {"height": 102.7349090576172, "width": 133.5975799560547, "top": 11.74915313720703, "score": 0.05905501544475555, "left": 334.3165283203125}}, {"body_parts": {"left_hip": {"y": 151.875, "x": 444.5625, "score": 0.04756053164601326}, "top_head": {"y": 17.8125, "x": 453.5, "score": 0.09487361460924149}, "right_mouth_corner": {"y": 44.625, "x": 462.4375, "score": 0.0509595014154911}, "neck": {"y": 80.375, "x": 382.0, "score": 0.06774982064962387}, "left_shoulder": {"y": 44.625, "x": 6.625, "score": 0.09733856469392776}, "left_knee": {"y": 160.8125, "x": 417.75, "score": 0.0462329238653183}, "left_ankle": {"y": 53.5625, "x": 408.8125, "score": 0.1154505386948586}, "left_mouth_corner": {"y": 44.625, "x": 480, "score": 0.06733062863349915}, "right_elbow": {"y": 116.125, "x": 167.5, "score": 0.1719042807817459}, "right_ear": {"y": 44.625, "x": 417.75, "score": 0.1721161603927612}, "nose": {"y": 0, "x": 0, "score": 0.1323385089635849}, "left_eye": {"y": 0, "x": 0, "score": 0.120418094098568}, "right_eye": {"y": 35.6875, "x": 453.5, "score": 0.1538123488426208}, "right_hip": {"y": 125.0625, "x": 96.0, "score": 0.03844396770000458}, "left_wrist": {"y": 71.4375, "x": 408.8125, "score": 0.1347454488277435}, "left_ear": {"y": 44.625, "x": 399.875, "score": 0.1309579014778137}, "left_elbow": {"y": 107.1875, "x": 167.5, "score": 0.1291474103927612}, "right_shoulder": {"y": 26.75, "x": 6.625, "score": 0.2194168269634247}, "right_ankle": {"y": 71.4375, "x": 408.8125, "score": 0.06953581422567368}, "right_knee": {"y": 107.1875, "x": 131.75, "score": 0.04820400103926659}, "right_wrist": {"y": 71.4375, "x": 417.75, "score": 0.1767708361148834}}, "location": {"height": 269.0, "width": 475.0068054199219, "top": 0.0, "score": 0.01534045021981001, "left": 3.993179321289062}}], "log_id": 6816795370467168449}