{"person_num": 2, "person_info": [{"body_parts": {"left_hip": {"y": 66.59375, "x": 357.6875, "score": 0.5514189004898071}, "top_head": {"y": 44.9375, "x": 458.75, "score": 0.6590842008590698}, "right_mouth_corner": {"y": 40.125, "x": 432.28125, "score": 0.1215601190924644}, "neck": {"y": 64.1875, "x": 420.25, "score": 0.7676410675048828}, "left_shoulder": {"y": 47.34375, "x": 408.21875, "score": 0.7850831747055054}, "left_knee": {"y": 40.125, "x": 393.78125, "score": 0.2361065298318863}, "left_ankle": {"y": 30.5, "x": 401.0, "score": 0.400786280632019}, "left_mouth_corner": {"y": 42.53125, "x": 422.65625, "score": 0.2200697511434555}, "right_elbow": {"y": 97.875, "x": 391.375, "score": 0.7500287890434265}, "right_ear": {"y": 66.59375, "x": 444.3125, "score": 0.5996866226196289}, "nose": {"y": 40.125, "x": 437.09375, "score": 0.3481805324554443}, "left_eye": {"y": 40.125, "x": 441.90625, "score": 0.4443803131580353}, "right_eye": {"y": 40.125, "x": 439.5, "score": 0.2525202631950378}, "right_hip": {"y": 88.25, "x": 362.5, "score": 0.5295485854148865}, "left_wrist": {"y": 35.3125, "x": 396.1875, "score": 0.3094519078731537}, "left_ear": {"y": 47.34375, "x": 432.28125, "score": 0.6914401650428772}, "left_elbow": {"y": 52.15625, "x": 372.125, "score": 0.3467940390110016}, "right_shoulder": {"y": 85.84375, "x": 410.625, "score": 0.7030597925186157}, "right_ankle": {"y": 85.84375, "x": 357.6875, "score": 0.2789784073829651}, "right_knee": {"y": 93.0625, "x": 391.375, "score": 0.2084360867738724}, "right_wrist": {"y": 85.84375, "x": 425.0625, "score": 0.7978441715240479}}, "location": {"height": 103.5170974731445, "width": 127.5354766845703, "top": 10.90156936645508, "score": 0.09739838540554047, "left": 337.5770874023438}}, {"body_parts": {"left_hip": {"y": 125.125, "x": 443.125, "score": 0.1221044510602951}, "top_head": {"y": 27.5, "x": 452.0, "score": 0.183485820889473}, "right_mouth_corner": {"y": 63.0, "x": 434.25, "score": 0.1789456009864807}, "neck": {"y": 36.375, "x": 434.25, "score": 0.2624769508838654}, "left_shoulder": {"y": 18.625, "x": 452.0, "score": 0.1752446293830872}, "left_knee": {"y": 116.25, "x": 168.0, "score": 0.08682000637054443}, "left_ankle": {"y": 249.375, "x": 372.125, "score": 0.04318006709218025}, "left_mouth_corner": {"y": 54.125, "x": 443.125, "score": 0.1633363962173462}, "right_elbow": {"y": 80.75, "x": 363.25, "score": 0.3628769516944885}, "right_ear": {"y": 45.25, "x": 425.375, "score": 0.3322751820087433}, "nose": {"y": 54.125, "x": 443.125, "score": 0.1748595088720322}, "left_eye": {"y": 36.375, "x": 452.0, "score": 0.2110140323638916}, "right_eye": {"y": 36.375, "x": 452.0, "score": 0.2325069904327393}, "right_hip": {"y": 98.5, "x": 363.25, "score": 0.107373408973217}, "left_wrist": {"y": 71.875, "x": 407.625, "score": 0.3056333661079407}, "left_ear": {"y": 45.25, "x": 398.75, "score": 0.2327526360750198}, "left_elbow": {"y": 80.75, "x": 372.125, "score": 0.316645622253418}, "right_shoulder": {"y": 27.5, "x": 17.125, "score": 0.2086368948221207}, "right_ankle": {"y": 160.625, "x": 97.0, "score": 0.04811275750398636}, "right_knee": {"y": 125.125, "x": 168.0, "score": 0.09541940689086914}, "right_wrist": {"y": 63.0, "x": 407.625, "score": 0.2151404321193695}}, "location": {"height": 269.0, "width": 472.3521728515625, "top": 0.0, "score": 0.01404091250151396, "left": 6.647811889648438}}], "log_id": 7273869937359584801}