{"person_num": 3, "person_info": [{"body_parts": {"left_hip": {"y": 70.0, "x": 359.5625, "score": 0.5062389373779297}, "top_head": {"y": 47.78125, "x": 463.25, "score": 0.6554063558578491}, "right_mouth_corner": {"y": 40.375, "x": 433.625, "score": 0.2167045921087265}, "neck": {"y": 62.59375, "x": 423.75, "score": 0.8063955903053284}, "left_shoulder": {"y": 45.3125, "x": 406.46875, "score": 0.7788232564926147}, "left_knee": {"y": 62.59375, "x": 359.5625, "score": 0.2159214615821838}, "left_ankle": {"y": 77.40625, "x": 349.6875, "score": 0.2174265682697296}, "left_mouth_corner": {"y": 40.375, "x": 433.625, "score": 0.2958995997905731}, "right_elbow": {"y": 99.625, "x": 394.125, "score": 0.7956333160400391}, "right_ear": {"y": 67.53125, "x": 445.96875, "score": 0.5499516129493713}, "nose": {"y": 40.375, "x": 438.5625, "score": 0.4936366379261017}, "left_eye": {"y": 40.375, "x": 441.03125, "score": 0.4724685251712799}, "right_eye": {"y": 40.375, "x": 441.03125, "score": 0.3635610938072205}, "right_hip": {"y": 89.75, "x": 364.5, "score": 0.5854745507240295}, "left_wrist": {"y": 35.4375, "x": 376.84375, "score": 0.3833015859127045}, "left_ear": {"y": 45.3125, "x": 436.09375, "score": 0.7665166258811951}, "left_elbow": {"y": 47.78125, "x": 374.375, "score": 0.7646267414093018}, "right_shoulder": {"y": 87.28125, "x": 413.875, "score": 0.7271268963813782}, "right_ankle": {"y": 87.28125, "x": 357.09375, "score": 0.3930652439594269}, "right_knee": {"y": 97.15625, "x": 396.59375, "score": 0.1752717643976212}, "right_wrist": {"y": 84.8125, "x": 423.75, "score": 0.7010464072227478}}, "location": {"height": 108.2726135253906, "width": 130.5381469726562, "top": 7.751850128173828, "score": 0.1375118046998978, "left": 344.9857177734375}}, {"body_parts": {"left_hip": {"y": 116.1875, "x": 399.3125, "score": 0.16631218791008}, "top_head": {"y": 9.3125, "x": 461.65625, "score": 0.1478374302387238}, "right_mouth_corner": {"y": 27.125, "x": 470.5625, "score": 0.1658269464969635}, "neck": {"y": 27.125, "x": 434.9375, "score": 0.3057980835437775}, "left_shoulder": {"y": 53.84375, "x": 434.9375, "score": 0.2584576308727264}, "left_knee": {"y": 107.28125, "x": 167.75, "score": 0.09453795105218887}, "left_ankle": {"y": 249.78125, "x": 399.3125, "score": 0.1205911338329315}, "left_mouth_corner": {"y": 36.03125, "x": 461.65625, "score": 0.1905136257410049}, "right_elbow": {"y": 71.65625, "x": 399.3125, "score": 0.3051814138889313}, "right_ear": {"y": 36.03125, "x": 426.03125, "score": 0.2518132030963898}, "nose": {"y": 18.21875, "x": 470.5625, "score": 0.2225969582796097}, "left_eye": {"y": 18.21875, "x": 461.65625, "score": 0.275353342294693}, "right_eye": {"y": 18.21875, "x": 461.65625, "score": 0.2965415418148041}, "right_hip": {"y": 116.1875, "x": 426.03125, "score": 0.135996013879776}, "left_wrist": {"y": 62.75, "x": 399.3125, "score": 0.3032152354717255}, "left_ear": {"y": 44.9375, "x": 399.3125, "score": 0.188441276550293}, "left_elbow": {"y": 53.84375, "x": 434.9375, "score": 0.2606056332588196}, "right_shoulder": {"y": 27.125, "x": 426.03125, "score": 0.2454769164323807}, "right_ankle": {"y": 249.78125, "x": 399.3125, "score": 0.1060580536723137}, "right_knee": {"y": 116.1875, "x": 158.84375, "score": 0.0883617177605629}, "right_wrist": {"y": 53.84375, "x": 399.3125, "score": 0.2331032902002335}}, "location": {"height": 269.0, "width": 473.0900573730469, "top": 0.0, "score": 0.02156618610024452, "left": 5.909927368164062}}, {"body_parts": {"left_hip": {"y": 84.0, "x": 374.0, "score": 0.08387695997953415}, "top_head": {"y": 49.0, "x": 454.0, "score": 0.4006121456623077}, "right_mouth_corner": {"y": 64.0, "x": 429.0, "score": 0.1095071509480476}, "neck": {"y": 64.0, "x": 424.0, "score": 0.7069873809814453}, "left_shoulder": {"y": 44.0, "x": 404.0, "score": 0.5326838493347168}, "left_knee": {"y": 169.0, "x": 344.0, "score": 0.1457005739212036}, "left_ankle": {"y": 224.0, "x": 329.0, "score": 0.194326251745224}, "left_mouth_corner": {"y": 59.0, "x": 429.0, "score": 0.1216292977333069}, "right_elbow": {"y": 84.0, "x": 394.0, "score": 0.171911746263504}, "right_ear": {"y": 64.0, "x": 439.0, "score": 0.3635769188404083}, "nose": {"y": 59.0, "x": 439.0, "score": 0.1587227135896683}, "left_eye": {"y": 54.0, "x": 439.0, "score": 0.2239981591701508}, "right_eye": {"y": 59.0, "x": 439.0, "score": 0.2044457495212555}, "right_hip": {"y": 99.0, "x": 379.0, "score": 0.1588794887065887}, "left_wrist": {"y": 39.0, "x": 374.0, "score": 0.1136591956019402}, "left_ear": {"y": 44.0, "x": 434.0, "score": 0.5035777688026428}, "left_elbow": {"y": 44.0, "x": 369.0, "score": 0.2493667751550674}, "right_shoulder": {"y": 74.0, "x": 419.0, "score": 0.4482018649578094}, "right_ankle": {"y": 224.0, "x": 329.0, "score": 0.1200827956199646}, "right_knee": {"y": 74.0, "x": 354.0, "score": 0.1069778949022293}, "right_wrist": {"y": 74.0, "x": 424.0, "score": 0.2489505708217621}}, "location": {"height": 266.8393859863281, "width": 137.8200531005859, "top": 1.674209594726562, "score": 0.007946629077196121, "left": 341.179931640625}}], "log_id": 4534397824265941057}