{"person_num": 3, "person_info": [{"body_parts": {"left_hip": {"y": 69.0, "x": 361.0, "score": 0.47223299741745}, "top_head": {"y": 66.4375, "x": 458.375, "score": 0.5249208807945251}, "right_mouth_corner": {"y": 86.9375, "x": 435.3125, "score": 0.3696134984493256}, "neck": {"y": 71.5625, "x": 419.9375, "score": 0.7322384119033813}, "left_shoulder": {"y": 48.5, "x": 407.125, "score": 0.774102509021759}, "left_knee": {"y": 53.625, "x": 368.6875, "score": 0.1896487176418304}, "left_ankle": {"y": 43.375, "x": 371.25, "score": 0.2069339901208878}, "left_mouth_corner": {"y": 86.9375, "x": 437.875, "score": 0.4486269652843475}, "right_elbow": {"y": 99.75, "x": 389.1875, "score": 0.4459919631481171}, "right_ear": {"y": 76.6875, "x": 437.875, "score": 0.542899489402771}, "nose": {"y": 84.375, "x": 440.4375, "score": 0.5641451478004456}, "left_eye": {"y": 81.8125, "x": 443.0, "score": 0.431246817111969}, "right_eye": {"y": 81.8125, "x": 440.4375, "score": 0.521361231803894}, "right_hip": {"y": 89.5, "x": 361.0, "score": 0.477911651134491}, "left_wrist": {"y": 43.375, "x": 384.0625, "score": 0.1793927252292633}, "left_ear": {"y": 58.75, "x": 435.3125, "score": 0.5079821348190308}, "left_elbow": {"y": 45.9375, "x": 376.375, "score": 0.6572783589363098}, "right_shoulder": {"y": 92.0625, "x": 407.125, "score": 0.6639413237571716}, "right_ankle": {"y": 86.9375, "x": 355.875, "score": 0.3424572646617889}, "right_knee": {"y": 69.0, "x": 381.5, "score": 0.1813576519489288}, "right_wrist": {"y": 86.9375, "x": 422.5, "score": 0.2091280966997147}}, "location": {"height": 102.4677124023438, "width": 137.044921875, "top": 5.080498218536377, "score": 0.09108228236436844, "left": 340.7909545898438}}, {"body_parts": {"left_hip": {"y": 116.1875, "x": 363.6875, "score": 0.103255607187748}, "top_head": {"y": 36.03125, "x": 381.5, "score": 0.1799762547016144}, "right_mouth_corner": {"y": 44.9375, "x": 461.65625, "score": 0.1701648533344269}, "neck": {"y": 62.75, "x": 381.5, "score": 0.167069137096405}, "left_shoulder": {"y": 53.84375, "x": 452.75, "score": 0.1492698639631271}, "left_knee": {"y": 107.28125, "x": 167.75, "score": 0.09971301257610321}, "left_ankle": {"y": 240.875, "x": 381.5, "score": 0.06823299080133438}, "left_mouth_corner": {"y": 44.9375, "x": 479.46875, "score": 0.1737579703330994}, "right_elbow": {"y": 62.75, "x": 399.3125, "score": 0.1930448114871979}, "right_ear": {"y": 44.9375, "x": 408.21875, "score": 0.1918549835681915}, "nose": {"y": 36.03125, "x": 470.5625, "score": 0.2025594711303711}, "left_eye": {"y": 27.125, "x": 479.46875, "score": 0.2247448116540909}, "right_eye": {"y": 18.21875, "x": 470.5625, "score": 0.2701302468776703}, "right_hip": {"y": 107.28125, "x": 399.3125, "score": 0.09306958317756653}, "left_wrist": {"y": 71.65625, "x": 399.3125, "score": 0.2710290849208832}, "left_ear": {"y": 44.9375, "x": 390.40625, "score": 0.1634666919708252}, "left_elbow": {"y": 62.75, "x": 443.84375, "score": 0.1684010028839111}, "right_shoulder": {"y": 27.125, "x": 399.3125, "score": 0.1822271198034286}, "right_ankle": {"y": 240.875, "x": 372.59375, "score": 0.07348571717739105}, "right_knee": {"y": 116.1875, "x": 158.84375, "score": 0.09597097337245941}, "right_wrist": {"y": 71.65625, "x": 417.125, "score": 0.2411627620458603}}, "location": {"height": 269.0, "width": 474.7837524414062, "top": 0.0, "score": 0.01484342012554407, "left": 4.216232299804688}}, {"body_parts": {"left_hip": {"y": 123.875, "x": 455.125, "score": 0.0485217459499836}, "top_head": {"y": 68.1875, "x": 439.9375, "score": 0.08421675860881805}, "right_mouth_corner": {"y": 83.375, "x": 434.875, "score": 0.07058585435152054}, "neck": {"y": 63.125, "x": 419.6875, "score": 0.08562779426574707}, "left_shoulder": {"y": 63.125, "x": 409.5625, "score": 0.09014429897069931}, "left_knee": {"y": 83.375, "x": 414.625, "score": 0.1938823610544205}, "left_ankle": {"y": 27.6875, "x": 394.375, "score": 0.2362906634807587}, "left_mouth_corner": {"y": 83.375, "x": 439.9375, "score": 0.08737612515687943}, "right_elbow": {"y": 73.25, "x": 419.6875, "score": 0.03815207257866859}, "right_ear": {"y": 68.1875, "x": 429.8125, "score": 0.1051096245646477}, "nose": {"y": 83.375, "x": 434.875, "score": 0.1259155571460724}, "left_eye": {"y": 73.25, "x": 434.875, "score": 0.1604916900396347}, "right_eye": {"y": 78.3125, "x": 434.875, "score": 0.1170211434364319}, "right_hip": {"y": 128.9375, "x": 450.0625, "score": 0.04674922302365303}, "left_wrist": {"y": 73.25, "x": 419.6875, "score": 0.0847952663898468}, "left_ear": {"y": 63.125, "x": 424.75, "score": 0.1107134595513344}, "left_elbow": {"y": 63.125, "x": 434.875, "score": 0.03145278245210648}, "right_shoulder": {"y": 58.0625, "x": 409.5625, "score": 0.09054115414619446}, "right_ankle": {"y": 32.75, "x": 394.375, "score": 0.2614239454269409}, "right_knee": {"y": 78.3125, "x": 419.6875, "score": 0.1406030207872391}, "right_wrist": {"y": 73.25, "x": 429.8125, "score": 0.09956889599561691}}, "location": {"height": 268.7675476074219, "width": 135.9048004150391, "top": 0.2324371337890625, "score": 0.005173193756490946, "left": 343.0951843261719}}], "log_id": 5878179508507562369}