{"person_num": 3, "person_info": [{"body_parts": {"left_hip": {"y": 69.0, "x": 357.0, "score": 0.399806946516037}, "top_head": {"y": 63.875, "x": 459.5, "score": 0.4856285452842712}, "right_mouth_corner": {"y": 86.9375, "x": 433.875, "score": 0.1035189405083656}, "neck": {"y": 71.5625, "x": 418.5, "score": 0.7155801057815552}, "left_shoulder": {"y": 48.5, "x": 408.25, "score": 0.6747714281082153}, "left_knee": {"y": 56.1875, "x": 372.375, "score": 0.0486978255212307}, "left_ankle": {"y": 30.5625, "x": 395.4375, "score": 0.273196280002594}, "left_mouth_corner": {"y": 86.9375, "x": 436.4375, "score": 0.1258388459682465}, "right_elbow": {"y": 97.1875, "x": 400.5625, "score": 0.5051166415214539}, "right_ear": {"y": 84.375, "x": 441.5625, "score": 0.4874405264854431}, "nose": {"y": 53.625, "x": 449.25, "score": 0.1939554810523987}, "left_eye": {"y": 53.625, "x": 441.5625, "score": 0.318452000617981}, "right_eye": {"y": 81.8125, "x": 446.6875, "score": 0.2073111534118652}, "right_hip": {"y": 89.5, "x": 364.6875, "score": 0.460578441619873}, "left_wrist": {"y": 35.6875, "x": 392.875, "score": 0.08652381598949432}, "left_ear": {"y": 58.75, "x": 433.875, "score": 0.4688961505889893}, "left_elbow": {"y": 45.9375, "x": 377.5, "score": 0.484710156917572}, "right_shoulder": {"y": 89.5, "x": 410.8125, "score": 0.611315131187439}, "right_ankle": {"y": 86.9375, "x": 354.4375, "score": 0.1951220631599426}, "right_knee": {"y": 89.5, "x": 387.75, "score": 0.1396473199129105}, "right_wrist": {"y": 86.9375, "x": 423.625, "score": 0.5499964356422424}}, "location": {"height": 102.3285903930664, "width": 136.2885131835938, "top": 5.123313903808594, "score": 0.02394387312233448, "left": 331.9917602539062}}, {"body_parts": {"left_hip": {"y": 134.0, "x": 444.5625, "score": 0.08477748930454254}, "top_head": {"y": 35.6875, "x": 382.0, "score": 0.1279115080833435}, "right_mouth_corner": {"y": 44.625, "x": 462.4375, "score": 0.08484295755624771}, "neck": {"y": 53.5625, "x": 382.0, "score": 0.0889536440372467}, "left_shoulder": {"y": 44.625, "x": 453.5, "score": 0.1576774418354034}, "left_knee": {"y": 151.875, "x": 435.625, "score": 0.05951328948140144}, "left_ankle": {"y": 241.25, "x": 382.0, "score": 0.05566956102848053}, "left_mouth_corner": {"y": 44.625, "x": 480, "score": 0.09099221229553223}, "right_elbow": {"y": 71.4375, "x": 382.0, "score": 0.2195869237184525}, "right_ear": {"y": 44.625, "x": 390.9375, "score": 0.1376507133245468}, "nose": {"y": 26.75, "x": 471.375, "score": 0.1062393039464951}, "left_eye": {"y": 26.75, "x": 471.375, "score": 0.133695662021637}, "right_eye": {"y": 26.75, "x": 462.4375, "score": 0.1580412834882736}, "right_hip": {"y": 116.125, "x": 346.25, "score": 0.07058172672986984}, "left_wrist": {"y": 71.4375, "x": 408.8125, "score": 0.2869377732276917}, "left_ear": {"y": 44.625, "x": 382.0, "score": 0.09994213283061981}, "left_elbow": {"y": 62.5, "x": 444.5625, "score": 0.2144876420497894}, "right_shoulder": {"y": 35.6875, "x": 6.625, "score": 0.2661309540271759}, "right_ankle": {"y": 241.25, "x": 373.0625, "score": 0.0653989240527153}, "right_knee": {"y": 169.75, "x": 417.75, "score": 0.04928448796272278}, "right_wrist": {"y": 62.5, "x": 399.875, "score": 0.2346407175064087}}, "location": {"height": 269.0, "width": 476.6240539550781, "top": 0.0, "score": 0.01698464713990688, "left": 2.375946044921875}}, {"body_parts": {"left_hip": {"y": 128.9375, "x": 379.1875, "score": 0.02812621556222439}, "top_head": {"y": 68.1875, "x": 439.9375, "score": 0.2507441639900208}, "right_mouth_corner": {"y": 88.4375, "x": 429.8125, "score": 0.1685037910938263}, "neck": {"y": 63.125, "x": 409.5625, "score": 0.1990718394517899}, "left_shoulder": {"y": 63.125, "x": 409.5625, "score": 0.1649771183729172}, "left_knee": {"y": 78.3125, "x": 419.6875, "score": 0.1034832969307899}, "left_ankle": {"y": 220.0625, "x": 338.6875, "score": 0.1399860382080078}, "left_mouth_corner": {"y": 78.3125, "x": 429.8125, "score": 0.1689915806055069}, "right_elbow": {"y": 73.25, "x": 379.1875, "score": 0.03866074234247208}, "right_ear": {"y": 68.1875, "x": 424.75, "score": 0.1543385833501816}, "nose": {"y": 78.3125, "x": 429.8125, "score": 0.257350742816925}, "left_eye": {"y": 73.25, "x": 434.875, "score": 0.3179783225059509}, "right_eye": {"y": 78.3125, "x": 429.8125, "score": 0.2763841450214386}, "right_hip": {"y": 108.6875, "x": 389.3125, "score": 0.02545276284217834}, "left_wrist": {"y": 78.3125, "x": 419.6875, "score": 0.1133083701133728}, "left_ear": {"y": 63.125, "x": 424.75, "score": 0.2051565498113632}, "left_elbow": {"y": 73.25, "x": 353.875, "score": 0.08474834263324738}, "right_shoulder": {"y": 58.0625, "x": 409.5625, "score": 0.153236985206604}, "right_ankle": {"y": 32.75, "x": 394.375, "score": 0.1512355804443359}, "right_knee": {"y": 88.4375, "x": 409.5625, "score": 0.06348543614149094}, "right_wrist": {"y": 73.25, "x": 424.75, "score": 0.1034485772252083}}, "location": {"height": 268.6166687011719, "width": 135.7114868164062, "top": 0.383331298828125, "score": 0.006359139923006296, "left": 343.2885131835938}}], "log_id": 6370752477407410945}