{"person_num": 3, "person_info": [{"body_parts": {"left_hip": {"y": 68.0, "x": 361.03125, "score": 0.5155003070831299}, "top_head": {"y": 47.75, "x": 462.28125, "score": 0.6752272248268127}, "right_mouth_corner": {"y": 37.625, "x": 431.90625, "score": 0.1253785192966461}, "neck": {"y": 65.46875, "x": 419.25, "score": 0.8107520937919617}, "left_shoulder": {"y": 47.75, "x": 401.53125, "score": 0.7590342164039612}, "left_knee": {"y": 57.875, "x": 363.5625, "score": 0.2669882476329803}, "left_ankle": {"y": 35.09375, "x": 376.21875, "score": 0.2905900776386261}, "left_mouth_corner": {"y": 40.15625, "x": 439.5, "score": 0.1542046368122101}, "right_elbow": {"y": 98.375, "x": 388.875, "score": 0.7413015961647034}, "right_ear": {"y": 68.0, "x": 442.03125, "score": 0.5581929683685303}, "nose": {"y": 40.15625, "x": 444.5625, "score": 0.3268513083457947}, "left_eye": {"y": 45.21875, "x": 444.5625, "score": 0.4075016975402832}, "right_eye": {"y": 37.625, "x": 447.09375, "score": 0.2435133010149002}, "right_hip": {"y": 88.25, "x": 363.5625, "score": 0.5739406943321228}, "left_wrist": {"y": 24.96875, "x": 388.875, "score": 0.4139091372489929}, "left_ear": {"y": 45.21875, "x": 434.4375, "score": 0.612983226776123}, "left_elbow": {"y": 45.21875, "x": 371.15625, "score": 0.6873365640640259}, "right_shoulder": {"y": 88.25, "x": 411.65625, "score": 0.727529764175415}, "right_ankle": {"y": 85.71875, "x": 355.96875, "score": 0.4291972219944}, "right_knee": {"y": 88.25, "x": 388.875, "score": 0.1255229264497757}, "right_wrist": {"y": 85.71875, "x": 424.3125, "score": 0.6399259567260742}}, "location": {"height": 98.31328582763672, "width": 134.3081817626953, "top": 7.009124755859375, "score": 0.2344342321157455, "left": 334.0260009765625}}, {"body_parts": {"left_hip": {"y": 116.1875, "x": 354.78125, "score": 0.1349415481090546}, "top_head": {"y": 27.125, "x": 381.5, "score": 0.1824360638856888}, "right_mouth_corner": {"y": 53.84375, "x": 452.75, "score": 0.1772080063819885}, "neck": {"y": 36.03125, "x": 426.03125, "score": 0.2213899493217468}, "left_shoulder": {"y": 44.9375, "x": 434.9375, "score": 0.1918619573116302}, "left_knee": {"y": 107.28125, "x": 167.75, "score": 0.1156275942921638}, "left_ankle": {"y": 240.875, "x": 381.5, "score": 0.07226524502038956}, "left_mouth_corner": {"y": 44.9375, "x": 461.65625, "score": 0.1807355731725693}, "right_elbow": {"y": 71.65625, "x": 417.125, "score": 0.2573894262313843}, "right_ear": {"y": 44.9375, "x": 426.03125, "score": 0.2623464465141296}, "nose": {"y": 36.03125, "x": 461.65625, "score": 0.2136061638593674}, "left_eye": {"y": 27.125, "x": 461.65625, "score": 0.2760230898857117}, "right_eye": {"y": 27.125, "x": 461.65625, "score": 0.3006691336631775}, "right_hip": {"y": 107.28125, "x": 354.78125, "score": 0.1046664118766785}, "left_wrist": {"y": 71.65625, "x": 399.3125, "score": 0.2648538053035736}, "left_ear": {"y": 44.9375, "x": 399.3125, "score": 0.1830803751945496}, "left_elbow": {"y": 62.75, "x": 426.03125, "score": 0.2313047349452972}, "right_shoulder": {"y": 36.03125, "x": 426.03125, "score": 0.2179955095052719}, "right_ankle": {"y": 249.78125, "x": 390.40625, "score": 0.06311134248971939}, "right_knee": {"y": 116.1875, "x": 167.75, "score": 0.1115091294050217}, "right_wrist": {"y": 62.75, "x": 399.3125, "score": 0.1887996196746826}}, "location": {"height": 269.0, "width": 474.8992919921875, "top": 0.0, "score": 0.01306017208844423, "left": 4.1007080078125}}, {"body_parts": {"left_hip": {"y": 144.0, "x": 434.0, "score": 0.03559020161628723}, "top_head": {"y": 59.0, "x": 439.0, "score": 0.1154583245515823}, "right_mouth_corner": {"y": 74.0, "x": 439.0, "score": 0.1293178647756577}, "neck": {"y": 64.0, "x": 419.0, "score": 0.06244135275483131}, "left_shoulder": {"y": 49.0, "x": 394.0, "score": 0.08080876618623734}, "left_knee": {"y": 89.0, "x": 404.0, "score": 0.1403750330209732}, "left_ankle": {"y": 34.0, "x": 379.0, "score": 0.2468968480825424}, "left_mouth_corner": {"y": 74.0, "x": 439.0, "score": 0.1396923810243607}, "right_elbow": {"y": 74.0, "x": 404.0, "score": 0.0711817666888237}, "right_ear": {"y": 69.0, "x": 439.0, "score": 0.04885907843708992}, "nose": {"y": 69.0, "x": 439.0, "score": 0.2347988039255142}, "left_eye": {"y": 64.0, "x": 439.0, "score": 0.1861776411533356}, "right_eye": {"y": 59.0, "x": 439.0, "score": 0.1681362837553024}, "right_hip": {"y": 139.0, "x": 454.0, "score": 0.05595625936985016}, "left_wrist": {"y": 69.0, "x": 429.0, "score": 0.2227536886930466}, "left_ear": {"y": 44.0, "x": 429.0, "score": 0.03432560339570045}, "left_elbow": {"y": 39.0, "x": 369.0, "score": 0.05425523594021797}, "right_shoulder": {"y": 69.0, "x": 419.0, "score": 0.06054723262786865}, "right_ankle": {"y": 34.0, "x": 389.0, "score": 0.2340379655361176}, "right_knee": {"y": 89.0, "x": 404.0, "score": 0.1192235946655273}, "right_wrist": {"y": 69.0, "x": 424.0, "score": 0.1521446853876114}}, "location": {"height": 267.6011962890625, "width": 137.5286865234375, "top": 1.39031982421875, "score": 0.00547063210979104, "left": 341.4713134765625}}], "log_id": 7632416518043052961}