{"person_num": 3, "person_info": [{"body_parts": {"left_hip": {"y": 64.46875, "x": 368.5625, "score": 0.5321447253227234}, "top_head": {"y": 1.1875, "x": 467.28125, "score": 0.589746356010437}, "right_mouth_corner": {"y": 21.4375, "x": 469.8125, "score": 0.08196456730365753}, "neck": {"y": 21.4375, "x": 447.03125, "score": 0.8338621258735657}, "left_shoulder": {"y": 18.90625, "x": 416.65625, "score": 0.7431825399398804}, "left_knee": {"y": 44.21875, "x": 383.75, "score": 0.1706946194171906}, "left_ankle": {"y": 67.0, "x": 363.5, "score": 0.1982687711715698}, "left_mouth_corner": {"y": 3.71875, "x": 434.375, "score": 0.1518948525190353}, "right_elbow": {"y": 82.1875, "x": 424.25, "score": 0.8572365641593933}, "right_ear": {"y": 18.90625, "x": 464.75, "score": 0.6569039821624756}, "nose": {"y": 3.71875, "x": 439.4375, "score": 0.3761405944824219}, "left_eye": {"y": 1.1875, "x": 441.96875, "score": 0.3967129290103912}, "right_eye": {"y": 16.375, "x": 469.8125, "score": 0.4062610566616058}, "right_hip": {"y": 82.1875, "x": 388.8125, "score": 0.5227023363113403}, "left_wrist": {"y": 46.75, "x": 368.5625, "score": 0.6944566369056702}, "left_ear": {"y": 6.25, "x": 444.5, "score": 0.8419763445854187}, "left_elbow": {"y": 36.625, "x": 383.75, "score": 0.6629257798194885}, "right_shoulder": {"y": 46.75, "x": 452.09375, "score": 0.7688597440719604}, "right_ankle": {"y": 87.25, "x": 360.96875, "score": 0.7287170886993408}, "right_knee": {"y": 82.1875, "x": 391.34375, "score": 0.438723623752594}, "right_wrist": {"y": 84.71875, "x": 431.84375, "score": 0.6393753290176392}}, "location": {"height": 103.3759765625, "width": 134.2674102783203, "top": 1.840869903564453, "score": 0.4255435168743134, "left": 343.3850402832031}}, {"body_parts": {"left_hip": {"y": 107.0, "x": 365.0, "score": 0.1645865440368652}, "top_head": {"y": 35.0, "x": 428.0, "score": 0.2714543044567108}, "right_mouth_corner": {"y": 26.0, "x": 455.0, "score": 0.1517621278762817}, "neck": {"y": 35.0, "x": 437.0, "score": 0.3246182501316071}, "left_shoulder": {"y": 35.0, "x": 437.0, "score": 0.3095522224903107}, "left_knee": {"y": 197.0, "x": 383.0, "score": 0.07837174832820892}, "left_ankle": {"y": 251.0, "x": 374.0, "score": 0.1279263496398926}, "left_mouth_corner": {"y": 62.0, "x": 392.0, "score": 0.1263207048177719}, "right_elbow": {"y": 44.0, "x": 428.0, "score": 0.2532075643539429}, "right_ear": {"y": 35.0, "x": 446.0, "score": 0.2519621253013611}, "nose": {"y": 17.0, "x": 480, "score": 0.1467458605766296}, "left_eye": {"y": 53.0, "x": 392.0, "score": 0.1531542986631393}, "right_eye": {"y": 17.0, "x": 455.0, "score": 0.190314382314682}, "right_hip": {"y": 107.0, "x": 365.0, "score": 0.13966004550457}, "left_wrist": {"y": 35.0, "x": 383.0, "score": 0.2964109182357788}, "left_ear": {"y": 44.0, "x": 419.0, "score": 0.2488355785608292}, "left_elbow": {"y": 44.0, "x": 419.0, "score": 0.2255423963069916}, "right_shoulder": {"y": 35.0, "x": 446.0, "score": 0.3494472801685333}, "right_ankle": {"y": 251.0, "x": 383.0, "score": 0.101866826415062}, "right_knee": {"y": 116.0, "x": 158.0, "score": 0.09115831553936005}, "right_wrist": {"y": 53.0, "x": 392.0, "score": 0.1417735517024994}}, "location": {"height": 269.0, "width": 478.7753601074219, "top": 0.0, "score": 0.01788816787302494, "left": 0.224609375}}, {"body_parts": {"left_hip": {"y": 78.3125, "x": 363.0, "score": 0.4988054931163788}, "top_head": {"y": 2.375, "x": 459.1875, "score": 0.5975598096847534}, "right_mouth_corner": {"y": 27.6875, "x": 454.125, "score": 0.2567824423313141}, "neck": {"y": 22.625, "x": 444.0, "score": 0.8342198729515076}, "left_shoulder": {"y": 17.5625, "x": 413.625, "score": 0.748464822769165}, "left_knee": {"y": 169.4375, "x": 342.75, "score": 0.1043121814727783}, "left_ankle": {"y": 235.25, "x": 378.1875, "score": 0.1500238478183746}, "left_mouth_corner": {"y": 27.6875, "x": 459.1875, "score": 0.2210556864738464}, "right_elbow": {"y": 83.375, "x": 423.75, "score": 0.7798704504966736}, "right_ear": {"y": 17.5625, "x": 464.25, "score": 0.6842504143714905}, "nose": {"y": 22.625, "x": 469.3125, "score": 0.3732192814350128}, "left_eye": {"y": 17.5625, "x": 464.25, "score": 0.3047351241111755}, "right_eye": {"y": 17.5625, "x": 469.3125, "score": 0.430226743221283}, "right_hip": {"y": 93.5, "x": 378.1875, "score": 0.4067561328411102}, "left_wrist": {"y": 42.875, "x": 373.125, "score": 0.3840160667896271}, "left_ear": {"y": 7.4375, "x": 438.9375, "score": 0.6878463625907898}, "left_elbow": {"y": 37.8125, "x": 368.0625, "score": 0.6295055150985718}, "right_shoulder": {"y": 47.9375, "x": 449.0625, "score": 0.7809913158416748}, "right_ankle": {"y": 83.375, "x": 363.0, "score": 0.1418138742446899}, "right_knee": {"y": 169.4375, "x": 373.125, "score": 0.1125307977199554}, "right_wrist": {"y": 53.0, "x": 423.75, "score": 0.3182658553123474}}, "location": {"height": 268.0339050292969, "width": 137.2581481933594, "top": 0.9660797119140625, "score": 0.01241988688707352, "left": 341.7418518066406}}], "log_id": 855586569017150913}