{"person_num": 3, "person_info": [{"body_parts": {"left_hip": {"y": 73.0, "x": 392.03125, "score": 0.5040651559829712}, "top_head": {"y": 6.59375, "x": 480, "score": 0.08483602851629257}, "right_mouth_corner": {"y": 33.15625, "x": 480, "score": 0.2492600977420807}, "neck": {"y": 35.8125, "x": 471.71875, "score": 0.624603271484375}, "left_shoulder": {"y": 30.5, "x": 442.5, "score": 0.5289708375930786}, "left_knee": {"y": 67.6875, "x": 376.09375, "score": 0.3620453178882599}, "left_ankle": {"y": 73.0, "x": 357.5, "score": 0.4381404519081116}, "left_mouth_corner": {"y": 30.5, "x": 480, "score": 0.0879260003566742}, "right_elbow": {"y": 80.96875, "x": 447.8125, "score": 0.2153194546699524}, "right_ear": {"y": 11.90625, "x": 474.375, "score": 0.3554937541484833}, "nose": {"y": 11.90625, "x": 469.0625, "score": 0.171030655503273}, "left_eye": {"y": 9.25, "x": 474.375, "score": 0.2022300511598587}, "right_eye": {"y": 9.25, "x": 471.71875, "score": 0.2340189516544342}, "right_hip": {"y": 88.9375, "x": 410.625, "score": 0.4798658192157745}, "left_wrist": {"y": 57.0625, "x": 373.4375, "score": 0.7358999848365784}, "left_ear": {"y": 14.5625, "x": 471.71875, "score": 0.4279457628726959}, "left_elbow": {"y": 51.75, "x": 397.34375, "score": 0.7229876518249512}, "right_shoulder": {"y": 67.6875, "x": 477.03125, "score": 0.3450888395309448}, "right_ankle": {"y": 94.25, "x": 362.8125, "score": 0.5695613026618958}, "right_knee": {"y": 86.28125, "x": 378.75, "score": 0.4741729199886322}, "right_wrist": {"y": 88.9375, "x": 413.28125, "score": 0.1358672380447388}}, "location": {"height": 124.2555236816406, "width": 140.8161773681641, "top": 0.9960746765136719, "score": 0.1057968661189079, "left": 337.8919067382812}}, {"body_parts": {"left_hip": {"y": 84.625, "x": 393.5625, "score": 0.2085705548524857}, "top_head": {"y": 0.6875, "x": 477.5, "score": 0.2958836853504181}, "right_mouth_corner": {"y": 15.5, "x": 467.625, "score": 0.1452365070581436}, "neck": {"y": 30.3125, "x": 472.5625, "score": 0.616146981716156}, "left_shoulder": {"y": 30.3125, "x": 442.9375, "score": 0.659835696220398}, "left_knee": {"y": 79.6875, "x": 398.5, "score": 0.2708204388618469}, "left_ankle": {"y": 84.625, "x": 373.8125, "score": 0.3530789315700531}, "left_mouth_corner": {"y": 15.5, "x": 467.625, "score": 0.1753299981355667}, "right_elbow": {"y": 55.0, "x": 408.375, "score": 0.3983048498630524}, "right_ear": {"y": 10.5625, "x": 472.5625, "score": 0.4567098319530487}, "nose": {"y": 10.5625, "x": 467.625, "score": 0.3259357213973999}, "left_eye": {"y": 5.625, "x": 472.5625, "score": 0.435361236333847}, "right_eye": {"y": 10.5625, "x": 477.5, "score": 0.3614582121372223}, "right_hip": {"y": 84.625, "x": 442.9375, "score": 0.1252175271511078}, "left_wrist": {"y": 55.0, "x": 368.875, "score": 0.7365143299102783}, "left_ear": {"y": 10.5625, "x": 467.625, "score": 0.6258037686347961}, "left_elbow": {"y": 50.0625, "x": 398.5, "score": 0.6147337555885315}, "right_shoulder": {"y": 30.3125, "x": 442.9375, "score": 0.3052550256252289}, "right_ankle": {"y": 84.625, "x": 373.8125, "score": 0.3542581498622894}, "right_knee": {"y": 79.6875, "x": 408.375, "score": 0.3101192116737366}, "right_wrist": {"y": 55.0, "x": 368.875, "score": 0.5419472455978394}}, "location": {"height": 263.4765319824219, "width": 159.52294921875, "top": 3.289169311523438, "score": 0.06727331131696701, "left": 319.1331481933594}}, {"body_parts": {"left_hip": {"y": 134.0, "x": 434.25, "score": 0.2949146926403046}, "top_head": {"y": 0.875, "x": 480, "score": 0.4080034494400024}, "right_mouth_corner": {"y": 27.5, "x": 469.75, "score": 0.5087032318115234}, "neck": {"y": 36.375, "x": 478.625, "score": 0.6410803198814392}, "left_shoulder": {"y": 45.25, "x": 460.875, "score": 0.5744066834449768}, "left_knee": {"y": 107.375, "x": 168.0, "score": 0.09989585727453232}, "left_ankle": {"y": 249.375, "x": 398.75, "score": 0.1039811223745346}, "left_mouth_corner": {"y": 27.5, "x": 478.625, "score": 0.4893290996551514}, "right_elbow": {"y": 63.0, "x": 398.75, "score": 0.503359854221344}, "right_ear": {"y": 18.625, "x": 469.75, "score": 0.4992856979370117}, "nose": {"y": 18.625, "x": 478.625, "score": 0.5626303553581238}, "left_eye": {"y": 9.75, "x": 478.625, "score": 0.5622845888137817}, "right_eye": {"y": 9.75, "x": 469.75, "score": 0.5934508442878723}, "right_hip": {"y": 116.25, "x": 398.75, "score": 0.2692709267139435}, "left_wrist": {"y": 54.125, "x": 372.125, "score": 0.6989238858222961}, "left_ear": {"y": 18.625, "x": 480, "score": 0.5106440782546997}, "left_elbow": {"y": 45.25, "x": 434.25, "score": 0.3859924674034119}, "right_shoulder": {"y": 45.25, "x": 452.0, "score": 0.5389559268951416}, "right_ankle": {"y": 258.25, "x": 398.75, "score": 0.1103985160589218}, "right_knee": {"y": 116.25, "x": 159.125, "score": 0.1032021045684814}, "right_wrist": {"y": 63.0, "x": 381.0, "score": 0.4141316711902618}}, "location": {"height": 269.0, "width": 472.7763977050781, "top": 0.0, "score": 0.01356549374759197, "left": 6.223587036132812}}], "log_id": 9691779325904001}