{"person_num": 3, "person_info": [{"body_parts": {"left_hip": {"y": 51.8125, "x": 465.75, "score": 0.09184493124485016}, "top_head": {"y": 3.71875, "x": 478.40625, "score": 0.04127612337470055}, "right_mouth_corner": {"y": 54.34375, "x": 410.0625, "score": 0.01898176781833172}, "neck": {"y": 21.4375, "x": 480, "score": 0.03722339496016502}, "left_shoulder": {"y": 36.625, "x": 470.8125, "score": 0.1319223642349243}, "left_knee": {"y": 59.40625, "x": 382.21875, "score": 0.5454049110412598}, "left_ankle": {"y": 74.59375, "x": 356.90625, "score": 0.5675405263900757}, "left_mouth_corner": {"y": 46.75, "x": 410.0625, "score": 0.0559525340795517}, "right_elbow": {"y": 94.84375, "x": 468.28125, "score": 0.0820983275771141}, "right_ear": {"y": 16.375, "x": 473.34375, "score": 0.1042141988873482}, "nose": {"y": 8.78125, "x": 473.34375, "score": 0.07255561649799347}, "left_eye": {"y": 6.25, "x": 470.8125, "score": 0.156145840883255}, "right_eye": {"y": 6.25, "x": 470.8125, "score": 0.1533757746219635}, "right_hip": {"y": 46.75, "x": 470.8125, "score": 0.08018624782562256}, "left_wrist": {"y": 72.0625, "x": 354.375, "score": 0.08144579082727432}, "left_ear": {"y": 13.84375, "x": 473.34375, "score": 0.193721130490303}, "left_elbow": {"y": 54.34375, "x": 415.125, "score": 0.08641695976257324}, "right_shoulder": {"y": 94.84375, "x": 473.34375, "score": 0.1366611421108246}, "right_ankle": {"y": 92.3125, "x": 364.5, "score": 0.5385732650756836}, "right_knee": {"y": 84.71875, "x": 399.9375, "score": 0.5231378078460693}, "right_wrist": {"y": 107.5, "x": 450.5625, "score": 0.07301083207130432}}, "location": {"height": 106.5196533203125, "width": 133.7952575683594, "top": 1.919822692871094, "score": 0.0766124278306961, "left": 345.2047424316406}}, {"body_parts": {"left_hip": {"y": 134.0, "x": 444.5625, "score": 0.1082020252943039}, "top_head": {"y": 8.875, "x": 453.5, "score": 0.06373133510351181}, "right_mouth_corner": {"y": 26.75, "x": 471.375, "score": 0.06274335831403732}, "neck": {"y": 62.5, "x": 0, "score": 0.06574830412864685}, "left_shoulder": {"y": 44.625, "x": 6.625, "score": 0.1240950226783752}, "left_knee": {"y": 151.875, "x": 444.5625, "score": 0.06507810950279236}, "left_ankle": {"y": 241.25, "x": 373.0625, "score": 0.07568030059337616}, "left_mouth_corner": {"y": 17.8125, "x": 480, "score": 0.09496244788169861}, "right_elbow": {"y": 53.5625, "x": 453.5, "score": 0.3234547078609467}, "right_ear": {"y": 62.5, "x": 346.25, "score": 0.05233236402273178}, "nose": {"y": 0, "x": 471.375, "score": 0.1435393691062927}, "left_eye": {"y": 8.875, "x": 471.375, "score": 0.1443599164485931}, "right_eye": {"y": 8.875, "x": 471.375, "score": 0.1275360137224197}, "right_hip": {"y": 116.125, "x": 435.625, "score": 0.08893269300460815}, "left_wrist": {"y": 71.4375, "x": 382.0, "score": 0.6281927824020386}, "left_ear": {"y": 8.875, "x": 0, "score": 0.07995426654815674}, "left_elbow": {"y": 62.5, "x": 453.5, "score": 0.384768933057785}, "right_shoulder": {"y": 35.6875, "x": 6.625, "score": 0.2615349292755127}, "right_ankle": {"y": 241.25, "x": 382.0, "score": 0.07391662895679474}, "right_knee": {"y": 107.1875, "x": 346.25, "score": 0.05684808269143105}, "right_wrist": {"y": 62.5, "x": 390.9375, "score": 0.3448876738548279}}, "location": {"height": 269.0, "width": 476.1214599609375, "top": 0.0, "score": 0.01539918221533298, "left": 2.8785400390625}}, {"body_parts": {"left_hip": {"y": 49.0, "x": 464.0, "score": 0.2840621471405029}, "top_head": {"y": 0, "x": 480, "score": 0.02272590808570385}, "right_mouth_corner": {"y": 14.0, "x": 464.0, "score": 0.0579923540353775}, "neck": {"y": 14.0, "x": 284.0, "score": 0.03122792579233646}, "left_shoulder": {"y": 39.0, "x": 469.0, "score": 0.1844415217638016}, "left_knee": {"y": 64.0, "x": 399.0, "score": 0.1185866445302963}, "left_ankle": {"y": 69.0, "x": 379.0, "score": 0.3974554836750031}, "left_mouth_corner": {"y": 14.0, "x": 469.0, "score": 0.07739364355802536}, "right_elbow": {"y": 79.0, "x": 414.0, "score": 0.0637170597910881}, "right_ear": {"y": 0, "x": 480, "score": 0.04440141469240189}, "nose": {"y": 9.0, "x": 469.0, "score": 0.1668121516704559}, "left_eye": {"y": 4.0, "x": 474.0, "score": 0.1080829799175262}, "right_eye": {"y": 4.0, "x": 469.0, "score": 0.1403862088918686}, "right_hip": {"y": 49.0, "x": 464.0, "score": 0.2952357530593872}, "left_wrist": {"y": 59.0, "x": 384.0, "score": 0.2452266812324524}, "left_ear": {"y": 9.0, "x": 480, "score": 0.0513220876455307}, "left_elbow": {"y": 64.0, "x": 404.0, "score": 0.1625409573316574}, "right_shoulder": {"y": 39.0, "x": 464.0, "score": 0.05234693735837936}, "right_ankle": {"y": 89.0, "x": 384.0, "score": 0.4894126057624817}, "right_knee": {"y": 69.0, "x": 394.0, "score": 0.199887603521347}, "right_wrist": {"y": 79.0, "x": 384.0, "score": 0.08391574025154114}}, "location": {"height": 266.1871948242188, "width": 137.6620941162109, "top": 1.9388427734375, "score": 0.0124565502628684, "left": 341.337890625}}], "log_id": 7547939302821432609}