{"person_num": 2, "person_info": [{"body_parts": {"left_hip": {"y": 103.46875, "x": 327.5625, "score": 0.3375740349292755}, "top_head": {"y": 8.3125, "x": 352.03125, "score": 0.6684228777885437}, "right_mouth_corner": {"y": 40.9375, "x": 335.71875, "score": 0.27785924077034}, "neck": {"y": 54.53125, "x": 354.75, "score": 0.7346568703651428}, "left_shoulder": {"y": 89.875, "x": 343.875, "score": 0.3141574561595917}, "left_knee": {"y": 117.0625, "x": 319.40625, "score": 0.6432418823242188}, "left_ankle": {"y": 133.375, "x": 308.53125, "score": 0.5884027481079102}, "left_mouth_corner": {"y": 40.9375, "x": 335.71875, "score": 0.3506365716457367}, "right_elbow": {"y": 30.0625, "x": 365.625, "score": 0.2345328330993652}, "right_ear": {"y": 35.5, "x": 365.625, "score": 0.4797238707542419}, "nose": {"y": 38.21875, "x": 333.0, "score": 0.5861265063285828}, "left_eye": {"y": 30.0625, "x": 335.71875, "score": 0.5919566750526428}, "right_eye": {"y": 30.0625, "x": 333.0, "score": 0.4724303483963013}, "right_hip": {"y": 100.75, "x": 335.71875, "score": 0.2638404071331024}, "left_wrist": {"y": 127.9375, "x": 305.8125, "score": 0.3285247385501862}, "left_ear": {"y": 43.65625, "x": 341.15625, "score": 0.7170079946517944}, "left_elbow": {"y": 117.0625, "x": 322.125, "score": 0.5326632261276245}, "right_shoulder": {"y": 40.9375, "x": 376.5, "score": 0.6322450637817383}, "right_ankle": {"y": 79.0, "x": 305.8125, "score": 0.1766690611839294}, "right_knee": {"y": 111.625, "x": 324.84375, "score": 0.2107498049736023}, "right_wrist": {"y": 73.5625, "x": 341.15625, "score": 0.1546254605054855}}, "location": {"height": 144.7513580322266, "width": 111.5035934448242, "top": 0.7059326171875, "score": 0.8161107301712036, "left": 278.3357238769531}}, {"body_parts": {"left_hip": {"y": 125.84375, "x": 320.5625, "score": 0.3021953403949738}, "top_head": {"y": 19.8125, "x": 345.03125, "score": 0.6263226270675659}, "right_mouth_corner": {"y": 52.4375, "x": 345.03125, "score": 0.5291460752487183}, "neck": {"y": 52.4375, "x": 353.1875, "score": 0.7066131234169006}, "left_shoulder": {"y": 52.4375, "x": 361.34375, "score": 0.5357922315597534}, "left_knee": {"y": 150.3125, "x": 320.5625, "score": 0.1644452512264252}, "left_ankle": {"y": 240.03125, "x": 345.03125, "score": 0.1447973400354385}, "left_mouth_corner": {"y": 52.4375, "x": 353.1875, "score": 0.5235587358474731}, "right_elbow": {"y": 93.21875, "x": 312.40625, "score": 0.3779705166816711}, "right_ear": {"y": 44.28125, "x": 345.03125, "score": 0.4826407432556152}, "nose": {"y": 52.4375, "x": 345.03125, "score": 0.5384331941604614}, "left_eye": {"y": 44.28125, "x": 345.03125, "score": 0.5269588828086853}, "right_eye": {"y": 36.125, "x": 336.875, "score": 0.5537356734275818}, "right_hip": {"y": 142.15625, "x": 312.40625, "score": 0.2271327674388885}, "left_wrist": {"y": 117.6875, "x": 320.5625, "score": 0.5173330307006836}, "left_ear": {"y": 44.28125, "x": 353.1875, "score": 0.5457249283790588}, "left_elbow": {"y": 101.375, "x": 328.71875, "score": 0.4601517617702484}, "right_shoulder": {"y": 68.75, "x": 345.03125, "score": 0.4154814183712006}, "right_ankle": {"y": 256.34375, "x": 361.34375, "score": 0.1381365358829498}, "right_knee": {"y": 158.46875, "x": 320.5625, "score": 0.160410076379776}, "right_wrist": {"y": 68.75, "x": 312.40625, "score": 0.2999882698059082}}, "location": {"height": 269.0, "width": 434.4246826171875, "top": 0.0, "score": 0.005270203109830618, "left": 3.411575317382812}}], "log_id": 3853597757974356961}