{"person_num": 1, "person_info": [{"body_parts": {"left_hip": {"y": 97.875, "x": 212.53125, "score": 0.2133378088474274}, "top_head": {"y": 44.4375, "x": 102.6875, "score": 0.5801020264625549}, "right_mouth_corner": {"y": 77.09375, "x": 129.40625, "score": 0.05176249518990517}, "neck": {"y": 62.25, "x": 150.1875, "score": 0.7554323077201843}, "left_shoulder": {"y": 100.84375, "x": 168.0, "score": 0.5847505927085876}, "left_knee": {"y": 106.78125, "x": 176.90625, "score": 0.08339785039424896}, "left_ankle": {"y": 115.6875, "x": 221.4375, "score": 0.4566450417041779}, "left_mouth_corner": {"y": 74.125, "x": 123.46875, "score": 0.105122834444046}, "right_elbow": {"y": 44.4375, "x": 188.78125, "score": 0.7865023612976074}, "right_ear": {"y": 41.46875381469727, "x": 132.375, "score": 0.5427083969116211}, "nose": {"y": 71.15625, "x": 123.46875, "score": 0.3325858116149902}, "left_eye": {"y": 71.15625, "x": 120.5, "score": 0.3983483612537384}, "right_eye": {"y": 68.1875, "x": 123.46875, "score": 0.1628864705562592}, "right_hip": {"y": 74.125, "x": 203.625, "score": 0.4772073030471802}, "left_wrist": {"y": 118.65625, "x": 215.5, "score": 0.5267989635467529}, "left_ear": {"y": 71.15625, "x": 123.46875, "score": 0.8113834261894226}, "left_elbow": {"y": 109.75, "x": 197.6875, "score": 0.497535914182663}, "right_shoulder": {"y": 35.53125381469727, "x": 165.03125, "score": 0.7954908013343811}, "right_ankle": {"y": 80.0625, "x": 209.5625, "score": 0.4520527124404907}, "right_knee": {"y": 53.34375, "x": 185.8125, "score": 0.1592950224876404}, "right_wrist": {"y": 56.3125, "x": 170.96875, "score": 0.3607380986213684}}, "location": {"height": 106.7035293579102, "width": 158.0493621826172, "top": 25.8921012878418, "score": 0.677891194820404, "left": 89.43101501464844}}], "log_id": 8210585171920609089}