{"person_num": 3, "person_info": [{"body_parts": {"left_hip": {"y": 49.5, "x": 472.5, "score": 0.1003519222140312}, "top_head": {"y": 4.5, "x": 477.5, "score": 0.05100210383534431}, "right_mouth_corner": {"y": 52.0, "x": 410.0, "score": 0.0197993740439415}, "neck": {"y": 22.0, "x": 480, "score": 0.05595681071281433}, "left_shoulder": {"y": 37.0, "x": 472.5, "score": 0.1151531785726547}, "left_knee": {"y": 59.5, "x": 382.5, "score": 0.3971948027610779}, "left_ankle": {"y": 72.0, "x": 357.5, "score": 0.456994891166687}, "left_mouth_corner": {"y": 47.0, "x": 410.0, "score": 0.03594920039176941}, "right_elbow": {"y": 94.5, "x": 385.0, "score": 0.1109747812151909}, "right_ear": {"y": 17.0, "x": 472.5, "score": 0.1427030116319656}, "nose": {"y": 17.0, "x": 470.0, "score": 0.06916461884975433}, "left_eye": {"y": 7.0, "x": 470.0, "score": 0.1448733955621719}, "right_eye": {"y": 9.5, "x": 472.5, "score": 0.1316503286361694}, "right_hip": {"y": 47.0, "x": 470.0, "score": 0.08902713656425476}, "left_wrist": {"y": 64.5, "x": 370.0, "score": 0.03295786678791046}, "left_ear": {"y": 17.0, "x": 472.5, "score": 0.2394162565469742}, "left_elbow": {"y": 74.5, "x": 422.5, "score": 0.09120297431945801}, "right_shoulder": {"y": 94.5, "x": 472.5, "score": 0.0931534618139267}, "right_ankle": {"y": 94.5, "x": 360.0, "score": 0.5381619334220886}, "right_knee": {"y": 87.0, "x": 397.5, "score": 0.3549197316169739}, "right_wrist": {"y": 94.5, "x": 360.0, "score": 0.08617091178894043}}, "location": {"height": 105.1726608276367, "width": 132.6917572021484, "top": 2.656997680664062, "score": 0.02952119335532188, "left": 346.3082275390625}}, {"body_parts": {"left_hip": {"y": 125.0625, "x": 444.5625, "score": 0.09680353105068207}, "top_head": {"y": 8.875, "x": 453.5, "score": 0.07554133236408234}, "right_mouth_corner": {"y": 26.75, "x": 471.375, "score": 0.08975962549448013}, "neck": {"y": 62.5, "x": 0, "score": 0.05099845677614212}, "left_shoulder": {"y": 53.5625, "x": 462.4375, "score": 0.1120576113462448}, "left_knee": {"y": 151.875, "x": 453.5, "score": 0.05532609298825264}, "left_ankle": {"y": 241.25, "x": 373.0625, "score": 0.05257919058203697}, "left_mouth_corner": {"y": 26.75, "x": 480, "score": 0.1089824140071869}, "right_elbow": {"y": 53.5625, "x": 462.4375, "score": 0.2501383423805237}, "right_ear": {"y": 8.875, "x": 471.375, "score": 0.05882632732391357}, "nose": {"y": 8.875, "x": 471.375, "score": 0.1821961849927902}, "left_eye": {"y": 8.875, "x": 471.375, "score": 0.1899746060371399}, "right_eye": {"y": 8.875, "x": 462.4375, "score": 0.1876825839281082}, "right_hip": {"y": 116.125, "x": 435.625, "score": 0.08976033329963684}, "left_wrist": {"y": 71.4375, "x": 382.0, "score": 0.6001145839691162}, "left_ear": {"y": 8.875, "x": 480, "score": 0.06469808518886566}, "left_elbow": {"y": 53.5625, "x": 462.4375, "score": 0.4025560021400452}, "right_shoulder": {"y": 35.6875, "x": 6.625, "score": 0.2457366436719894}, "right_ankle": {"y": 241.25, "x": 382.0, "score": 0.06101064756512642}, "right_knee": {"y": 107.1875, "x": 346.25, "score": 0.0623902790248394}, "right_wrist": {"y": 62.5, "x": 390.9375, "score": 0.2790485620498657}}, "location": {"height": 269.0, "width": 475.2311401367188, "top": 0.0, "score": 0.01430529542267323, "left": 3.76885986328125}}, {"body_parts": {"left_hip": {"y": 49.0, "x": 464.0, "score": 0.2515073418617249}, "top_head": {"y": 0, "x": 480, "score": 0.03216733783483505}, "right_mouth_corner": {"y": 14.0, "x": 464.0, "score": 0.05090657621622086}, "neck": {"y": 24.0, "x": 474.0, "score": 0.03726885095238686}, "left_shoulder": {"y": 39.0, "x": 469.0, "score": 0.1740110814571381}, "left_knee": {"y": 64.0, "x": 399.0, "score": 0.1224694103002548}, "left_ankle": {"y": 69.0, "x": 379.0, "score": 0.3822028040885925}, "left_mouth_corner": {"y": 14.0, "x": 469.0, "score": 0.05887050926685333}, "right_elbow": {"y": 69.0, "x": 439.0, "score": 0.04652153700590134}, "right_ear": {"y": 4.0, "x": 464.0, "score": 0.06934505701065063}, "nose": {"y": 9.0, "x": 469.0, "score": 0.1864699870347977}, "left_eye": {"y": 4.0, "x": 474.0, "score": 0.1178848147392273}, "right_eye": {"y": 4.0, "x": 469.0, "score": 0.1807577162981033}, "right_hip": {"y": 49.0, "x": 464.0, "score": 0.2451891750097275}, "left_wrist": {"y": 59.0, "x": 389.0, "score": 0.2347010225057602}, "left_ear": {"y": 9.0, "x": 480, "score": 0.06169537454843521}, "left_elbow": {"y": 64.0, "x": 404.0, "score": 0.1612221896648407}, "right_shoulder": {"y": 39.0, "x": 454.0, "score": 0.04497884958982468}, "right_ankle": {"y": 89.0, "x": 384.0, "score": 0.5581670999526978}, "right_knee": {"y": 64.0, "x": 414.0, "score": 0.1726437211036682}, "right_wrist": {"y": 79.0, "x": 399.0, "score": 0.06087592989206314}}, "location": {"height": 266.3250427246094, "width": 136.8461608886719, "top": 1.884033203125, "score": 0.007744203321635723, "left": 342.1538391113281}}], "log_id": 4112780429337447905}