{"person_num": 2, "person_info": [{"body_parts": {"left_hip": {"y": 47.8125, "x": 473.1875, "score": 0.1105301454663277}, "top_head": {"y": 4.25, "x": 478.3125, "score": 0.05093628913164139}, "right_mouth_corner": {"y": 45.25, "x": 411.6875, "score": 0.05182129517197609}, "neck": {"y": 65.75, "x": 401.4375, "score": 0.05506597086787224}, "left_shoulder": {"y": 40.125, "x": 473.1875, "score": 0.1620487421751022}, "left_knee": {"y": 52.9375, "x": 386.0625, "score": 0.2311957776546478}, "left_ankle": {"y": 70.875, "x": 357.875, "score": 0.3865900039672852}, "left_mouth_corner": {"y": 45.25, "x": 411.6875, "score": 0.03893200680613518}, "right_elbow": {"y": 101.625, "x": 465.5, "score": 0.0346972867846489}, "right_ear": {"y": 14.49999618530273, "x": 473.1875, "score": 0.04901947826147079}, "nose": {"y": 14.49999618530273, "x": 473.1875, "score": 0.1917370855808258}, "left_eye": {"y": 11.9375, "x": 475.75, "score": 0.1509095579385757}, "right_eye": {"y": 11.9375, "x": 473.1875, "score": 0.1688355952501297}, "right_hip": {"y": 73.4375, "x": 480, "score": 0.0693877786397934}, "left_wrist": {"y": 73.4375, "x": 352.75, "score": 0.06793585419654846}, "left_ear": {"y": 50.375, "x": 396.3125, "score": 0.1286421567201614}, "left_elbow": {"y": 50.375, "x": 391.1875, "score": 0.02693207003176212}, "right_shoulder": {"y": 50.375, "x": 414.25, "score": 0.05864192545413971}, "right_ankle": {"y": 91.375, "x": 365.5625, "score": 0.6722113490104675}, "right_knee": {"y": 81.125, "x": 398.875, "score": 0.5573223829269409}, "right_wrist": {"y": 63.1875, "x": 393.75, "score": 0.03704869374632835}}, "location": {"height": 82.06173706054688, "width": 135.7698211669922, "top": 30.57456207275391, "score": 0.05059878900647163, "left": 343.2301635742188}}, {"body_parts": {"left_hip": {"y": 125.09375, "x": 399.3125, "score": 0.1173726096749306}, "top_head": {"y": 9.3125, "x": 452.75, "score": 0.1452637612819672}, "right_mouth_corner": {"y": 36.03125, "x": 470.5625, "score": 0.141085222363472}, "neck": {"y": 36.03125, "x": 461.65625, "score": 0.1172151044011116}, "left_shoulder": {"y": 53.84375, "x": 461.65625, "score": 0.2416280508041382}, "left_knee": {"y": 134.0, "x": 354.78125, "score": 0.0522431768476963}, "left_ankle": {"y": 240.875, "x": 372.59375, "score": 0.05789646878838539}, "left_mouth_corner": {"y": 36.03125, "x": 479.46875, "score": 0.1189425438642502}, "right_elbow": {"y": 62.75, "x": 461.65625, "score": 0.1817641109228134}, "right_ear": {"y": 18.21875, "x": 452.75, "score": 0.1058575361967087}, "nose": {"y": 18.21875, "x": 479.46875, "score": 0.2144585102796555}, "left_eye": {"y": 18.21875, "x": 479.46875, "score": 0.2110184878110886}, "right_eye": {"y": 18.21875, "x": 470.5625, "score": 0.2826176285743713}, "right_hip": {"y": 116.1875, "x": 390.40625, "score": 0.06987467408180237}, "left_wrist": {"y": 62.75, "x": 381.5, "score": 0.547821044921875}, "left_ear": {"y": 27.125, "x": 426.03125, "score": 0.1319374442100525}, "left_elbow": {"y": 62.75, "x": 461.65625, "score": 0.3054681420326233}, "right_shoulder": {"y": 53.84375, "x": 461.65625, "score": 0.2278677970170975}, "right_ankle": {"y": 196.34375, "x": 87.59375, "score": 0.06283774971961975}, "right_knee": {"y": 142.90625, "x": 167.75, "score": 0.04945826902985573}, "right_wrist": {"y": 62.75, "x": 390.40625, "score": 0.2190615087747574}}, "location": {"height": 269.0, "width": 473.10205078125, "top": 0.0, "score": 0.01689104363322258, "left": 5.89794921875}}], "log_id": 999016782611519745}