{"person_num": 2, "person_info": [{"body_parts": {"left_hip": {"y": 47.8125, "x": 473.1875, "score": 0.1459191739559174}, "top_head": {"y": 6.8125, "x": 480, "score": 0.03145040944218636}, "right_mouth_corner": {"y": 45.25, "x": 411.6875, "score": 0.03243495896458626}, "neck": {"y": 55.5, "x": 421.9375, "score": 0.03603169322013855}, "left_shoulder": {"y": 40.125, "x": 475.75, "score": 0.08373852074146271}, "left_knee": {"y": 55.5, "x": 386.0625, "score": 0.3623303771018982}, "left_ankle": {"y": 73.4375, "x": 357.875, "score": 0.4277364313602448}, "left_mouth_corner": {"y": 45.25, "x": 416.8125, "score": 0.03389802575111389}, "right_elbow": {"y": 96.5, "x": 468.0625, "score": 0.06701808422803879}, "right_ear": {"y": 14.49999618530273, "x": 473.1875, "score": 0.1207471936941147}, "nose": {"y": 17.06249618530273, "x": 473.1875, "score": 0.178913950920105}, "left_eye": {"y": 14.49999618530273, "x": 475.75, "score": 0.1342351883649826}, "right_eye": {"y": 17.06249618530273, "x": 473.1875, "score": 0.1665173172950745}, "right_hip": {"y": 45.25, "x": 462.9375, "score": 0.0773797333240509}, "left_wrist": {"y": 70.875, "x": 352.75, "score": 0.0775637999176979}, "left_ear": {"y": 50.375, "x": 396.3125, "score": 0.1096620559692383}, "left_elbow": {"y": 37.5625, "x": 424.5, "score": 0.2368535548448563}, "right_shoulder": {"y": 86.25, "x": 480, "score": 0.09722186625003815}, "right_ankle": {"y": 91.375, "x": 365.5625, "score": 0.6650688648223877}, "right_knee": {"y": 83.6875, "x": 398.875, "score": 0.5470924377441406}, "right_wrist": {"y": 32.4375, "x": 465.5, "score": 0.04287959635257721}}, "location": {"height": 76.47994232177734, "width": 135.6350555419922, "top": 33.3040885925293, "score": 0.05432697013020515, "left": 343.3649291992188}}, {"body_parts": {"left_hip": {"y": 142.84375, "x": 442.40625, "score": 0.1998889148235321}, "top_head": {"y": 10.1875, "x": 451.25, "score": 0.09487292170524597}, "right_mouth_corner": {"y": 27.875, "x": 477.78125, "score": 0.1127087846398354}, "neck": {"y": 36.71875, "x": 460.09375, "score": 0.1428666412830353}, "left_shoulder": {"y": 54.40625, "x": 451.25, "score": 0.2622589468955994}, "left_knee": {"y": 151.6875, "x": 451.25, "score": 0.05382654443383217}, "left_ankle": {"y": 240.125, "x": 371.65625, "score": 0.04808680713176727}, "left_mouth_corner": {"y": 36.71875, "x": 477.78125, "score": 0.0940522849559784}, "right_elbow": {"y": 63.25, "x": 460.09375, "score": 0.178821861743927}, "right_ear": {"y": 80.9375, "x": 460.09375, "score": 0.08565603941679001}, "nose": {"y": 27.875, "x": 477.78125, "score": 0.1510584950447083}, "left_eye": {"y": 27.875, "x": 477.78125, "score": 0.1464630961418152}, "right_eye": {"y": 19.03125, "x": 468.9375, "score": 0.1934217065572739}, "right_hip": {"y": 151.6875, "x": 442.40625, "score": 0.1056741774082184}, "left_wrist": {"y": 72.09375, "x": 380.5, "score": 0.4465658664703369}, "left_ear": {"y": 27.875, "x": 424.71875, "score": 0.07896886765956879}, "left_elbow": {"y": 63.25, "x": 460.09375, "score": 0.2802937924861908}, "right_shoulder": {"y": 45.5625, "x": 460.09375, "score": 0.2468350380659103}, "right_ankle": {"y": 195.90625, "x": 88.65625, "score": 0.05557850375771523}, "right_knee": {"y": 160.53125, "x": 442.40625, "score": 0.06840813159942627}, "right_wrist": {"y": 63.25, "x": 389.34375, "score": 0.198586031794548}}, "location": {"height": 269.0, "width": 470.2109375, "top": 0.0, "score": 0.01373036485165358, "left": 8.789047241210938}}], "log_id": 2230585784411689985}