{"person_num": 3, "person_info": [{"body_parts": {"left_hip": {"y": 46.75, "x": 465.75, "score": 0.08473194390535355}, "top_head": {"y": 59.40625, "x": 364.5, "score": 0.05910466983914375}, "right_mouth_corner": {"y": 97.375, "x": 480, "score": 0.01239089109003544}, "neck": {"y": 59.40625, "x": 480, "score": 0.07035486400127411}, "left_shoulder": {"y": 39.15625, "x": 473.34375, "score": 0.1418230682611465}, "left_knee": {"y": 56.875, "x": 384.75, "score": 0.2738413214683533}, "left_ankle": {"y": 87.25, "x": 369.5625, "score": 0.2507872581481934}, "left_mouth_corner": {"y": 97.375, "x": 478.40625, "score": 0.03183726221323013}, "right_elbow": {"y": 99.90625, "x": 450.5625, "score": 0.08211492002010345}, "right_ear": {"y": 16.375, "x": 473.34375, "score": 0.1264512091875076}, "nose": {"y": 8.78125, "x": 460.6875, "score": 0.06435681879520416}, "left_eye": {"y": 3.71875, "x": 470.8125, "score": 0.08446324616670609}, "right_eye": {"y": 8.78125, "x": 473.34375, "score": 0.08309832960367203}, "right_hip": {"y": 46.75, "x": 465.75, "score": 0.1283904314041138}, "left_wrist": {"y": 97.375, "x": 480, "score": 0.07393896579742432}, "left_ear": {"y": 13.84375, "x": 473.34375, "score": 0.1950399428606033}, "left_elbow": {"y": 49.28125, "x": 412.59375, "score": 0.07663708925247192}, "right_shoulder": {"y": 77.125, "x": 480, "score": 0.1010771542787552}, "right_ankle": {"y": 92.3125, "x": 361.96875, "score": 0.6664298176765442}, "right_knee": {"y": 82.1875, "x": 399.9375, "score": 0.3730263710021973}, "right_wrist": {"y": 99.90625, "x": 473.34375, "score": 0.138421505689621}}, "location": {"height": 103.7999725341797, "width": 133.7345123291016, "top": 2.754959106445312, "score": 0.03673217073082924, "left": 345.2654724121094}}, {"body_parts": {"left_hip": {"y": 142.875, "x": 443.125, "score": 0.1328859329223633}, "top_head": {"y": 36.375, "x": 452.0, "score": 0.08726068586111069}, "right_mouth_corner": {"y": 18.625, "x": 478.625, "score": 0.07030386477708817}, "neck": {"y": 27.5, "x": 452.0, "score": 0.1152612939476967}, "left_shoulder": {"y": 36.375, "x": 469.75, "score": 0.1526960730552673}, "left_knee": {"y": 151.75, "x": 452.0, "score": 0.05136178061366081}, "left_ankle": {"y": 169.5, "x": 88.125, "score": 0.05090780556201935}, "left_mouth_corner": {"y": 27.5, "x": 478.625, "score": 0.08933788537979126}, "right_elbow": {"y": 54.125, "x": 452.0, "score": 0.2400123178958893}, "right_ear": {"y": 80.75, "x": 452.0, "score": 0.173468679189682}, "nose": {"y": 9.75, "x": 478.625, "score": 0.1640170067548752}, "left_eye": {"y": 9.75, "x": 478.625, "score": 0.1389472186565399}, "right_eye": {"y": 9.75, "x": 469.75, "score": 0.1719652563333511}, "right_hip": {"y": 142.875, "x": 434.25, "score": 0.08251461386680603}, "left_wrist": {"y": 63.0, "x": 381.0, "score": 0.2476160824298859}, "left_ear": {"y": 80.75, "x": 452.0, "score": 0.1324065178632736}, "left_elbow": {"y": 63.0, "x": 452.0, "score": 0.2345945835113525}, "right_shoulder": {"y": 27.5, "x": 17.125, "score": 0.1952460110187531}, "right_ankle": {"y": 169.5, "x": 88.125, "score": 0.06534378975629807}, "right_knee": {"y": 160.625, "x": 452.0, "score": 0.05487751960754395}, "right_wrist": {"y": 54.125, "x": 398.75, "score": 0.1315509974956512}}, "location": {"height": 269.0, "width": 472.5221557617188, "top": 0.0, "score": 0.01494379155337811, "left": 6.477828979492188}}, {"body_parts": {"left_hip": {"y": 99.21875, "x": 453.4375, "score": 0.1656065583229065}, "top_head": {"y": 79.34375, "x": 458.40625, "score": 0.1239971369504929}, "right_mouth_corner": {"y": 109.15625, "x": 453.4375, "score": 0.08882439881563187}, "neck": {"y": 14.74999237060547, "x": 304.375, "score": 0.1268150508403778}, "left_shoulder": {"y": 39.59375, "x": 463.375, "score": 0.1758740693330765}, "left_knee": {"y": 64.4375, "x": 398.78125, "score": 0.1244650930166245}, "left_ankle": {"y": 84.3125, "x": 378.90625, "score": 0.3141771554946899}, "left_mouth_corner": {"y": 109.15625, "x": 453.4375, "score": 0.07731714844703674}, "right_elbow": {"y": 79.34375, "x": 413.6875, "score": 0.1183648854494095}, "right_ear": {"y": 89.28125, "x": 468.34375, "score": 0.1260857433080673}, "nose": {"y": 109.15625, "x": 453.4375, "score": 0.2871109247207642}, "left_eye": {"y": 109.15625, "x": 453.4375, "score": 0.2357936799526215}, "right_eye": {"y": 109.15625, "x": 448.46875, "score": 0.2413806617259979}, "right_hip": {"y": 54.5, "x": 463.375, "score": 0.1592827290296555}, "left_wrist": {"y": 59.46875, "x": 383.875, "score": 0.1598518490791321}, "left_ear": {"y": 14.74999237060547, "x": 468.34375, "score": 0.06312394142150879}, "left_elbow": {"y": 74.375, "x": 403.75, "score": 0.2223776131868362}, "right_shoulder": {"y": 39.59375, "x": 453.4375, "score": 0.1000263169407845}, "right_ankle": {"y": 84.3125, "x": 383.875, "score": 0.3417603373527527}, "right_knee": {"y": 59.46875, "x": 413.6875, "score": 0.1707207411527634}, "right_wrist": {"y": 64.4375, "x": 388.84375, "score": 0.0830947607755661}}, "location": {"height": 265.4341735839844, "width": 138.6472625732422, "top": 2.36822509765625, "score": 0.006374436896294355, "left": 340.3527221679688}}], "log_id": 2863682763264616929}