{"person_num": 3, "person_info": [{"body_parts": {"left_hip": {"y": 51.8125, "x": 469.8125, "score": 0.1551938056945801}, "top_head": {"y": 120.15625, "x": 462.21875, "score": 0.06378760933876038}, "right_mouth_corner": {"y": 18.90625, "x": 464.75, "score": 0.0188017375767231}, "neck": {"y": 26.5, "x": 479.9375, "score": 0.07870323956012726}, "left_shoulder": {"y": 39.15625, "x": 472.34375, "score": 0.1176692545413971}, "left_knee": {"y": 54.34375, "x": 383.75, "score": 0.3826000988483429}, "left_ankle": {"y": 87.25, "x": 366.03125, "score": 0.3815488219261169}, "left_mouth_corner": {"y": 16.375, "x": 467.28125, "score": 0.03641098737716675}, "right_elbow": {"y": 89.78125, "x": 467.28125, "score": 0.03207077831029892}, "right_ear": {"y": 16.375, "x": 472.34375, "score": 0.2020087540149689}, "nose": {"y": 11.3125, "x": 469.8125, "score": 0.1593256294727325}, "left_eye": {"y": 6.25, "x": 469.8125, "score": 0.1680123955011368}, "right_eye": {"y": 8.78125, "x": 469.8125, "score": 0.2090841233730316}, "right_hip": {"y": 82.1875, "x": 479.9375, "score": 0.08509844541549683}, "left_wrist": {"y": 56.875, "x": 398.9375, "score": 0.01535216066986322}, "left_ear": {"y": 13.84375, "x": 474.875, "score": 0.188996359705925}, "left_elbow": {"y": 51.8125, "x": 411.59375, "score": 0.04393581673502922}, "right_shoulder": {"y": 87.25, "x": 479.9375, "score": 0.1019051894545555}, "right_ankle": {"y": 92.3125, "x": 363.5, "score": 0.5868132710456848}, "right_knee": {"y": 79.65625, "x": 398.9375, "score": 0.3304239809513092}, "right_wrist": {"y": 97.375, "x": 449.5625, "score": 0.1544672399759293}}, "location": {"height": 103.4500198364258, "width": 134.4608459472656, "top": 3.215980529785156, "score": 0.0294368639588356, "left": 344.5391540527344}}, {"body_parts": {"left_hip": {"y": 151.5625, "x": 440.96875, "score": 0.1208907887339592}, "top_head": {"y": 11.0625, "x": 449.75, "score": 0.06311046332120895}, "right_mouth_corner": {"y": 19.84375, "x": 467.3125, "score": 0.05439434945583344}, "neck": {"y": 81.3125, "x": 440.96875, "score": 0.05907925963401794}, "left_shoulder": {"y": 37.40625, "x": 467.3125, "score": 0.1176313012838364}, "left_knee": {"y": 134.0, "x": 370.71875, "score": 0.05012312904000282}, "left_ankle": {"y": 239.375, "x": 370.71875, "score": 0.06375017017126083}, "left_mouth_corner": {"y": 19.84375, "x": 476.09375, "score": 0.06708897650241852}, "right_elbow": {"y": 63.75, "x": 467.3125, "score": 0.2726123034954071}, "right_ear": {"y": 11.0625, "x": 467.3125, "score": 0.0837566927075386}, "nose": {"y": 11.0625, "x": 476.09375, "score": 0.174248993396759}, "left_eye": {"y": 11.0625, "x": 476.09375, "score": 0.1475044339895248}, "right_eye": {"y": 11.0625, "x": 476.09375, "score": 0.1727157384157181}, "right_hip": {"y": 151.5625, "x": 440.96875, "score": 0.06947330385446548}, "left_wrist": {"y": 72.53125, "x": 379.5, "score": 0.3846366703510284}, "left_ear": {"y": 37.40625, "x": 432.1875, "score": 0.1586796641349792}, "left_elbow": {"y": 63.75, "x": 467.3125, "score": 0.2223322540521622}, "right_shoulder": {"y": 28.625, "x": 37.03125, "score": 0.1372109949588776}, "right_ankle": {"y": 239.375, "x": 370.71875, "score": 0.06440654397010803}, "right_knee": {"y": 195.46875, "x": 379.5, "score": 0.05490126088261604}, "right_wrist": {"y": 63.75, "x": 388.28125, "score": 0.1563182026147842}}, "location": {"height": 269.0, "width": 467.7739868164062, "top": 0.0, "score": 0.01574079878628254, "left": 11.22598266601562}}, {"body_parts": {"left_hip": {"y": 54.5, "x": 458.40625, "score": 0.2340414077043533}, "top_head": {"y": 4.8125, "x": 478.28125, "score": 0.0559534952044487}, "right_mouth_corner": {"y": 74.375, "x": 364.0, "score": 0.02993947640061378}, "neck": {"y": 14.74999237060547, "x": 304.375, "score": 0.08960732072591782}, "left_shoulder": {"y": 44.5625, "x": 463.375, "score": 0.1181076765060425}, "left_knee": {"y": 59.46875, "x": 393.8125, "score": 0.1382503360509872}, "left_ankle": {"y": 84.3125, "x": 378.90625, "score": 0.2944143414497375}, "left_mouth_corner": {"y": 9.781242370605469, "x": 458.40625, "score": 0.02264123037457466}, "right_elbow": {"y": 74.375, "x": 403.75, "score": 0.154137521982193}, "right_ear": {"y": 9.781242370605469, "x": 463.375, "score": 0.1056650429964066}, "nose": {"y": 9.781242370605469, "x": 463.375, "score": 0.1083678379654884}, "left_eye": {"y": 9.781242370605469, "x": 463.375, "score": 0.09371458739042282}, "right_eye": {"y": 4.8125, "x": 468.34375, "score": 0.1747415214776993}, "right_hip": {"y": 54.5, "x": 458.40625, "score": 0.1969145238399506}, "left_wrist": {"y": 59.46875, "x": 373.9375, "score": 0.1452944874763489}, "left_ear": {"y": 14.74999237060547, "x": 468.34375, "score": 0.09439472109079361}, "left_elbow": {"y": 69.40625, "x": 403.75, "score": 0.1511745452880859}, "right_shoulder": {"y": 39.59375, "x": 453.4375, "score": 0.08264590799808502}, "right_ankle": {"y": 84.3125, "x": 378.90625, "score": 0.4487119019031525}, "right_knee": {"y": 69.40625, "x": 393.8125, "score": 0.2786194682121277}, "right_wrist": {"y": 79.34375, "x": 373.9375, "score": 0.07291995733976364}}, "location": {"height": 264.6725463867188, "width": 138.6330413818359, "top": 2.722869873046875, "score": 0.00700360769405961, "left": 340.366943359375}}], "log_id": 9035012340147264449}