{"person_num": 1, "person_info": [{"body_parts": {"left_hip": {"y": 151.625, "x": 441.6875, "score": 0.1315841376781464}, "top_head": {"y": 1.8125, "x": 480, "score": 0.07097797095775604}, "right_mouth_corner": {"y": 63.5, "x": 353.5625, "score": 0.08771225810050964}, "neck": {"y": 28.25, "x": 432.875, "score": 0.06037171185016632}, "left_shoulder": {"y": 54.6875, "x": 450.5, "score": 0.1445896923542023}, "left_knee": {"y": 222.125, "x": 371.1875, "score": 0.0471687838435173}, "left_ankle": {"y": 239.75, "x": 371.1875, "score": 0.06754438579082489}, "left_mouth_corner": {"y": 28.25, "x": 353.5625, "score": 0.09436371922492981}, "right_elbow": {"y": 63.5, "x": 459.3125, "score": 0.1598391234874725}, "right_ear": {"y": 19.4375, "x": 459.3125, "score": 0.08535136282444}, "nose": {"y": 19.4375, "x": 476.9375, "score": 0.1662991046905518}, "left_eye": {"y": 19.4375, "x": 476.9375, "score": 0.1568222939968109}, "right_eye": {"y": 10.62499237060547, "x": 476.9375, "score": 0.2244149893522263}, "right_hip": {"y": 151.625, "x": 432.875, "score": 0.09244289249181747}, "left_wrist": {"y": 54.6875, "x": 380.0, "score": 0.2675303220748901}, "left_ear": {"y": 10.62499237060547, "x": 432.875, "score": 0.1024990677833557}, "left_elbow": {"y": 63.5, "x": 450.5, "score": 0.1218463033437729}, "right_shoulder": {"y": 28.25, "x": 36.3125, "score": 0.2027725428342819}, "right_ankle": {"y": 195.6875, "x": 80.375, "score": 0.07138830423355103}, "right_knee": {"y": 195.6875, "x": 380.0, "score": 0.04204670339822769}, "right_wrist": {"y": 54.6875, "x": 380.0, "score": 0.1819848567247391}}, "location": {"height": 269.0, "width": 469.6395874023438, "top": 0.0, "score": 0.0178105216473341, "left": 9.360397338867188}}], "log_id": 5571614137795718401}