{"person_num": 2, "person_info": [{"body_parts": {"left_hip": {"y": 53.21875, "x": 470.8125, "score": 0.1793337017297745}, "top_head": {"y": 2.59375, "x": 478.40625, "score": 0.06054530292749405}, "right_mouth_corner": {"y": 20.3125, "x": 470.8125, "score": 0.012876789085567}, "neck": {"y": 27.90625, "x": 480, "score": 0.05223170295357704}, "left_shoulder": {"y": 45.625, "x": 473.34375, "score": 0.06112392619252205}, "left_knee": {"y": 68.40625, "x": 402.46875, "score": 0.2621077597141266}, "left_ankle": {"y": 93.71875, "x": 359.4375, "score": 0.3259741067886353}, "left_mouth_corner": {"y": 20.3125, "x": 468.28125, "score": 0.0201325211673975}, "right_elbow": {"y": 48.15625, "x": 384.75, "score": 0.04795626923441887}, "right_ear": {"y": 106.375, "x": 465.75, "score": 0.1002650111913681}, "nose": {"y": 15.25, "x": 470.8125, "score": 0.1351631879806519}, "left_eye": {"y": 10.1875, "x": 475.875, "score": 0.1192605942487717}, "right_eye": {"y": 15.25, "x": 470.8125, "score": 0.1142276078462601}, "right_hip": {"y": 91.1875, "x": 478.40625, "score": 0.1283766627311707}, "left_wrist": {"y": 60.8125, "x": 367.03125, "score": 0.1206815391778946}, "left_ear": {"y": 50.6875, "x": 364.5, "score": 0.1212824657559395}, "left_elbow": {"y": 48.15625, "x": 387.28125, "score": 0.1111778020858765}, "right_shoulder": {"y": 86.125, "x": 480, "score": 0.07852393388748169}, "right_ankle": {"y": 91.1875, "x": 361.96875, "score": 0.5368015170097351}, "right_knee": {"y": 68.40625, "x": 402.46875, "score": 0.2078876495361328}, "right_wrist": {"y": 96.25, "x": 468.28125, "score": 0.0512087419629097}}, "location": {"height": 101.2174377441406, "width": 133.9772338867188, "top": 21.4356575012207, "score": 0.02058040350675583, "left": 345.0227355957031}}, {"body_parts": {"left_hip": {"y": 142.8125, "x": 441.6875, "score": 0.1641322821378708}, "top_head": {"y": 1.8125, "x": 480, "score": 0.08866117149591446}, "right_mouth_corner": {"y": 28.25, "x": 476.9375, "score": 0.1224934384226799}, "neck": {"y": 37.0625, "x": 480, "score": 0.07974445819854736}, "left_shoulder": {"y": 54.6875, "x": 450.5, "score": 0.2055663466453552}, "left_knee": {"y": 204.5, "x": 371.1875, "score": 0.06274735927581787}, "left_ankle": {"y": 239.75, "x": 371.1875, "score": 0.0769016444683075}, "left_mouth_corner": {"y": 28.25, "x": 362.375, "score": 0.1471738517284393}, "right_elbow": {"y": 63.5, "x": 459.3125, "score": 0.1783415079116821}, "right_ear": {"y": 10.62499237060547, "x": 468.125, "score": 0.1108209937810898}, "nose": {"y": 28.25, "x": 362.375, "score": 0.1764802038669586}, "left_eye": {"y": 19.4375, "x": 371.1875, "score": 0.1679125875234604}, "right_eye": {"y": 10.62499237060547, "x": 476.9375, "score": 0.2058251351118088}, "right_hip": {"y": 151.625, "x": 432.875, "score": 0.1120450273156166}, "left_wrist": {"y": 54.6875, "x": 388.8125, "score": 0.3265595734119415}, "left_ear": {"y": 28.25, "x": 415.25, "score": 0.1248455792665482}, "left_elbow": {"y": 63.5, "x": 450.5, "score": 0.18302021920681}, "right_shoulder": {"y": 28.25, "x": 18.6875, "score": 0.1932543814182281}, "right_ankle": {"y": 239.75, "x": 380.0, "score": 0.08063829690217972}, "right_knee": {"y": 195.6875, "x": 380.0, "score": 0.05355668440461159}, "right_wrist": {"y": 54.6875, "x": 397.625, "score": 0.2158723622560501}}, "location": {"height": 269.0, "width": 469.9301452636719, "top": 0.0, "score": 0.01673764362931252, "left": 9.069854736328125}}], "log_id": 6228763244384387265}