{"person_num": 2, "person_info": [{"body_parts": {"left_hip": {"y": 49.21875, "x": 464.75, "score": 0.1516630351543427}, "top_head": {"y": 99.84375, "x": 462.21875, "score": 0.2633060216903687}, "right_mouth_corner": {"y": 102.375, "x": 452.09375, "score": 0.1313967257738113}, "neck": {"y": 87.1875, "x": 464.75, "score": 0.145004540681839}, "left_shoulder": {"y": 36.5625, "x": 469.8125, "score": 0.04871562868356705}, "left_knee": {"y": 49.21875, "x": 393.875, "score": 0.1409119814634323}, "left_ankle": {"y": 89.71875, "x": 360.96875, "score": 0.4124935865402222}, "left_mouth_corner": {"y": 102.375, "x": 452.09375, "score": 0.1518056988716125}, "right_elbow": {"y": 89.71875, "x": 457.15625, "score": 0.1337675154209137}, "right_ear": {"y": 102.375, "x": 462.21875, "score": 0.2003432512283325}, "nose": {"y": 102.375, "x": 454.625, "score": 0.2781930565834045}, "left_eye": {"y": 99.84375, "x": 457.15625, "score": 0.3787403106689453}, "right_eye": {"y": 99.84375, "x": 457.15625, "score": 0.3576653897762299}, "right_hip": {"y": 59.34375, "x": 391.34375, "score": 0.1306377500295639}, "left_wrist": {"y": 49.21875, "x": 366.03125, "score": 0.4410170018672943}, "left_ear": {"y": 21.375, "x": 474.875, "score": 0.1432164162397385}, "left_elbow": {"y": 34.03125, "x": 388.8125, "score": 0.1779823154211044}, "right_shoulder": {"y": 84.65625, "x": 477.40625, "score": 0.2539821863174438}, "right_ankle": {"y": 84.65625, "x": 366.03125, "score": 0.4792114198207855}, "right_knee": {"y": 61.875, "x": 393.875, "score": 0.2467251867055893}, "right_wrist": {"y": 89.71875, "x": 454.625, "score": 0.1568373143672943}}, "location": {"height": 101.3751220703125, "width": 134.009521484375, "top": 13.25066375732422, "score": 0.1240695938467979, "left": 344.990478515625}}, {"body_parts": {"left_hip": {"y": 116.125, "x": 364.125, "score": 0.04878384619951248}, "top_head": {"y": 44.625, "x": 462.4375, "score": 0.1286823451519012}, "right_mouth_corner": {"y": 26.75, "x": 471.375, "score": 0.1209088712930679}, "neck": {"y": 44.625, "x": 480, "score": 0.06178029254078865}, "left_shoulder": {"y": 53.5625, "x": 462.4375, "score": 0.1902725994586945}, "left_knee": {"y": 71.4375, "x": 453.5, "score": 0.04616900160908699}, "left_ankle": {"y": 44.625, "x": 408.8125, "score": 0.1740533262491226}, "left_mouth_corner": {"y": 26.75, "x": 480, "score": 0.1037067025899887}, "right_elbow": {"y": 53.5625, "x": 399.875, "score": 0.1169740110635757}, "right_ear": {"y": 44.625, "x": 426.6875, "score": 0.05520980805158615}, "nose": {"y": 17.8125, "x": 471.375, "score": 0.1729602366685867}, "left_eye": {"y": 8.875, "x": 462.4375, "score": 0.1491229087114334}, "right_eye": {"y": 17.8125, "x": 462.4375, "score": 0.1843911409378052}, "right_hip": {"y": 80.375, "x": 417.75, "score": 0.03901560977101326}, "left_wrist": {"y": 44.625, "x": 390.9375, "score": 0.4117330014705658}, "left_ear": {"y": 44.625, "x": 426.6875, "score": 0.08929161727428436}, "left_elbow": {"y": 71.4375, "x": 453.5, "score": 0.1070365831255913}, "right_shoulder": {"y": 35.6875, "x": 6.625, "score": 0.194819375872612}, "right_ankle": {"y": 44.625, "x": 408.8125, "score": 0.1234986186027527}, "right_knee": {"y": 125.0625, "x": 346.25, "score": 0.04850882291793823}, "right_wrist": {"y": 44.625, "x": 390.9375, "score": 0.2306035906076431}}, "location": {"height": 269.0, "width": 475.2710571289062, "top": 0.0, "score": 0.0183953158557415, "left": 3.72894287109375}}], "log_id": 6363592769595281825}