{"person_num": 3, "person_info": [{"body_parts": {"left_hip": {"y": 50.375, "x": 468.0625, "score": 0.1101599037647247}, "top_head": {"y": 109.3125, "x": 460.375, "score": 0.1144444867968559}, "right_mouth_corner": {"y": 81.125, "x": 480, "score": 0.04940988123416901}, "neck": {"y": 65.75, "x": 480, "score": 0.08854721486568451}, "left_shoulder": {"y": 86.25, "x": 470.625, "score": 0.04709657281637192}, "left_knee": {"y": 58.0625, "x": 401.4375, "score": 0.2199788391590118}, "left_ankle": {"y": 93.9375, "x": 365.5625, "score": 0.453189343214035}, "left_mouth_corner": {"y": 83.6875, "x": 480, "score": 0.06372857838869095}, "right_elbow": {"y": 99.0625, "x": 429.625, "score": 0.1835669279098511}, "right_ear": {"y": 99.0625, "x": 478.3125, "score": 0.05013434216380119}, "nose": {"y": 17.06249618530273, "x": 473.1875, "score": 0.05703851580619812}, "left_eye": {"y": 6.8125, "x": 475.75, "score": 0.0405689999461174}, "right_eye": {"y": 17.06249618530273, "x": 473.1875, "score": 0.05503151193261147}, "right_hip": {"y": 86.25, "x": 468.0625, "score": 0.1520122736692429}, "left_wrist": {"y": 50.375, "x": 375.8125, "score": 0.04409262537956238}, "left_ear": {"y": 22.18749618530273, "x": 473.1875, "score": 0.06603986024856567}, "left_elbow": {"y": 40.125, "x": 396.3125, "score": 0.05674577876925468}, "right_shoulder": {"y": 91.375, "x": 468.0625, "score": 0.3146280646324158}, "right_ankle": {"y": 91.375, "x": 363.0, "score": 0.5662407279014587}, "right_knee": {"y": 63.1875, "x": 398.875, "score": 0.4462699294090271}, "right_wrist": {"y": 101.625, "x": 429.625, "score": 0.1281705349683762}}, "location": {"height": 103.3027572631836, "width": 135.2885589599609, "top": 20.18671417236328, "score": 0.04184068739414215, "left": 343.71142578125}}, {"body_parts": {"left_hip": {"y": 142.90625, "x": 443.84375, "score": 0.1734306514263153}, "top_head": {"y": 0, "x": 470.5625, "score": 0.1769516617059708}, "right_mouth_corner": {"y": 36.03125, "x": 470.5625, "score": 0.2671977579593658}, "neck": {"y": 36.03125, "x": 461.65625, "score": 0.1853450685739517}, "left_shoulder": {"y": 53.84375, "x": 461.65625, "score": 0.2117204964160919}, "left_knee": {"y": 151.8125, "x": 434.9375, "score": 0.06081289052963257}, "left_ankle": {"y": 240.875, "x": 372.59375, "score": 0.0869210734963417}, "left_mouth_corner": {"y": 44.9375, "x": 461.65625, "score": 0.2115104198455811}, "right_elbow": {"y": 62.75, "x": 461.65625, "score": 0.2151478230953217}, "right_ear": {"y": 27.125, "x": 452.75, "score": 0.2692932784557343}, "nose": {"y": 27.125, "x": 470.5625, "score": 0.337312251329422}, "left_eye": {"y": 18.21875, "x": 470.5625, "score": 0.3419559001922607}, "right_eye": {"y": 18.21875, "x": 461.65625, "score": 0.4825177490711212}, "right_hip": {"y": 151.8125, "x": 434.9375, "score": 0.08814194798469543}, "left_wrist": {"y": 53.84375, "x": 390.40625, "score": 0.5359053015708923}, "left_ear": {"y": 36.03125, "x": 479.46875, "score": 0.2199683040380478}, "left_elbow": {"y": 62.75, "x": 461.65625, "score": 0.4027133285999298}, "right_shoulder": {"y": 44.9375, "x": 461.65625, "score": 0.2160520255565643}, "right_ankle": {"y": 240.875, "x": 372.59375, "score": 0.1034352481365204}, "right_knee": {"y": 196.34375, "x": 381.5, "score": 0.0637894868850708}, "right_wrist": {"y": 53.84375, "x": 399.3125, "score": 0.228321835398674}}, "location": {"height": 269.0, "width": 473.5098571777344, "top": 0.0, "score": 0.01584729179739952, "left": 5.490142822265625}}, {"body_parts": {"left_hip": {"y": 63.21875, "x": 462.375, "score": 0.3235227465629578}, "top_head": {"y": 1.875, "x": 480, "score": 0.03776486217975616}, "right_mouth_corner": {"y": 16.03125, "x": 443.5, "score": 0.009915627539157867}, "neck": {"y": 0, "x": 480, "score": 0.0255187414586544}, "left_shoulder": {"y": 49.0625, "x": 462.375, "score": 0.1395294815301895}, "left_knee": {"y": 53.78125, "x": 401.03125, "score": 0.278769463300705}, "left_ankle": {"y": 86.8125, "x": 368.0, "score": 0.6645305156707764}, "left_mouth_corner": {"y": 96.25, "x": 254.75, "score": 0.02180786617100239}, "right_elbow": {"y": 34.90625, "x": 438.78125, "score": 0.02182307839393616}, "right_ear": {"y": 49.0625, "x": 368.0, "score": 0.06425360590219498}, "nose": {"y": 58.5, "x": 349.125, "score": 0.06325610727071762}, "left_eye": {"y": 11.3125, "x": 462.375, "score": 0.03481533378362656}, "right_eye": {"y": 11.3125, "x": 467.09375, "score": 0.05426134541630745}, "right_hip": {"y": 58.5, "x": 462.375, "score": 0.3066684305667877}, "left_wrist": {"y": 39.625, "x": 396.3125, "score": 0.07428643852472305}, "left_ear": {"y": 49.0625, "x": 372.71875, "score": 0.03999770432710648}, "left_elbow": {"y": 63.21875, "x": 448.21875, "score": 0.05957679077982903}, "right_shoulder": {"y": 49.0625, "x": 462.375, "score": 0.09886466711759567}, "right_ankle": {"y": 82.09375, "x": 372.71875, "score": 0.3578115403652191}, "right_knee": {"y": 58.5, "x": 396.3125, "score": 0.2448124885559082}, "right_wrist": {"y": 39.625, "x": 396.3125, "score": 0.08195926994085312}}, "location": {"height": 250.9652709960938, "width": 138.7304382324219, "top": 12.19788360595703, "score": 0.007001648657023907, "left": 340.2695617675781}}], "log_id": 4218762740068382593}