{"person_num": 2, "person_info": [{"body_parts": {"left_hip": {"y": 142.90625, "x": 443.84375, "score": 0.1826856136322021}, "top_head": {"y": 0, "x": 480, "score": 0.1426532864570618}, "right_mouth_corner": {"y": 62.75, "x": 354.78125, "score": 0.1373277008533478}, "neck": {"y": 27.125, "x": 480, "score": 0.0885927602648735}, "left_shoulder": {"y": 44.9375, "x": 470.5625, "score": 0.09528002887964249}, "left_knee": {"y": 214.15625, "x": 372.59375, "score": 0.07169657200574875}, "left_ankle": {"y": 240.875, "x": 372.59375, "score": 0.1067748591303825}, "left_mouth_corner": {"y": 80.5625, "x": 363.6875, "score": 0.1327350288629532}, "right_elbow": {"y": 71.65625, "x": 461.65625, "score": 0.2278097122907639}, "right_ear": {"y": 9.3125, "x": 470.5625, "score": 0.1891380846500397}, "nose": {"y": 27.125, "x": 479.46875, "score": 0.2749166488647461}, "left_eye": {"y": 18.21875, "x": 479.46875, "score": 0.3349913954734802}, "right_eye": {"y": 9.3125, "x": 479.46875, "score": 0.3414489030838013}, "right_hip": {"y": 107.28125, "x": 363.6875, "score": 0.09491480141878128}, "left_wrist": {"y": 62.75, "x": 390.40625, "score": 0.4825388193130493}, "left_ear": {"y": 36.03125, "x": 480, "score": 0.1890961676836014}, "left_elbow": {"y": 71.65625, "x": 470.5625, "score": 0.2634455561637878}, "right_shoulder": {"y": 27.125, "x": 34.15625, "score": 0.1765018403530121}, "right_ankle": {"y": 240.875, "x": 372.59375, "score": 0.104146808385849}, "right_knee": {"y": 205.25, "x": 372.59375, "score": 0.08128000050783157}, "right_wrist": {"y": 62.75, "x": 390.40625, "score": 0.3014324307441711}}, "location": {"height": 269.0, "width": 473.4520568847656, "top": 0.0, "score": 0.01374303363263607, "left": 5.54791259765625}}, {"body_parts": {"left_hip": {"y": 64.8125, "x": 470.8125, "score": 0.1581784188747406}, "top_head": {"y": 69.875, "x": 480, "score": 0.01405718456953764}, "right_mouth_corner": {"y": 82.53125, "x": 480, "score": 0.01658551767468452}, "neck": {"y": 82.53125, "x": 480, "score": 0.06145493686199188}, "left_shoulder": {"y": 52.15625, "x": 473.34375, "score": 0.03099904209375381}, "left_knee": {"y": 67.34375, "x": 399.9375, "score": 0.2731078565120697}, "left_ankle": {"y": 92.65625, "x": 364.5, "score": 0.5217190980911255}, "left_mouth_corner": {"y": 49.625, "x": 442.96875, "score": 0.004889231640845537}, "right_elbow": {"y": 62.28125, "x": 399.9375, "score": 0.05837814137339592}, "right_ear": {"y": 16.71875, "x": 473.34375, "score": 0.05027672275900841}, "nose": {"y": 21.78125, "x": 475.875, "score": 0.03084120154380798}, "left_eye": {"y": 26.84375, "x": 478.40625, "score": 0.02861585840582848}, "right_eye": {"y": 21.78125, "x": 478.40625, "score": 0.0399508997797966}, "right_hip": {"y": 100.25, "x": 465.75, "score": 0.3330392837524414}, "left_wrist": {"y": 57.21875, "x": 389.8125, "score": 0.06135229766368866}, "left_ear": {"y": 21.78125, "x": 473.34375, "score": 0.01767384819686413}, "left_elbow": {"y": 57.21875, "x": 412.59375, "score": 0.05452151969075203}, "right_shoulder": {"y": 102.78125, "x": 468.28125, "score": 0.1398044526576996}, "right_ankle": {"y": 90.125, "x": 367.03125, "score": 0.3119219541549683}, "right_knee": {"y": 64.8125, "x": 402.46875, "score": 0.2200859487056732}, "right_wrist": {"y": 100.25, "x": 435.375, "score": 0.1038030460476875}}, "location": {"height": 88.68257141113281, "width": 133.0444946289062, "top": 35.04289627075195, "score": 0.01236631441861391, "left": 345.9555053710938}}], "log_id": 8905714059759152929}