{"person_num": 2, "person_info": [{"body_parts": {"left_hip": {"y": 142.90625, "x": 443.84375, "score": 0.1695849597454071}, "top_head": {"y": 0, "x": 480, "score": 0.1494232416152954}, "right_mouth_corner": {"y": 27.125, "x": 479.46875, "score": 0.137186273932457}, "neck": {"y": 27.125, "x": 480, "score": 0.08667214959859848}, "left_shoulder": {"y": 53.84375, "x": 452.75, "score": 0.1320418864488602}, "left_knee": {"y": 205.25, "x": 372.59375, "score": 0.06459750980138779}, "left_ankle": {"y": 231.96875, "x": 372.59375, "score": 0.1009550541639328}, "left_mouth_corner": {"y": 36.03125, "x": 479.46875, "score": 0.112115815281868}, "right_elbow": {"y": 62.75, "x": 461.65625, "score": 0.2381692379713058}, "right_ear": {"y": 18.21875, "x": 470.5625, "score": 0.1766622811555862}, "nose": {"y": 27.125, "x": 479.46875, "score": 0.2975774109363556}, "left_eye": {"y": 18.21875, "x": 479.46875, "score": 0.3514588177204132}, "right_eye": {"y": 9.3125, "x": 479.46875, "score": 0.3566558063030243}, "right_hip": {"y": 142.90625, "x": 426.03125, "score": 0.08027893304824829}, "left_wrist": {"y": 62.75, "x": 390.40625, "score": 0.4385294020175934}, "left_ear": {"y": 27.125, "x": 480, "score": 0.1901140660047531}, "left_elbow": {"y": 71.65625, "x": 470.5625, "score": 0.2312624752521515}, "right_shoulder": {"y": 27.125, "x": 34.15625, "score": 0.1551747918128967}, "right_ankle": {"y": 240.875, "x": 372.59375, "score": 0.1023595631122589}, "right_knee": {"y": 205.25, "x": 372.59375, "score": 0.07237594574689865}, "right_wrist": {"y": 62.75, "x": 390.40625, "score": 0.2497769147157669}}, "location": {"height": 269.0, "width": 473.2308349609375, "top": 0.0, "score": 0.0126653341576457, "left": 5.769134521484375}}, {"body_parts": {"left_hip": {"y": 72.40625, "x": 468.28125, "score": 0.1476733833551407}, "top_head": {"y": 44.5625, "x": 410.0625, "score": 0.01403221022337675}, "right_mouth_corner": {"y": 82.53125, "x": 480, "score": 0.02040616050362587}, "neck": {"y": 80.0, "x": 480, "score": 0.04987446591258049}, "left_shoulder": {"y": 52.15625, "x": 473.34375, "score": 0.02105032466351986}, "left_knee": {"y": 67.34375, "x": 399.9375, "score": 0.2699754536151886}, "left_ankle": {"y": 92.65625, "x": 367.03125, "score": 0.3723559677600861}, "left_mouth_corner": {"y": 59.75, "x": 422.71875, "score": 0.02015460282564163}, "right_elbow": {"y": 90.125, "x": 473.34375, "score": 0.02822952531278133}, "right_ear": {"y": 16.71875, "x": 473.34375, "score": 0.06590823829174042}, "nose": {"y": 31.90625, "x": 473.34375, "score": 0.04077930003404617}, "left_eye": {"y": 26.84375, "x": 478.40625, "score": 0.03286841511726379}, "right_eye": {"y": 19.25, "x": 478.40625, "score": 0.05513174086809158}, "right_hip": {"y": 100.25, "x": 468.28125, "score": 0.312885195016861}, "left_wrist": {"y": 57.21875, "x": 387.28125, "score": 0.03189156949520111}, "left_ear": {"y": 57.21875, "x": 445.5, "score": 0.01866154000163078}, "left_elbow": {"y": 57.21875, "x": 412.59375, "score": 0.05873557180166245}, "right_shoulder": {"y": 102.78125, "x": 468.28125, "score": 0.1355291306972504}, "right_ankle": {"y": 90.125, "x": 367.03125, "score": 0.4768581390380859}, "right_knee": {"y": 105.3125, "x": 430.3125, "score": 0.3564003109931946}, "right_wrist": {"y": 100.25, "x": 432.84375, "score": 0.06050900369882584}}, "location": {"height": 91.41312408447266, "width": 133.6118927001953, "top": 33.83697128295898, "score": 0.01238938327878714, "left": 345.3880920410156}}], "log_id": 712687305188644609}