{"person_num": 2, "person_info": [{"body_parts": {"left_hip": {"y": 151.625, "x": 441.6875, "score": 0.1934410929679871}, "top_head": {"y": 1.8125, "x": 480, "score": 0.144245445728302}, "right_mouth_corner": {"y": 81.125, "x": 362.375, "score": 0.1497148424386978}, "neck": {"y": 63.5, "x": 450.5, "score": 0.0798550546169281}, "left_shoulder": {"y": 81.125, "x": 459.3125, "score": 0.153337225317955}, "left_knee": {"y": 213.3125, "x": 371.1875, "score": 0.0739559456706047}, "left_ankle": {"y": 239.75, "x": 380.0, "score": 0.09224998950958252}, "left_mouth_corner": {"y": 81.125, "x": 362.375, "score": 0.156384602189064}, "right_elbow": {"y": 63.5, "x": 468.125, "score": 0.2359508872032166}, "right_ear": {"y": 19.4375, "x": 468.125, "score": 0.2401587963104248}, "nose": {"y": 28.25, "x": 476.9375, "score": 0.1928087472915649}, "left_eye": {"y": 19.4375, "x": 476.9375, "score": 0.2543050944805145}, "right_eye": {"y": 19.4375, "x": 476.9375, "score": 0.2822263240814209}, "right_hip": {"y": 151.625, "x": 388.8125, "score": 0.1128359660506248}, "left_wrist": {"y": 72.3125, "x": 388.8125, "score": 0.5372148752212524}, "left_ear": {"y": 37.0625, "x": 480, "score": 0.1741771548986435}, "left_elbow": {"y": 63.5, "x": 468.125, "score": 0.2581424713134766}, "right_shoulder": {"y": 28.25, "x": 36.3125, "score": 0.1716503798961639}, "right_ankle": {"y": 239.75, "x": 380.0, "score": 0.1164366230368614}, "right_knee": {"y": 195.6875, "x": 380.0, "score": 0.05614891648292542}, "right_wrist": {"y": 63.5, "x": 388.8125, "score": 0.3539247810840607}}, "location": {"height": 269.0, "width": 469.8882141113281, "top": 0.0, "score": 0.01482468657195568, "left": 9.111785888671875}}, {"body_parts": {"left_hip": {"y": 64.0, "x": 464.0, "score": 0.1724619120359421}, "top_head": {"y": 0, "x": 464.0, "score": 0.03556680679321289}, "right_mouth_corner": {"y": 114.0, "x": 424.0, "score": 0.02706676721572876}, "neck": {"y": 14.0, "x": 284.0, "score": 0.04713878408074379}, "left_shoulder": {"y": 69.0, "x": 454.0, "score": 0.06281895935535431}, "left_knee": {"y": 64.0, "x": 399.0, "score": 0.33791783452034}, "left_ankle": {"y": 89.0, "x": 374.0, "score": 0.6247121691703796}, "left_mouth_corner": {"y": 114.0, "x": 419.0, "score": 0.02590294741094112}, "right_elbow": {"y": 64.0, "x": 439.0, "score": 0.05338346585631371}, "right_ear": {"y": 9.0, "x": 279.0, "score": 0.03224560990929604}, "nose": {"y": 114.0, "x": 419.0, "score": 0.09736211597919464}, "left_eye": {"y": 109.0, "x": 414.0, "score": 0.03808169066905975}, "right_eye": {"y": 0, "x": 464.0, "score": 0.06290140748023987}, "right_hip": {"y": 89.0, "x": 464.0, "score": 0.1440009027719498}, "left_wrist": {"y": 59.0, "x": 389.0, "score": 0.1279312670230865}, "left_ear": {"y": 14.0, "x": 404.0, "score": 0.02507074922323227}, "left_elbow": {"y": 69.0, "x": 394.0, "score": 0.05818285048007965}, "right_shoulder": {"y": 79.0, "x": 454.0, "score": 0.03078001737594604}, "right_ankle": {"y": 84.0, "x": 379.0, "score": 0.3707602620124817}, "right_knee": {"y": 59.0, "x": 409.0, "score": 0.2560651302337646}, "right_wrist": {"y": 54.0, "x": 389.0, "score": 0.1004490479826927}}, "location": {"height": 266.7022399902344, "width": 137.98291015625, "top": 1.807815551757812, "score": 0.005228579975664616, "left": 341.01708984375}}], "log_id": 2924659338240311009}