{"person_num": 3, "person_info": [{"body_parts": {"left_hip": {"y": 61.625, "x": 478.3125, "score": 0.1355889886617661}, "top_head": {"y": 2.6875, "x": 475.75, "score": 0.09779822081327438}, "right_mouth_corner": {"y": 25.74999618530273, "x": 468.0625, "score": 0.0866425558924675}, "neck": {"y": 36.0, "x": 480, "score": 0.06621868163347244}, "left_shoulder": {"y": 59.0625, "x": 470.625, "score": 0.124225027859211}, "left_knee": {"y": 56.5, "x": 404.0, "score": 0.1647456735372543}, "left_ankle": {"y": 94.9375, "x": 368.125, "score": 0.543087363243103}, "left_mouth_corner": {"y": 25.74999618530273, "x": 468.0625, "score": 0.1164859458804131}, "right_elbow": {"y": 56.5, "x": 411.6875, "score": 0.09758048504590988}, "right_ear": {"y": 30.875, "x": 475.75, "score": 0.09932880103588104}, "nose": {"y": 18.06249618530273, "x": 470.625, "score": 0.2837509214878082}, "left_eye": {"y": 12.9375, "x": 475.75, "score": 0.2294608801603317}, "right_eye": {"y": 18.06249618530273, "x": 470.625, "score": 0.2701550126075745}, "right_hip": {"y": 94.9375, "x": 480, "score": 0.05756563320755959}, "left_wrist": {"y": 61.625, "x": 375.8125, "score": 0.2254895567893982}, "left_ear": {"y": 25.74999618530273, "x": 480, "score": 0.0867408886551857}, "left_elbow": {"y": 53.9375, "x": 411.6875, "score": 0.1696513295173645}, "right_shoulder": {"y": 46.25, "x": 465.5, "score": 0.06196620687842369}, "right_ankle": {"y": 92.375, "x": 373.25, "score": 0.4573736786842346}, "right_knee": {"y": 71.875, "x": 404.0, "score": 0.3118390142917633}, "right_wrist": {"y": 59.0625, "x": 380.9375, "score": 0.1196496710181236}}, "location": {"height": 90.1791000366211, "width": 135.4355926513672, "top": 27.52453231811523, "score": 0.05346546322107315, "left": 343.5643920898438}}, {"body_parts": {"left_hip": {"y": 65.75, "x": 458.625, "score": 0.2437222898006439}, "top_head": {"y": 0, "x": 478.125, "score": 0.08474463224411011}, "right_mouth_corner": {"y": 21.875, "x": 453.75, "score": 0.03749265149235725}, "neck": {"y": 17.0, "x": 307.5, "score": 0.05210442095994949}, "left_shoulder": {"y": 65.75, "x": 453.75, "score": 0.07838649302721024}, "left_knee": {"y": 60.875, "x": 405.0, "score": 0.2897107899188995}, "left_ankle": {"y": 90.125, "x": 375.75, "score": 0.6019220948219299}, "left_mouth_corner": {"y": 21.875, "x": 458.625, "score": 0.0364556573331356}, "right_elbow": {"y": 70.625, "x": 444.0, "score": 0.04944019764661789}, "right_ear": {"y": 17.0, "x": 463.5, "score": 0.03476423397660255}, "nose": {"y": 12.125, "x": 463.5, "score": 0.1400008797645569}, "left_eye": {"y": 12.125, "x": 468.375, "score": 0.08708310127258301}, "right_eye": {"y": 12.125, "x": 468.375, "score": 0.1520460844039917}, "right_hip": {"y": 60.875, "x": 458.625, "score": 0.2178102433681488}, "left_wrist": {"y": 56.0, "x": 390.375, "score": 0.143544614315033}, "left_ear": {"y": 0, "x": 268.5, "score": 0.02597494795918465}, "left_elbow": {"y": 65.75, "x": 453.75, "score": 0.04844076931476593}, "right_shoulder": {"y": 46.25, "x": 448.875, "score": 0.05103817209601402}, "right_ankle": {"y": 90.125, "x": 375.75, "score": 0.3157625198364258}, "right_knee": {"y": 65.75, "x": 405.0, "score": 0.4034216403961182}, "right_wrist": {"y": 56.0, "x": 390.375, "score": 0.0916619747877121}}, "location": {"height": 259.4415893554688, "width": 137.9443359375, "top": 5.69384765625, "score": 0.01724178902804852, "left": 341.0556640625}}, {"body_parts": {"left_hip": {"y": 151.75, "x": 443.125, "score": 0.1075646132230759}, "top_head": {"y": 9.75, "x": 416.5, "score": 0.08274322748184204}, "right_mouth_corner": {"y": 63.0, "x": 363.25, "score": 0.09042299538850784}, "neck": {"y": 36.375, "x": 480, "score": 0.04424421861767769}, "left_shoulder": {"y": 71.875, "x": 469.75, "score": 0.09328460693359375}, "left_knee": {"y": 160.625, "x": 327.75, "score": 0.03831922635436058}, "left_ankle": {"y": 240.5, "x": 372.125, "score": 0.05085228383541107}, "left_mouth_corner": {"y": 80.75, "x": 372.125, "score": 0.08689077198505402}, "right_elbow": {"y": 71.875, "x": 460.875, "score": 0.2411927133798599}, "right_ear": {"y": 18.625, "x": 469.75, "score": 0.1148227453231812}, "nose": {"y": 27.5, "x": 478.625, "score": 0.1914897561073303}, "left_eye": {"y": 18.625, "x": 478.625, "score": 0.2474137842655182}, "right_eye": {"y": 18.625, "x": 478.625, "score": 0.217156320810318}, "right_hip": {"y": 151.75, "x": 381.0, "score": 0.07634730637073517}, "left_wrist": {"y": 71.875, "x": 381.0, "score": 0.4847548604011536}, "left_ear": {"y": 36.375, "x": 469.75, "score": 0.1182975098490715}, "left_elbow": {"y": 71.875, "x": 469.75, "score": 0.2634009718894958}, "right_shoulder": {"y": 27.5, "x": 34.875, "score": 0.1487320065498352}, "right_ankle": {"y": 169.5, "x": 88.125, "score": 0.07268479466438293}, "right_knee": {"y": 142.875, "x": 168.0, "score": 0.04864422231912613}, "right_wrist": {"y": 63.0, "x": 389.875, "score": 0.2969767153263092}}, "location": {"height": 269.0, "width": 472.5212097167969, "top": 0.0, "score": 0.01181190554052591, "left": 6.478775024414062}}], "log_id": 1638834743897898625}