{"person_num": 3, "person_info": [{"body_parts": {"left_hip": {"y": 151.625, "x": 441.6875, "score": 0.08887720108032227}, "top_head": {"y": 1.8125, "x": 480, "score": 0.07078567147254944}, "right_mouth_corner": {"y": 19.4375, "x": 480, "score": 0.03783765807747841}, "neck": {"y": 81.125, "x": 441.6875, "score": 0.03685047477483749}, "left_shoulder": {"y": 54.6875, "x": 459.3125, "score": 0.1267285197973251}, "left_knee": {"y": 142.8125, "x": 318.3125, "score": 0.03428394719958305}, "left_ankle": {"y": 195.6875, "x": 89.1875, "score": 0.05144070833921432}, "left_mouth_corner": {"y": 81.125, "x": 371.1875, "score": 0.06010244786739349}, "right_elbow": {"y": 63.5, "x": 468.125, "score": 0.2466142773628235}, "right_ear": {"y": 10.62499237060547, "x": 468.125, "score": 0.107746534049511}, "nose": {"y": 19.4375, "x": 476.9375, "score": 0.1013145670294762}, "left_eye": {"y": 10.62499237060547, "x": 476.9375, "score": 0.1523534655570984}, "right_eye": {"y": 10.62499237060547, "x": 476.9375, "score": 0.1278238147497177}, "right_hip": {"y": 151.625, "x": 432.875, "score": 0.07668367773294449}, "left_wrist": {"y": 72.3125, "x": 397.625, "score": 0.3809720575809479}, "left_ear": {"y": 10.62499237060547, "x": 468.125, "score": 0.1224493086338043}, "left_elbow": {"y": 98.75, "x": 168.5, "score": 0.1382786482572556}, "right_shoulder": {"y": 28.25, "x": 36.3125, "score": 0.1883529424667358}, "right_ankle": {"y": 195.6875, "x": 62.75, "score": 0.06299217790365219}, "right_knee": {"y": 160.4375, "x": 274.25, "score": 0.03681907430291176}, "right_wrist": {"y": 72.3125, "x": 388.8125, "score": 0.2956232130527496}}, "location": {"height": 269.0, "width": 469.6915283203125, "top": 0.0, "score": 0.01679602079093456, "left": 9.308441162109375}}, {"body_parts": {"left_hip": {"y": 104.0, "x": 454.0, "score": 0.1443581283092499}, "top_head": {"y": 9.0, "x": 469.0, "score": 0.1512509435415268}, "right_mouth_corner": {"y": 79.0, "x": 364.0, "score": 0.01481711491942406}, "neck": {"y": 14.0, "x": 304.0, "score": 0.05550664290785789}, "left_shoulder": {"y": 19.0, "x": 464.0, "score": 0.02791899815201759}, "left_knee": {"y": 64.0, "x": 414.0, "score": 0.1111247986555099}, "left_ankle": {"y": 89.0, "x": 374.0, "score": 0.2563400566577911}, "left_mouth_corner": {"y": 104.0, "x": 404.0, "score": 0.01853558793663979}, "right_elbow": {"y": 74.0, "x": 404.0, "score": 0.1251843124628067}, "right_ear": {"y": 19.0, "x": 464.0, "score": 0.07419150322675705}, "nose": {"y": 4.0, "x": 459.0, "score": 0.1109945178031921}, "left_eye": {"y": 0, "x": 464.0, "score": 0.06912833452224731}, "right_eye": {"y": 0, "x": 464.0, "score": 0.1449816524982452}, "right_hip": {"y": 104.0, "x": 459.0, "score": 0.1162220686674118}, "left_wrist": {"y": 89.0, "x": 374.0, "score": 0.3470255732536316}, "left_ear": {"y": 24.0, "x": 464.0, "score": 0.09948702156543732}, "left_elbow": {"y": 69.0, "x": 404.0, "score": 0.196906179189682}, "right_shoulder": {"y": 59.0, "x": 434.0, "score": 0.05427557229995728}, "right_ankle": {"y": 84.0, "x": 379.0, "score": 0.22479447722435}, "right_knee": {"y": 64.0, "x": 424.0, "score": 0.1514510214328766}, "right_wrist": {"y": 89.0, "x": 374.0, "score": 0.1924886852502823}}, "location": {"height": 265.9071350097656, "width": 138.6146697998047, "top": 2.097381591796875, "score": 0.01255725976079702, "left": 340.3853149414062}}, {"body_parts": {"left_hip": {"y": 63.40625, "x": 472.34375, "score": 0.1175602972507477}, "top_head": {"y": 7.71875, "x": 477.40625, "score": 0.06794466078281403}, "right_mouth_corner": {"y": 27.96875, "x": 467.28125, "score": 0.04741715639829636}, "neck": {"y": 35.5625, "x": 479.9375, "score": 0.08562042564153671}, "left_shoulder": {"y": 55.8125, "x": 469.8125, "score": 0.04532711207866669}, "left_knee": {"y": 58.34375, "x": 396.40625, "score": 0.1636875122785568}, "left_ankle": {"y": 68.46875, "x": 368.5625, "score": 0.4149948060512543}, "left_mouth_corner": {"y": 27.96875, "x": 472.34375, "score": 0.09819331765174866}, "right_elbow": {"y": 76.0625, "x": 419.1875, "score": 0.03717963770031929}, "right_ear": {"y": 25.4375, "x": 474.875, "score": 0.1130699813365936}, "nose": {"y": 22.90625, "x": 472.34375, "score": 0.2475306391716003}, "left_eye": {"y": 17.84375, "x": 477.40625, "score": 0.2052268534898758}, "right_eye": {"y": 17.84375, "x": 472.34375, "score": 0.3369167149066925}, "right_hip": {"y": 83.65625, "x": 480, "score": 0.04631650075316429}, "left_wrist": {"y": 60.875, "x": 373.625, "score": 0.1609456837177277}, "left_ear": {"y": 12.78125, "x": 467.28125, "score": 0.06240076571702957}, "left_elbow": {"y": 58.34375, "x": 411.59375, "score": 0.1311364322900772}, "right_shoulder": {"y": 45.6875, "x": 479.9375, "score": 0.02298718504607677}, "right_ankle": {"y": 93.78125, "x": 366.03125, "score": 0.5924175977706909}, "right_knee": {"y": 78.59375, "x": 401.46875, "score": 0.3093512058258057}, "right_wrist": {"y": 73.53125, "x": 411.59375, "score": 0.01412467565387487}}, "location": {"height": 121.2840576171875, "width": 134.9369659423828, "top": 2.356491088867188, "score": 0.005338034592568874, "left": 344.0630187988281}}], "log_id": 3395603637303373729}