{"person_num": 3, "person_info": [{"body_parts": {"left_hip": {"y": 65.875, "x": 409.0625, "score": 0.0820789784193039}, "top_head": {"y": 38.03125, "x": 480, "score": 0.04408669844269753}, "right_mouth_corner": {"y": 25.375, "x": 469.8125, "score": 0.09769196808338165}, "neck": {"y": 58.28125, "x": 480, "score": 0.2074005007743835}, "left_shoulder": {"y": 35.5, "x": 462.21875, "score": 0.5491348505020142}, "left_knee": {"y": 63.34375, "x": 383.75, "score": 0.4492847323417664}, "left_ankle": {"y": 65.875, "x": 366.03125, "score": 0.3997742533683777}, "left_mouth_corner": {"y": 27.90625, "x": 472.34375, "score": 0.1286294609308243}, "right_elbow": {"y": 91.1875, "x": 441.96875, "score": 0.06742784380912781}, "right_ear": {"y": 58.28125, "x": 480, "score": 0.09026274085044861}, "nose": {"y": 20.3125, "x": 472.34375, "score": 0.3312565386295319}, "left_eye": {"y": 20.3125, "x": 477.40625, "score": 0.1961470991373062}, "right_eye": {"y": 17.78125, "x": 472.34375, "score": 0.2042921036481857}, "right_hip": {"y": 83.59375, "x": 406.53125, "score": 0.07096660137176514}, "left_wrist": {"y": 55.75, "x": 436.90625, "score": 0.1046513915061951}, "left_ear": {"y": 22.84375, "x": 474.875, "score": 0.1729644238948822}, "left_elbow": {"y": 38.03125, "x": 419.1875, "score": 0.7406596541404724}, "right_shoulder": {"y": 81.0625, "x": 479.9375, "score": 0.1112849190831184}, "right_ankle": {"y": 96.25, "x": 368.5625, "score": 0.6272497177124023}, "right_knee": {"y": 86.125, "x": 401.46875, "score": 0.3754093050956726}, "right_wrist": {"y": 98.78125, "x": 480, "score": 0.1105921566486359}}, "location": {"height": 111.2093124389648, "width": 134.6106109619141, "top": 15.83840560913086, "score": 0.03988683223724365, "left": 344.3893737792969}}, {"body_parts": {"left_hip": {"y": 134.0, "x": 443.125, "score": 0.1696963608264923}, "top_head": {"y": 36.375, "x": 460.875, "score": 0.1433141827583313}, "right_mouth_corner": {"y": 63.0, "x": 363.25, "score": 0.1257188320159912}, "neck": {"y": 27.5, "x": 452.0, "score": 0.0986500009894371}, "left_shoulder": {"y": 18.625, "x": 452.0, "score": 0.1406259834766388}, "left_knee": {"y": 151.75, "x": 452.0, "score": 0.05861992761492729}, "left_ankle": {"y": 240.5, "x": 372.125, "score": 0.05227240920066833}, "left_mouth_corner": {"y": 71.875, "x": 372.125, "score": 0.1249252036213875}, "right_elbow": {"y": 98.5, "x": 150.25, "score": 0.08226010948419571}, "right_ear": {"y": 63.0, "x": 443.125, "score": 0.1584885120391846}, "nose": {"y": 63.0, "x": 372.125, "score": 0.1012698262929916}, "left_eye": {"y": 98.5, "x": 443.125, "score": 0.08022627234458923}, "right_eye": {"y": 0.875, "x": 0, "score": 0.0922609493136406}, "right_hip": {"y": 151.75, "x": 389.875, "score": 0.04589499905705452}, "left_wrist": {"y": 71.875, "x": 381.0, "score": 0.3635227382183075}, "left_ear": {"y": 45.25, "x": 425.375, "score": 0.1551666110754013}, "left_elbow": {"y": 63.0, "x": 460.875, "score": 0.4757206439971924}, "right_shoulder": {"y": 27.5, "x": 17.125, "score": 0.2257551848888397}, "right_ankle": {"y": 169.5, "x": 97.0, "score": 0.06423080712556839}, "right_knee": {"y": 116.25, "x": 150.25, "score": 0.05646540224552155}, "right_wrist": {"y": 54.125, "x": 381.0, "score": 0.08547496795654297}}, "location": {"height": 269.0, "width": 472.9239807128906, "top": 0.0, "score": 0.0184519924223423, "left": 6.076004028320312}}, {"body_parts": {"left_hip": {"y": 45.125, "x": 458.8125, "score": 0.2148132622241974}, "top_head": {"y": 74.75, "x": 468.6875, "score": 0.04456229507923126}, "right_mouth_corner": {"y": 25.375, "x": 473.625, "score": 0.01098653580993414}, "neck": {"y": 94.5, "x": 468.6875, "score": 0.03435736894607544}, "left_shoulder": {"y": 40.1875, "x": 463.75, "score": 0.2369115650653839}, "left_knee": {"y": 50.0625, "x": 468.6875, "score": 0.1145396754145622}, "left_ankle": {"y": 69.8125, "x": 374.875, "score": 0.5560034513473511}, "left_mouth_corner": {"y": 25.375, "x": 478.5625, "score": 0.01176156383007765}, "right_elbow": {"y": 79.6875, "x": 404.5, "score": 0.09116899967193604}, "right_ear": {"y": 89.5625, "x": 468.6875, "score": 0.0364704355597496}, "nose": {"y": 25.375, "x": 473.625, "score": 0.04483361169695854}, "left_eye": {"y": 109.3125, "x": 448.9375, "score": 0.03005008585751057}, "right_eye": {"y": 15.5, "x": 463.75, "score": 0.03433378785848618}, "right_hip": {"y": 50.0625, "x": 463.75, "score": 0.2559010088443756}, "left_wrist": {"y": 64.875, "x": 379.8125, "score": 0.07767120003700256}, "left_ear": {"y": 114.25, "x": 453.875, "score": 0.0223622340708971}, "left_elbow": {"y": 69.8125, "x": 404.5, "score": 0.08192305266857147}, "right_shoulder": {"y": 89.5625, "x": 434.125, "score": 0.03930956497788429}, "right_ankle": {"y": 89.5625, "x": 379.8125, "score": 0.4648427069187164}, "right_knee": {"y": 74.75, "x": 394.625, "score": 0.1998238563537598}, "right_wrist": {"y": 64.875, "x": 374.875, "score": 0.03148974478244781}}, "location": {"height": 263.6649475097656, "width": 136.4847869873047, "top": 3.307052612304688, "score": 0.005120072048157454, "left": 342.5151977539062}}], "log_id": 5312009384328849345}