{"person_num": 2, "person_info": [{"body_parts": {"left_hip": {"y": 40.25, "x": 392.75, "score": 0.4657943844795227}, "top_head": {"y": 22.3125, "x": 480, "score": 0.1395401656627655}, "right_mouth_corner": {"y": 40.25, "x": 479.875, "score": 0.2327305674552917}, "neck": {"y": 32.5625, "x": 472.1875, "score": 0.6814479231834412}, "left_shoulder": {"y": 19.74999618530273, "x": 449.125, "score": 0.6335090398788452}, "left_knee": {"y": 42.8125, "x": 377.375, "score": 0.5115209221839905}, "left_ankle": {"y": 60.75, "x": 359.4375, "score": 0.6602632999420166}, "left_mouth_corner": {"y": 40.25, "x": 480, "score": 0.1779345124959946}, "right_elbow": {"y": 71.0, "x": 420.9375, "score": 0.6908413171768188}, "right_ear": {"y": 35.125, "x": 479.875, "score": 0.5116023421287537}, "nose": {"y": 42.8125, "x": 480, "score": 0.2375591993331909}, "left_eye": {"y": 14.62499618530273, "x": 474.75, "score": 0.1066467016935349}, "right_eye": {"y": 35.125, "x": 480, "score": 0.2237285375595093}, "right_hip": {"y": 63.3125, "x": 400.4375, "score": 0.5063103437423706}, "left_wrist": {"y": 32.5625, "x": 397.875, "score": 0.2641758322715759}, "left_ear": {"y": 17.18749618530273, "x": 474.75, "score": 0.5101297497749329}, "left_elbow": {"y": 22.3125, "x": 420.9375, "score": 0.4896683394908905}, "right_shoulder": {"y": 50.5, "x": 469.625, "score": 0.7393306493759155}, "right_ankle": {"y": 91.5, "x": 359.4375, "score": 0.69484943151474}, "right_knee": {"y": 78.6875, "x": 379.9375, "score": 0.6822918653488159}, "right_wrist": {"y": 73.5625, "x": 403.0, "score": 0.6760740280151367}}, "location": {"height": 99.44986724853516, "width": 135.7991943359375, "top": 11.74971771240234, "score": 0.8033727407455444, "left": 341.8991088867188}}, {"body_parts": {"left_hip": {"y": 125.09375, "x": 390.40625, "score": 0.1985768228769302}, "top_head": {"y": 27.125, "x": 452.75, "score": 0.2338775098323822}, "right_mouth_corner": {"y": 62.75, "x": 426.03125, "score": 0.1619469374418259}, "neck": {"y": 53.84375, "x": 399.3125, "score": 0.4309048354625702}, "left_shoulder": {"y": 36.03125, "x": 426.03125, "score": 0.3034302890300751}, "left_knee": {"y": 196.34375, "x": 381.5, "score": 0.1023633107542992}, "left_ankle": {"y": 240.875, "x": 381.5, "score": 0.09159695357084274}, "left_mouth_corner": {"y": 62.75, "x": 399.3125, "score": 0.2414776235818863}, "right_elbow": {"y": 36.03125, "x": 452.75, "score": 0.2801080346107483}, "right_ear": {"y": 44.9375, "x": 426.03125, "score": 0.4109281599521637}, "nose": {"y": 62.75, "x": 426.03125, "score": 0.1614172160625458}, "left_eye": {"y": 53.84375, "x": 434.9375, "score": 0.1782150119543076}, "right_eye": {"y": 44.9375, "x": 443.84375, "score": 0.178233340382576}, "right_hip": {"y": 107.28125, "x": 363.6875, "score": 0.1833865642547607}, "left_wrist": {"y": 53.84375, "x": 390.40625, "score": 0.3228646218776703}, "left_ear": {"y": 44.9375, "x": 399.3125, "score": 0.4294581711292267}, "left_elbow": {"y": 36.03125, "x": 452.75, "score": 0.3326737880706787}, "right_shoulder": {"y": 44.9375, "x": 434.9375, "score": 0.307010293006897}, "right_ankle": {"y": 240.875, "x": 381.5, "score": 0.09986768662929535}, "right_knee": {"y": 116.1875, "x": 158.84375, "score": 0.09452380985021591}, "right_wrist": {"y": 53.84375, "x": 399.3125, "score": 0.2509829103946686}}, "location": {"height": 269.0, "width": 473.3853149414062, "top": 0.0, "score": 0.0138833299279213, "left": 5.614669799804688}}], "log_id": 3430131430960666209}