{"person_num": 2, "person_info": [{"body_parts": {"left_hip": {"y": 151.5, "x": 440.25, "score": 0.1439695358276367}, "top_head": {"y": 11.5, "x": 449.0, "score": 0.1377834677696228}, "right_mouth_corner": {"y": 29.0, "x": 475.25, "score": 0.1513301283121109}, "neck": {"y": 46.5, "x": 457.75, "score": 0.2142767757177353}, "left_shoulder": {"y": 55.25, "x": 457.75, "score": 0.2874610424041748}, "left_knee": {"y": 107.75, "x": 449.0, "score": 0.05342315509915352}, "left_ankle": {"y": 230.25, "x": 379.0, "score": 0.0824040025472641}, "left_mouth_corner": {"y": 46.5, "x": 457.75, "score": 0.1368889212608337}, "right_elbow": {"y": 72.75, "x": 396.5, "score": 0.1525003910064697}, "right_ear": {"y": 29.0, "x": 457.75, "score": 0.2217100560665131}, "nose": {"y": 20.25, "x": 475.25, "score": 0.3051867485046387}, "left_eye": {"y": 20.25, "x": 475.25, "score": 0.320569634437561}, "right_eye": {"y": 20.25, "x": 475.25, "score": 0.3771162927150726}, "right_hip": {"y": 151.5, "x": 379.0, "score": 0.08457434177398682}, "left_wrist": {"y": 81.5, "x": 379.0, "score": 0.4344560503959656}, "left_ear": {"y": 37.75, "x": 475.25, "score": 0.2281009256839752}, "left_elbow": {"y": 72.75, "x": 466.5, "score": 0.3539401292800903}, "right_shoulder": {"y": 72.75, "x": 457.75, "score": 0.2885293066501617}, "right_ankle": {"y": 239.0, "x": 379.0, "score": 0.09364455193281174}, "right_knee": {"y": 212.75, "x": 379.0, "score": 0.04667443409562111}, "right_wrist": {"y": 72.75, "x": 396.5, "score": 0.2434515953063965}}, "location": {"height": 269.0, "width": 465.7098999023438, "top": 0.0, "score": 0.013271389529109, "left": 13.29008483886719}}, {"body_parts": {"left_hip": {"y": 95.375, "x": 464.5, "score": 0.07872791588306427}, "top_head": {"y": 74.875, "x": 362.0, "score": 0.06362210959196091}, "right_mouth_corner": {"y": 59.5, "x": 420.9375, "score": 0.1032144576311111}, "neck": {"y": 80.0, "x": 480, "score": 0.1250992268323898}, "left_shoulder": {"y": 49.25, "x": 467.0625, "score": 0.3103471994400024}, "left_knee": {"y": 72.3125, "x": 382.5, "score": 0.158643364906311}, "left_ankle": {"y": 72.3125, "x": 369.6875, "score": 0.275388240814209}, "left_mouth_corner": {"y": 59.5, "x": 420.9375, "score": 0.07739143073558807}, "right_elbow": {"y": 54.375, "x": 426.0625, "score": 0.04749950021505356}, "right_ear": {"y": 80.0, "x": 480, "score": 0.08448929339647293}, "nose": {"y": 51.8125, "x": 420.9375, "score": 0.1120910048484802}, "left_eye": {"y": 51.8125, "x": 423.5, "score": 0.07317214459180832}, "right_eye": {"y": 51.8125, "x": 420.9375, "score": 0.04121348261833191}, "right_hip": {"y": 59.5, "x": 459.375, "score": 0.09564435482025146}, "left_wrist": {"y": 72.3125, "x": 369.6875, "score": 0.07387738674879074}, "left_ear": {"y": 49.25, "x": 418.375, "score": 0.01893193647265434}, "left_elbow": {"y": 54.375, "x": 426.0625, "score": 0.2710454165935516}, "right_shoulder": {"y": 103.0625, "x": 469.625, "score": 0.1856222897768021}, "right_ankle": {"y": 72.3125, "x": 362.0, "score": 0.2164971232414246}, "right_knee": {"y": 97.9375, "x": 385.0625, "score": 0.2788948714733124}, "right_wrist": {"y": 103.0625, "x": 362.0, "score": 0.1054045706987381}}, "location": {"height": 103.8178558349609, "width": 136.7250213623047, "top": 27.60968399047852, "score": 0.01113066636025906, "left": 342.2749633789062}}], "log_id": 5608170904151975073}