{"person_num": 1, "person_info": [{"body_parts": {"left_hip": {"y": 169.125, "x": 449.75, "score": 0.1236057877540588}, "top_head": {"y": 2.28125, "x": 480, "score": 0.08617401123046875}, "right_mouth_corner": {"y": 28.625, "x": 476.09375, "score": 0.06629092246294022}, "neck": {"y": 54.96875, "x": 449.75, "score": 0.1290387660264969}, "left_shoulder": {"y": 63.75, "x": 467.3125, "score": 0.2353133410215378}, "left_knee": {"y": 221.8125, "x": 370.71875, "score": 0.07686609029769897}, "left_ankle": {"y": 239.375, "x": 379.5, "score": 0.09631794691085815}, "left_mouth_corner": {"y": 54.96875, "x": 476.09375, "score": 0.07586272060871124}, "right_elbow": {"y": 72.53125, "x": 467.3125, "score": 0.2732995748519897}, "right_ear": {"y": 19.84375, "x": 467.3125, "score": 0.1973280757665634}, "nose": {"y": 19.84375, "x": 476.09375, "score": 0.1472707241773605}, "left_eye": {"y": 19.84375, "x": 467.3125, "score": 0.1954791098833084}, "right_eye": {"y": 19.84375, "x": 467.3125, "score": 0.1899637281894684}, "right_hip": {"y": 169.125, "x": 449.75, "score": 0.06127803400158882}, "left_wrist": {"y": 81.3125, "x": 440.96875, "score": 0.2457526028156281}, "left_ear": {"y": 19.84375, "x": 476.09375, "score": 0.1495250314474106}, "left_elbow": {"y": 72.53125, "x": 467.3125, "score": 0.1181606501340866}, "right_shoulder": {"y": 63.75, "x": 458.53125, "score": 0.240960568189621}, "right_ankle": {"y": 239.375, "x": 379.5, "score": 0.1004870533943176}, "right_knee": {"y": 213.03125, "x": 379.5, "score": 0.06549417227506638}, "right_wrist": {"y": 72.53125, "x": 449.75, "score": 0.221915140748024}}, "location": {"height": 269.0, "width": 467.7739562988281, "top": 0.0, "score": 0.01191530283540487, "left": 11.22601318359375}}], "log_id": 2794115470272213153}