{"person_num": 3, "person_info": [{"body_parts": {"left_hip": {"y": 68.46875, "x": 393.875, "score": 0.2559102177619934}, "top_head": {"y": 7.71875, "x": 477.40625, "score": 0.06743451207876205}, "right_mouth_corner": {"y": 25.4375, "x": 469.8125, "score": 0.0973784476518631}, "neck": {"y": 43.15625, "x": 479.9375, "score": 0.1262883991003036}, "left_shoulder": {"y": 27.96875, "x": 454.625, "score": 0.6702208518981934}, "left_knee": {"y": 68.46875, "x": 381.21875, "score": 0.2805411219596863}, "left_ankle": {"y": 68.46875, "x": 360.96875, "score": 0.58273845911026}, "left_mouth_corner": {"y": 25.4375, "x": 472.34375, "score": 0.148566871881485}, "right_elbow": {"y": 98.84375, "x": 447.03125, "score": 0.09948331862688065}, "right_ear": {"y": 68.46875, "x": 480, "score": 0.05066034570336342}, "nose": {"y": 20.375, "x": 469.8125, "score": 0.2828627228736877}, "left_eye": {"y": 15.3125, "x": 474.875, "score": 0.2327812612056732}, "right_eye": {"y": 15.3125, "x": 472.34375, "score": 0.2770219743251801}, "right_hip": {"y": 86.1875, "x": 398.9375, "score": 0.2340357154607773}, "left_wrist": {"y": 65.9375, "x": 404.0, "score": 0.1564311981201172}, "left_ear": {"y": 20.375, "x": 474.875, "score": 0.2607842683792114}, "left_elbow": {"y": 43.15625, "x": 401.46875, "score": 0.7405750751495361}, "right_shoulder": {"y": 76.0625, "x": 467.28125, "score": 0.1171751916408539}, "right_ankle": {"y": 101.375, "x": 353.375, "score": 0.6964127421379089}, "right_knee": {"y": 96.3125, "x": 383.75, "score": 0.4222654402256012}, "right_wrist": {"y": 101.375, "x": 441.96875, "score": 0.12645623087883}}, "location": {"height": 118.428825378418, "width": 134.7816772460938, "top": 3.862037658691406, "score": 0.04490111395716667, "left": 344.2183227539062}}, {"body_parts": {"left_hip": {"y": 125.0, "x": 401.0, "score": 0.2505721747875214}, "top_head": {"y": 17.0, "x": 455.0, "score": 0.214674174785614}, "right_mouth_corner": {"y": 53.0, "x": 383.0, "score": 0.328400045633316}, "neck": {"y": 26.0, "x": 446.0, "score": 0.5403466820716858}, "left_shoulder": {"y": 44.0, "x": 464.0, "score": 0.5934290885925293}, "left_knee": {"y": 206.0, "x": 383.0, "score": 0.1096457168459892}, "left_ankle": {"y": 251.0, "x": 374.0, "score": 0.09582097083330154}, "left_mouth_corner": {"y": 44.0, "x": 401.0, "score": 0.3595525026321411}, "right_elbow": {"y": 62.0, "x": 410.0, "score": 0.3506485223770142}, "right_ear": {"y": 26.0, "x": 428.0, "score": 0.3725671172142029}, "nose": {"y": 44.0, "x": 401.0, "score": 0.3497190475463867}, "left_eye": {"y": 35.0, "x": 401.0, "score": 0.332124799489975}, "right_eye": {"y": 35.0, "x": 410.0, "score": 0.2874329686164856}, "right_hip": {"y": 125.0, "x": 401.0, "score": 0.2238837480545044}, "left_wrist": {"y": 71.0, "x": 374.0, "score": 0.647620439529419}, "left_ear": {"y": 26.0, "x": 428.0, "score": 0.4464849531650543}, "left_elbow": {"y": 62.0, "x": 446.0, "score": 0.3149797022342682}, "right_shoulder": {"y": 35.0, "x": 446.0, "score": 0.411388099193573}, "right_ankle": {"y": 260.0, "x": 383.0, "score": 0.09545966237783432}, "right_knee": {"y": 197.0, "x": 401.0, "score": 0.09496515989303589}, "right_wrist": {"y": 62.0, "x": 401.0, "score": 0.404786616563797}}, "location": {"height": 269.0, "width": 479.0, "top": 0.0, "score": 0.02017076127231121, "left": 0.0}}, {"body_parts": {"left_hip": {"y": 44.5625, "x": 459.40625, "score": 0.3005049824714661}, "top_head": {"y": 14.74999237060547, "x": 474.3125, "score": 0.01389676332473755}, "right_mouth_corner": {"y": 104.1875, "x": 469.34375, "score": 0.0209136325865984}, "neck": {"y": 24.6875, "x": 474.3125, "score": 0.09087640792131424}, "left_shoulder": {"y": 34.625, "x": 454.4375, "score": 0.2786466777324677}, "left_knee": {"y": 69.40625, "x": 399.78125, "score": 0.1229053661227226}, "left_ankle": {"y": 74.375, "x": 374.9375, "score": 0.4446335732936859}, "left_mouth_corner": {"y": 104.1875, "x": 469.34375, "score": 0.04161825403571129}, "right_elbow": {"y": 44.5625, "x": 419.65625, "score": 0.03915206342935562}, "right_ear": {"y": 109.15625, "x": 469.34375, "score": 0.02289442159235477}, "nose": {"y": 14.74999237060547, "x": 459.40625, "score": 0.05613304302096367}, "left_eye": {"y": 9.781242370605469, "x": 464.375, "score": 0.04816757142543793}, "right_eye": {"y": 14.74999237060547, "x": 464.375, "score": 0.05694767832756042}, "right_hip": {"y": 39.59375, "x": 459.40625, "score": 0.3299137949943542}, "left_wrist": {"y": 39.59375, "x": 414.6875, "score": 0.1556724011898041}, "left_ear": {"y": 9.781242370605469, "x": 464.375, "score": 0.1215424239635468}, "left_elbow": {"y": 44.5625, "x": 404.75, "score": 0.3390323519706726}, "right_shoulder": {"y": 24.6875, "x": 454.4375, "score": 0.05517634749412537}, "right_ankle": {"y": 84.3125, "x": 374.9375, "score": 0.4258167147636414}, "right_knee": {"y": 79.34375, "x": 399.78125, "score": 0.4487842321395874}, "right_wrist": {"y": 34.625, "x": 429.59375, "score": 0.0486384890973568}}, "location": {"height": 265.0015869140625, "width": 137.9645080566406, "top": 2.67877197265625, "score": 0.01138541474938393, "left": 341.0354919433594}}], "log_id": 4289655678378541089}