{"person_num": 2, "person_info": [{"body_parts": {"left_hip": {"y": 43.75, "x": 390.5, "score": 0.5142093300819397}, "top_head": {"y": 9.625, "x": 480, "score": 0.04923643171787262}, "right_mouth_corner": {"y": 46.375, "x": 480, "score": 0.09949891269207001}, "neck": {"y": 22.75, "x": 477.125, "score": 0.602412760257721}, "left_shoulder": {"y": 12.25, "x": 448.25, "score": 0.6159957647323608}, "left_knee": {"y": 62.125, "x": 372.125, "score": 0.3153190612792969}, "left_ankle": {"y": 70.0, "x": 356.375, "score": 0.5975160598754883}, "left_mouth_corner": {"y": 49.0, "x": 480, "score": 0.06494177877902985}, "right_elbow": {"y": 72.625, "x": 435.125, "score": 0.7880527973175049}, "right_ear": {"y": 22.75, "x": 480, "score": 0.1395656615495682}, "nose": {"y": 51.625, "x": 480, "score": 0.06165268272161484}, "left_eye": {"y": 12.25, "x": 474.5, "score": 0.03445002809166908}, "right_eye": {"y": 46.375, "x": 480, "score": 0.03390711545944214}, "right_hip": {"y": 64.75, "x": 403.625, "score": 0.4974133670330048}, "left_wrist": {"y": 35.875, "x": 401.0, "score": 0.1779084205627441}, "left_ear": {"y": 12.25, "x": 477.125, "score": 0.4115411937236786}, "left_elbow": {"y": 22.75, "x": 411.5, "score": 0.7426034212112427}, "right_shoulder": {"y": 46.375, "x": 471.875, "score": 0.6874269247055054}, "right_ankle": {"y": 98.875, "x": 353.75, "score": 0.6335484981536865}, "right_knee": {"y": 85.75, "x": 374.75, "score": 0.6451314091682434}, "right_wrist": {"y": 72.625, "x": 411.5, "score": 0.7154079079627991}}, "location": {"height": 105.8732452392578, "width": 139.26806640625, "top": 4.469348907470703, "score": 0.6613979339599609, "left": 339.37646484375}}, {"body_parts": {"left_hip": {"y": 116.1875, "x": 363.6875, "score": 0.1659739315509796}, "top_head": {"y": 27.125, "x": 443.84375, "score": 0.1980821192264557}, "right_mouth_corner": {"y": 62.75, "x": 434.9375, "score": 0.206396222114563}, "neck": {"y": 36.03125, "x": 426.03125, "score": 0.3017992675304413}, "left_shoulder": {"y": 36.03125, "x": 399.3125, "score": 0.1967848092317581}, "left_knee": {"y": 196.34375, "x": 372.59375, "score": 0.1010041907429695}, "left_ankle": {"y": 240.875, "x": 372.59375, "score": 0.1086919903755188}, "left_mouth_corner": {"y": 62.75, "x": 434.9375, "score": 0.2160924971103668}, "right_elbow": {"y": 27.125, "x": 452.75, "score": 0.2090035676956177}, "right_ear": {"y": 44.9375, "x": 426.03125, "score": 0.3403857946395874}, "nose": {"y": 62.75, "x": 434.9375, "score": 0.2334747612476349}, "left_eye": {"y": 53.84375, "x": 443.84375, "score": 0.2288375496864319}, "right_eye": {"y": 44.9375, "x": 426.03125, "score": 0.2258690595626831}, "right_hip": {"y": 107.28125, "x": 354.78125, "score": 0.1136644035577774}, "left_wrist": {"y": 53.84375, "x": 390.40625, "score": 0.4357232749462128}, "left_ear": {"y": 36.03125, "x": 399.3125, "score": 0.3227014541625977}, "left_elbow": {"y": 18.21875, "x": 452.75, "score": 0.2225306183099747}, "right_shoulder": {"y": 36.03125, "x": 434.9375, "score": 0.2120892405509949}, "right_ankle": {"y": 240.875, "x": 381.5, "score": 0.09740132093429565}, "right_knee": {"y": 116.1875, "x": 158.84375, "score": 0.09483553469181061}, "right_wrist": {"y": 53.84375, "x": 399.3125, "score": 0.2117505669593811}}, "location": {"height": 269.0, "width": 474.6642150878906, "top": 0.0, "score": 0.011799031868577, "left": 4.335769653320312}}], "log_id": 8224163919094696993}