{"person_num": 3, "person_info": [{"body_parts": {"left_hip": {"y": 73.4375, "x": 392.75, "score": 0.1749525964260101}, "top_head": {"y": 4.25, "x": 477.3125, "score": 0.1594212502241135}, "right_mouth_corner": {"y": 29.875, "x": 480, "score": 0.06795833259820938}, "neck": {"y": 68.3125, "x": 480, "score": 0.2619466483592987}, "left_shoulder": {"y": 42.6875, "x": 467.0625, "score": 0.5212336778640747}, "left_knee": {"y": 68.3125, "x": 385.0625, "score": 0.2226563990116119}, "left_ankle": {"y": 70.875, "x": 359.4375, "score": 0.2847517132759094}, "left_mouth_corner": {"y": 29.875, "x": 467.0625, "score": 0.07274005562067032}, "right_elbow": {"y": 88.8125, "x": 441.4375, "score": 0.08441796153783798}, "right_ear": {"y": 58.0625, "x": 480, "score": 0.05756153538823128}, "nose": {"y": 17.06249618530273, "x": 469.625, "score": 0.2488652914762497}, "left_eye": {"y": 14.49999618530273, "x": 472.1875, "score": 0.1860062330961227}, "right_eye": {"y": 14.49999618530273, "x": 469.625, "score": 0.2082431018352509}, "right_hip": {"y": 93.9375, "x": 397.875, "score": 0.1240325421094894}, "left_wrist": {"y": 42.6875, "x": 449.125, "score": 0.1393060088157654}, "left_ear": {"y": 19.62499618530273, "x": 474.75, "score": 0.2445375025272369}, "left_elbow": {"y": 45.25, "x": 415.8125, "score": 0.7699909806251526}, "right_shoulder": {"y": 96.5, "x": 472.1875, "score": 0.413555234670639}, "right_ankle": {"y": 96.5, "x": 364.5625, "score": 0.2981825768947601}, "right_knee": {"y": 96.5, "x": 395.3125, "score": 0.2699825167655945}, "right_wrist": {"y": 104.1875, "x": 359.4375, "score": 0.1647752076387405}}, "location": {"height": 98.4369888305664, "width": 136.6843719482422, "top": 22.75666046142578, "score": 0.02185061387717724, "left": 342.3156127929688}}, {"body_parts": {"left_hip": {"y": 142.84375, "x": 442.40625, "score": 0.1368667632341385}, "top_head": {"y": 10.1875, "x": 415.875, "score": 0.1723037958145142}, "right_mouth_corner": {"y": 72.09375, "x": 362.8125, "score": 0.1376529037952423}, "neck": {"y": 45.5625, "x": 424.71875, "score": 0.2558154463768005}, "left_shoulder": {"y": 54.40625, "x": 451.25, "score": 0.1839631795883179}, "left_knee": {"y": 134.0, "x": 451.25, "score": 0.06225020810961723}, "left_ankle": {"y": 240.125, "x": 380.5, "score": 0.08801146596670151}, "left_mouth_corner": {"y": 72.09375, "x": 371.65625, "score": 0.1478888392448425}, "right_elbow": {"y": 107.46875, "x": 150.5625, "score": 0.09204836189746857}, "right_ear": {"y": 27.875, "x": 424.71875, "score": 0.2746988534927368}, "nose": {"y": 72.09375, "x": 371.65625, "score": 0.1634314954280853}, "left_eye": {"y": 0, "x": 0, "score": 0.1030745506286621}, "right_eye": {"y": 27.875, "x": 460.09375, "score": 0.2242127358913422}, "right_hip": {"y": 187.0625, "x": 362.8125, "score": 0.09336908161640167}, "left_wrist": {"y": 80.9375, "x": 371.65625, "score": 0.46043461561203}, "left_ear": {"y": 36.71875, "x": 424.71875, "score": 0.1974945962429047}, "left_elbow": {"y": 72.09375, "x": 460.09375, "score": 0.4532164633274078}, "right_shoulder": {"y": 27.875, "x": 17.90625, "score": 0.2117723077535629}, "right_ankle": {"y": 240.125, "x": 371.65625, "score": 0.1005299463868141}, "right_knee": {"y": 213.59375, "x": 371.65625, "score": 0.06478573381900787}, "right_wrist": {"y": 72.09375, "x": 398.1875, "score": 0.09565049409866333}}, "location": {"height": 269.0, "width": 471.2252502441406, "top": 0.0, "score": 0.01489470712840557, "left": 7.774734020233154}}, {"body_parts": {"left_hip": {"y": 62.28125, "x": 462.625, "score": 0.2540192008018494}, "top_head": {"y": 114.875, "x": 429.15625, "score": 0.02624957635998726}, "right_mouth_corner": {"y": 28.8125, "x": 433.9375, "score": 0.005144319031387568}, "neck": {"y": 71.84375, "x": 480, "score": 0.01159246172755957}, "left_shoulder": {"y": 47.9375, "x": 467.40625, "score": 0.1652811616659164}, "left_knee": {"y": 67.0625, "x": 405.25, "score": 0.1064567267894745}, "left_ankle": {"y": 76.625, "x": 371.78125, "score": 0.5339795351028442}, "left_mouth_corner": {"y": 28.8125, "x": 467.40625, "score": 0.006505898199975491}, "right_elbow": {"y": 57.5, "x": 405.25, "score": 0.05751800537109375}, "right_ear": {"y": 19.25, "x": 347.875, "score": 0.01171176414936781}, "nose": {"y": 19.25, "x": 462.625, "score": 0.02579877898097038}, "left_eye": {"y": 14.46875, "x": 467.40625, "score": 0.01726034842431545}, "right_eye": {"y": 14.46875, "x": 462.625, "score": 0.03061028569936752}, "right_hip": {"y": 81.40625, "x": 462.625, "score": 0.3191145062446594}, "left_wrist": {"y": 38.375, "x": 457.84375, "score": 0.06326554715633392}, "left_ear": {"y": 86.1875, "x": 357.4375, "score": 0.01547323446720839}, "left_elbow": {"y": 52.71875, "x": 405.25, "score": 0.2111468911170959}, "right_shoulder": {"y": 71.84375, "x": 467.40625, "score": 0.01990209892392159}, "right_ankle": {"y": 76.625, "x": 371.78125, "score": 0.3918469846248627}, "right_knee": {"y": 86.1875, "x": 400.46875, "score": 0.2288689315319061}, "right_wrist": {"y": 38.375, "x": 467.40625, "score": 0.06370934844017029}}, "location": {"height": 254.8590087890625, "width": 139.2350311279297, "top": 9.575653076171875, "score": 0.005577190313488245, "left": 339.7649536132812}}], "log_id": 5203456530781941601}