{"person_num": 3, "person_info": [{"body_parts": {"left_hip": {"y": 134.0, "x": 454.4375, "score": 0.06719274818897247}, "top_head": {"y": 0, "x": 480, "score": 0.09851254522800446}, "right_mouth_corner": {"y": 9.781242370605469, "x": 444.5, "score": 0.01263163238763809}, "neck": {"y": 34.625, "x": 479.28125, "score": 0.0959671288728714}, "left_shoulder": {"y": 59.46875, "x": 464.375, "score": 0.2722746431827545}, "left_knee": {"y": 188.65625, "x": 404.75, "score": 0.04665436968207359}, "left_ankle": {"y": 253.25, "x": 414.6875, "score": 0.1495592594146729}, "left_mouth_corner": {"y": 44.5625, "x": 464.375, "score": 0.02142428234219551}, "right_elbow": {"y": 74.375, "x": 439.53125, "score": 0.1036415696144104}, "right_ear": {"y": 89.28125, "x": 369.96875, "score": 0.08132795244455338}, "nose": {"y": 4.8125, "x": 459.40625, "score": 0.1542627662420273}, "left_eye": {"y": 9.781242370605469, "x": 464.375, "score": 0.1279872208833694}, "right_eye": {"y": 4.8125, "x": 464.375, "score": 0.1582262217998505}, "right_hip": {"y": 138.96875, "x": 459.40625, "score": 0.0751868486404419}, "left_wrist": {"y": 79.34375, "x": 379.90625, "score": 0.3237972855567932}, "left_ear": {"y": 19.71874237060547, "x": 469.34375, "score": 0.1365794837474823}, "left_elbow": {"y": 79.34375, "x": 404.75, "score": 0.2053209692239761}, "right_shoulder": {"y": 59.46875, "x": 464.375, "score": 0.1208060309290886}, "right_ankle": {"y": 253.25, "x": 419.65625, "score": 0.1338584274053574}, "right_knee": {"y": 54.5, "x": 454.4375, "score": 0.03076423704624176}, "right_wrist": {"y": 84.3125, "x": 384.875, "score": 0.267423152923584}}, "location": {"height": 264.452392578125, "width": 137.5176391601562, "top": 2.825576782226562, "score": 0.016352578997612, "left": 341.4823303222656}}, {"body_parts": {"left_hip": {"y": 103.90625, "x": 478.40625, "score": 0.07623177021741867}, "top_head": {"y": 65.9375, "x": 361.96875, "score": 0.04570169001817703}, "right_mouth_corner": {"y": 27.96875, "x": 465.75, "score": 0.03684532269835472}, "neck": {"y": 88.71875, "x": 382.21875, "score": 0.08754649758338928}, "left_shoulder": {"y": 50.75, "x": 470.8125, "score": 0.04082238301634789}, "left_knee": {"y": 96.3125, "x": 399.9375, "score": 0.07078111916780472}, "left_ankle": {"y": 98.84375, "x": 372.09375, "score": 0.2906085550785065}, "left_mouth_corner": {"y": 27.96875, "x": 473.34375, "score": 0.05082470178604126}, "right_elbow": {"y": 98.84375, "x": 394.875, "score": 0.1076962947845459}, "right_ear": {"y": 10.25, "x": 465.75, "score": 0.03123962320387363}, "nose": {"y": 22.90625, "x": 473.34375, "score": 0.1279844790697098}, "left_eye": {"y": 22.90625, "x": 480, "score": 0.07416664063930511}, "right_eye": {"y": 17.84375, "x": 473.34375, "score": 0.1558269113302231}, "right_hip": {"y": 60.875, "x": 465.75, "score": 0.07862473279237747}, "left_wrist": {"y": 101.375, "x": 377.15625, "score": 0.0700860470533371}, "left_ear": {"y": 71.0, "x": 384.75, "score": 0.0716032162308693}, "left_elbow": {"y": 96.3125, "x": 394.875, "score": 0.1246028244495392}, "right_shoulder": {"y": 103.90625, "x": 387.28125, "score": 0.03656172007322311}, "right_ankle": {"y": 101.375, "x": 367.03125, "score": 0.2473676204681396}, "right_knee": {"y": 96.3125, "x": 387.28125, "score": 0.2071686089038849}, "right_wrist": {"y": 101.375, "x": 351.84375, "score": 0.4357591569423676}}, "location": {"height": 121.5157775878906, "width": 133.2833862304688, "top": 2.470493316650391, "score": 0.01300046220421791, "left": 345.7166137695312}}, {"body_parts": {"left_hip": {"y": 151.6875, "x": 442.40625, "score": 0.1033508852124214}, "top_head": {"y": 10.1875, "x": 451.25, "score": 0.05220318585634232}, "right_mouth_corner": {"y": 27.875, "x": 468.9375, "score": 0.09250291436910629}, "neck": {"y": 36.71875, "x": 480, "score": 0.07709109038114548}, "left_shoulder": {"y": 54.40625, "x": 460.09375, "score": 0.2123240828514099}, "left_knee": {"y": 213.59375, "x": 371.65625, "score": 0.05844404920935631}, "left_ankle": {"y": 240.125, "x": 371.65625, "score": 0.1045139357447624}, "left_mouth_corner": {"y": 27.875, "x": 477.78125, "score": 0.1036404743790627}, "right_elbow": {"y": 72.09375, "x": 460.09375, "score": 0.1933935731649399}, "right_ear": {"y": 10.1875, "x": 468.9375, "score": 0.1859862059354782}, "nose": {"y": 19.03125, "x": 468.9375, "score": 0.2550322115421295}, "left_eye": {"y": 19.03125, "x": 477.78125, "score": 0.2887372970581055}, "right_eye": {"y": 10.1875, "x": 468.9375, "score": 0.2719541788101196}, "right_hip": {"y": 151.6875, "x": 380.5, "score": 0.09189218282699585}, "left_wrist": {"y": 89.78125, "x": 380.5, "score": 0.5011626482009888}, "left_ear": {"y": 10.1875, "x": 477.78125, "score": 0.1502958089113235}, "left_elbow": {"y": 63.25, "x": 460.09375, "score": 0.267945408821106}, "right_shoulder": {"y": 27.875, "x": 17.90625, "score": 0.1909452974796295}, "right_ankle": {"y": 240.125, "x": 371.65625, "score": 0.1142213046550751}, "right_knee": {"y": 213.59375, "x": 371.65625, "score": 0.06552835553884506}, "right_wrist": {"y": 80.9375, "x": 389.34375, "score": 0.2709497213363647}}, "location": {"height": 269.0, "width": 470.8612060546875, "top": 0.0, "score": 0.01276799570769072, "left": 8.138778686523438}}], "log_id": 4782101928612078945}