{"person_num": 3, "person_info": [{"body_parts": {"left_hip": {"y": 56.4375, "x": 390.03125, "score": 0.4619935154914856}, "top_head": {"y": 9.749996185302734, "x": 480, "score": 0.09713754057884216}, "right_mouth_corner": {"y": 61.625, "x": 480, "score": 0.1626726984977722}, "neck": {"y": 33.09375, "x": 478.21875, "score": 0.4288885593414307}, "left_shoulder": {"y": 17.53124618530273, "x": 452.28125, "score": 0.6821772456169128}, "left_knee": {"y": 61.625, "x": 377.0625, "score": 0.5629235506057739}, "left_ankle": {"y": 74.59375, "x": 358.90625, "score": 0.4575530886650085}, "left_mouth_corner": {"y": 17.53124618530273, "x": 473.03125, "score": 0.1132844537496567}, "right_elbow": {"y": 92.75, "x": 439.3125, "score": 0.785784125328064}, "right_ear": {"y": 46.0625, "x": 480, "score": 0.1337056756019592}, "nose": {"y": 12.34374618530273, "x": 475.625, "score": 0.2607094049453735}, "left_eye": {"y": 14.93749618530273, "x": 478.21875, "score": 0.3562765419483185}, "right_eye": {"y": 12.34374618530273, "x": 478.21875, "score": 0.1773589551448822}, "right_hip": {"y": 74.59375, "x": 405.59375, "score": 0.3349875509738922}, "left_wrist": {"y": 56.4375, "x": 392.625, "score": 0.2298990190029144}, "left_ear": {"y": 14.93749618530273, "x": 475.625, "score": 0.5525257587432861}, "left_elbow": {"y": 35.6875, "x": 405.59375, "score": 0.648435115814209}, "right_shoulder": {"y": 61.625, "x": 473.03125, "score": 0.6031757593154907}, "right_ankle": {"y": 100.53125, "x": 353.71875, "score": 0.6560773253440857}, "right_knee": {"y": 90.15625, "x": 384.84375, "score": 0.5541172027587891}, "right_wrist": {"y": 92.75, "x": 465.25, "score": 0.7536627650260925}}, "location": {"height": 118.4335632324219, "width": 137.2029571533203, "top": 2.907184600830078, "score": 0.24126036465168, "left": 341.7970275878906}}, {"body_parts": {"left_hip": {"y": 59.0, "x": 404.0, "score": 0.5017871260643005}, "top_head": {"y": 0, "x": 480, "score": 0.3573703169822693}, "right_mouth_corner": {"y": 14.0, "x": 474.0, "score": 0.3389067947864532}, "neck": {"y": 24.0, "x": 474.0, "score": 0.7285930514335632}, "left_shoulder": {"y": 19.0, "x": 449.0, "score": 0.7444819808006287}, "left_knee": {"y": 69.0, "x": 359.0, "score": 0.332272857427597}, "left_ankle": {"y": 64.0, "x": 374.0, "score": 0.4528717398643494}, "left_mouth_corner": {"y": 19.0, "x": 474.0, "score": 0.3413239121437073}, "right_elbow": {"y": 89.0, "x": 444.0, "score": 0.652000904083252}, "right_ear": {"y": 19.0, "x": 480, "score": 0.3430381119251251}, "nose": {"y": 9.0, "x": 474.0, "score": 0.4976141154766083}, "left_eye": {"y": 4.0, "x": 474.0, "score": 0.6133634448051453}, "right_eye": {"y": 4.0, "x": 474.0, "score": 0.4444032311439514}, "right_hip": {"y": 74.0, "x": 414.0, "score": 0.2623507976531982}, "left_wrist": {"y": 54.0, "x": 379.0, "score": 0.3290935456752777}, "left_ear": {"y": 9.0, "x": 474.0, "score": 0.699394941329956}, "left_elbow": {"y": 39.0, "x": 409.0, "score": 0.5108651518821716}, "right_shoulder": {"y": 54.0, "x": 469.0, "score": 0.6326231956481934}, "right_ankle": {"y": 99.0, "x": 364.0, "score": 0.589303731918335}, "right_knee": {"y": 89.0, "x": 384.0, "score": 0.4745339155197144}, "right_wrist": {"y": 89.0, "x": 464.0, "score": 0.3059882819652557}}, "location": {"height": 266.5209350585938, "width": 137.7767944335938, "top": 1.782913208007812, "score": 0.03133498504757881, "left": 341.2232055664062}}, {"body_parts": {"left_hip": {"y": 116.0, "x": 401.0, "score": 0.1466333270072937}, "top_head": {"y": 26.0, "x": 455.0, "score": 0.3169848918914795}, "right_mouth_corner": {"y": 53.0, "x": 383.0, "score": 0.1745694577693939}, "neck": {"y": 26.0, "x": 464.0, "score": 0.265795111656189}, "left_shoulder": {"y": 35.0, "x": 455.0, "score": 0.3354884386062622}, "left_knee": {"y": 197.0, "x": 383.0, "score": 0.06237345188856125}, "left_ankle": {"y": 251.0, "x": 374.0, "score": 0.07758039981126785}, "left_mouth_corner": {"y": 53.0, "x": 392.0, "score": 0.1737190335988998}, "right_elbow": {"y": 35.0, "x": 446.0, "score": 0.2181749641895294}, "right_ear": {"y": 62.0, "x": 446.0, "score": 0.2469159215688705}, "nose": {"y": 35.0, "x": 419.0, "score": 0.1928431987762451}, "left_eye": {"y": 35.0, "x": 419.0, "score": 0.1659182161092758}, "right_eye": {"y": 44.0, "x": 428.0, "score": 0.2325889617204666}, "right_hip": {"y": 107.0, "x": 401.0, "score": 0.1179124787449837}, "left_wrist": {"y": 71.0, "x": 374.0, "score": 0.742547869682312}, "left_ear": {"y": 35.0, "x": 428.0, "score": 0.2920050323009491}, "left_elbow": {"y": 26.0, "x": 437.0, "score": 0.3599478006362915}, "right_shoulder": {"y": 26.0, "x": 464.0, "score": 0.2656818628311157}, "right_ankle": {"y": 242.0, "x": 374.0, "score": 0.07405879348516464}, "right_knee": {"y": 107.0, "x": 149.0, "score": 0.06267087906599045}, "right_wrist": {"y": 71.0, "x": 401.0, "score": 0.1378321051597595}}, "location": {"height": 269.0, "width": 479.0, "top": 0.0, "score": 0.01520025916397572, "left": 0.0}}], "log_id": 5435436500553120673}