{"person_num": 3, "person_info": [{"body_parts": {"left_hip": {"y": 51.0, "x": 402.0, "score": 0.3626768887042999}, "top_head": {"y": 32.625, "x": 480, "score": 0.2265929877758026}, "right_mouth_corner": {"y": 16.875, "x": 475.5, "score": 0.1672047674655914}, "neck": {"y": 40.5, "x": 478.125, "score": 0.3648273348808289}, "left_shoulder": {"y": 16.875, "x": 457.125, "score": 0.6171733736991882}, "left_knee": {"y": 58.875, "x": 378.375, "score": 0.5337886214256287}, "left_ankle": {"y": 69.375, "x": 357.375, "score": 0.5487632751464844}, "left_mouth_corner": {"y": 19.5, "x": 478.125, "score": 0.221041202545166}, "right_elbow": {"y": 87.75, "x": 423.0, "score": 0.5238844156265259}, "right_ear": {"y": 51.0, "x": 480, "score": 0.119703009724617}, "nose": {"y": 16.875, "x": 475.5, "score": 0.3107493221759796}, "left_eye": {"y": 16.875, "x": 478.125, "score": 0.3733640313148499}, "right_eye": {"y": 16.875, "x": 480, "score": 0.14534892141819}, "right_hip": {"y": 72.0, "x": 407.25, "score": 0.3481349349021912}, "left_wrist": {"y": 32.625, "x": 415.125, "score": 0.3568447828292847}, "left_ear": {"y": 16.875, "x": 478.125, "score": 0.4217827022075653}, "left_elbow": {"y": 9.0, "x": 415.125, "score": 0.5944368243217468}, "right_shoulder": {"y": 69.375, "x": 470.25, "score": 0.4678140878677368}, "right_ankle": {"y": 98.25, "x": 362.625, "score": 0.5376782417297363}, "right_knee": {"y": 90.375, "x": 386.25, "score": 0.6776741743087769}, "right_wrist": {"y": 85.125, "x": 428.25, "score": 0.5763516426086426}}, "location": {"height": 117.4452438354492, "width": 139.6348571777344, "top": 3.010948181152344, "score": 0.5050116777420044, "left": 339.3651428222656}}, {"body_parts": {"left_hip": {"y": 116.0625, "x": 400.4375, "score": 0.3332673609256744}, "top_head": {"y": 8.4375, "x": 454.25, "score": 0.1708664745092392}, "right_mouth_corner": {"y": 80.1875, "x": 418.375, "score": 0.115532822906971}, "neck": {"y": 26.375, "x": 445.28125, "score": 0.3833486139774323}, "left_shoulder": {"y": 35.34375, "x": 463.21875, "score": 0.4099884033203125}, "left_knee": {"y": 169.875, "x": 427.34375, "score": 0.1190148144960403}, "left_ankle": {"y": 250.59375, "x": 400.4375, "score": 0.129240870475769}, "left_mouth_corner": {"y": 62.25, "x": 409.40625, "score": 0.1347724795341492}, "right_elbow": {"y": 62.25, "x": 400.4375, "score": 0.3305633366107941}, "right_ear": {"y": 35.34375, "x": 427.34375, "score": 0.3819876313209534}, "nose": {"y": 62.25, "x": 418.375, "score": 0.1225327625870705}, "left_eye": {"y": 62.25, "x": 418.375, "score": 0.1399551928043365}, "right_eye": {"y": 62.25, "x": 418.375, "score": 0.1432383954524994}, "right_hip": {"y": 107.09375, "x": 400.4375, "score": 0.2727514505386353}, "left_wrist": {"y": 71.21875, "x": 382.5, "score": 0.456463485956192}, "left_ear": {"y": 35.34375, "x": 427.34375, "score": 0.2617619633674622}, "left_elbow": {"y": 44.3125, "x": 427.34375, "score": 0.2627225816249847}, "right_shoulder": {"y": 26.375, "x": 454.25, "score": 0.4042543768882751}, "right_ankle": {"y": 250.59375, "x": 373.53125, "score": 0.1249930709600449}, "right_knee": {"y": 169.875, "x": 436.3125, "score": 0.1043358966708183}, "right_wrist": {"y": 62.25, "x": 400.4375, "score": 0.2385476529598236}}, "location": {"height": 269.0, "width": 477.1093139648438, "top": 0.0, "score": 0.01470191311091185, "left": 1.890670776367188}}, {"body_parts": {"left_hip": {"y": 64.4375, "x": 394.8125, "score": 0.2212066054344177}, "top_head": {"y": 14.74999237060547, "x": 424.625, "score": 0.0636109858751297}, "right_mouth_corner": {"y": 14.74999237060547, "x": 459.40625, "score": 0.03508492559194565}, "neck": {"y": 19.71874237060547, "x": 474.3125, "score": 0.2169187217950821}, "left_shoulder": {"y": 19.71874237060547, "x": 454.4375, "score": 0.5287126302719116}, "left_knee": {"y": 69.40625, "x": 360.03125, "score": 0.3229275047779083}, "left_ankle": {"y": 89.28125, "x": 369.96875, "score": 0.2624681890010834}, "left_mouth_corner": {"y": 14.74999237060547, "x": 459.40625, "score": 0.05880358815193176}, "right_elbow": {"y": 9.781242370605469, "x": 419.65625, "score": 0.1871103048324585}, "right_ear": {"y": 9.781242370605469, "x": 469.34375, "score": 0.0722002312541008}, "nose": {"y": 9.781242370605469, "x": 464.375, "score": 0.09596384316682816}, "left_eye": {"y": 9.781242370605469, "x": 464.375, "score": 0.08732140064239502}, "right_eye": {"y": 14.74999237060547, "x": 404.75, "score": 0.1056768670678139}, "right_hip": {"y": 79.34375, "x": 429.59375, "score": 0.2802988886833191}, "left_wrist": {"y": 34.625, "x": 414.6875, "score": 0.2613935768604279}, "left_ear": {"y": 4.8125, "x": 469.34375, "score": 0.1883919686079025}, "left_elbow": {"y": 14.74999237060547, "x": 419.65625, "score": 0.2501217126846313}, "right_shoulder": {"y": 19.71874237060547, "x": 454.4375, "score": 0.1661806553602219}, "right_ankle": {"y": 94.25, "x": 365.0, "score": 0.4609573185443878}, "right_knee": {"y": 84.3125, "x": 389.84375, "score": 0.2738861739635468}, "right_wrist": {"y": 24.6875, "x": 419.65625, "score": 0.135601669549942}}, "location": {"height": 265.343017578125, "width": 137.3822021484375, "top": 2.389938354492188, "score": 0.007671294268220663, "left": 341.6177978515625}}], "log_id": 617024108324081441}