{"person_num": 2, "person_info": [{"body_parts": {"left_hip": {"y": 98.125, "x": 405.0, "score": 0.1982036232948303}, "top_head": {"y": 67.75, "x": 364.5, "score": 0.03543064370751381}, "right_mouth_corner": {"y": 22.1875, "x": 465.75, "score": 0.05047868937253952}, "neck": {"y": 77.875, "x": 480, "score": 0.1380060017108917}, "left_shoulder": {"y": 55.09375, "x": 470.8125, "score": 0.4959533214569092}, "left_knee": {"y": 72.8125, "x": 364.5, "score": 0.2196743786334991}, "left_ankle": {"y": 100.65625, "x": 367.03125, "score": 0.3199279308319092}, "left_mouth_corner": {"y": 24.71875, "x": 468.28125, "score": 0.09306948632001877}, "right_elbow": {"y": 62.6875, "x": 422.71875, "score": 0.06015243381261826}, "right_ear": {"y": 88.0, "x": 480, "score": 0.06131123006343842}, "nose": {"y": 19.65625, "x": 468.28125, "score": 0.2122849225997925}, "left_eye": {"y": 12.0625, "x": 475.875, "score": 0.1369918435811996}, "right_eye": {"y": 12.0625, "x": 473.34375, "score": 0.08831239491701126}, "right_hip": {"y": 110.78125, "x": 415.125, "score": 0.2404361367225647}, "left_wrist": {"y": 60.15625, "x": 417.65625, "score": 0.0803028866648674}, "left_ear": {"y": 19.65625, "x": 475.875, "score": 0.09688732028007507}, "left_elbow": {"y": 60.15625, "x": 420.1875, "score": 0.6043211221694946}, "right_shoulder": {"y": 110.78125, "x": 478.40625, "score": 0.08129747211933136}, "right_ankle": {"y": 103.1875, "x": 359.4375, "score": 0.3013796210289001}, "right_knee": {"y": 103.1875, "x": 384.75, "score": 0.2534020245075226}, "right_wrist": {"y": 75.34375, "x": 425.25, "score": 0.05046886578202248}}, "location": {"height": 98.7270278930664, "width": 133.1143341064453, "top": 39.0798454284668, "score": 0.02551497519016266, "left": 345.8856506347656}}, {"body_parts": {"left_hip": {"y": 116.25, "x": 363.25, "score": 0.09102801233530045}, "top_head": {"y": 9.75, "x": 416.5, "score": 0.0806107148528099}, "right_mouth_corner": {"y": 63.0, "x": 363.25, "score": 0.1002654805779457}, "neck": {"y": 27.5, "x": 434.25, "score": 0.0590018555521965}, "left_shoulder": {"y": 45.25, "x": 469.75, "score": 0.08745937794446945}, "left_knee": {"y": 134.0, "x": 345.5, "score": 0.0494312010705471}, "left_ankle": {"y": 249.375, "x": 372.125, "score": 0.064689040184021}, "left_mouth_corner": {"y": 63.0, "x": 389.875, "score": 0.1030146256089211}, "right_elbow": {"y": 80.75, "x": 460.875, "score": 0.2037948966026306}, "right_ear": {"y": 9.75, "x": 469.75, "score": 0.1208645030856133}, "nose": {"y": 18.625, "x": 480, "score": 0.1190212666988373}, "left_eye": {"y": 27.5, "x": 381.0, "score": 0.08012073487043381}, "right_eye": {"y": 18.625, "x": 469.75, "score": 0.1161328181624413}, "right_hip": {"y": 116.25, "x": 363.25, "score": 0.0868920236825943}, "left_wrist": {"y": 80.75, "x": 389.875, "score": 0.3487371206283569}, "left_ear": {"y": 27.5, "x": 425.375, "score": 0.1045254096388817}, "left_elbow": {"y": 80.75, "x": 469.75, "score": 0.1486773788928986}, "right_shoulder": {"y": 27.5, "x": 17.125, "score": 0.1612994372844696}, "right_ankle": {"y": 169.5, "x": 88.125, "score": 0.07442648708820343}, "right_knee": {"y": 125.125, "x": 168.0, "score": 0.05543599277734756}, "right_wrist": {"y": 80.75, "x": 389.875, "score": 0.2138348966836929}}, "location": {"height": 269.0, "width": 472.7004089355469, "top": 0.0, "score": 0.01578168012201786, "left": 6.299560546875}}], "log_id": 5981384798231765217}