{"person_num": 2, "person_info": [{"body_parts": {"left_hip": {"y": 151.625, "x": 441.6875, "score": 0.1401743292808533}, "top_head": {"y": 10.62499237060547, "x": 450.5, "score": 0.06627389788627625}, "right_mouth_corner": {"y": 19.4375, "x": 476.9375, "score": 0.0861475020647049}, "neck": {"y": 28.25, "x": 480, "score": 0.09493165463209152}, "left_shoulder": {"y": 54.6875, "x": 468.125, "score": 0.15704645216465}, "left_knee": {"y": 142.8125, "x": 459.3125, "score": 0.06363755464553833}, "left_ankle": {"y": 239.75, "x": 380.0, "score": 0.09824425727128983}, "left_mouth_corner": {"y": 19.4375, "x": 476.9375, "score": 0.07156933844089508}, "right_elbow": {"y": 72.3125, "x": 397.625, "score": 0.1869394928216934}, "right_ear": {"y": 10.62499237060547, "x": 468.125, "score": 0.171299621462822}, "nose": {"y": 19.4375, "x": 476.9375, "score": 0.1800867468118668}, "left_eye": {"y": 19.4375, "x": 476.9375, "score": 0.1865275055170059}, "right_eye": {"y": 10.62499237060547, "x": 476.9375, "score": 0.196065679192543}, "right_hip": {"y": 151.625, "x": 432.875, "score": 0.09936431050300598}, "left_wrist": {"y": 81.125, "x": 388.8125, "score": 0.4933294355869293}, "left_ear": {"y": 10.62499237060547, "x": 476.9375, "score": 0.1143049299716949}, "left_elbow": {"y": 81.125, "x": 468.125, "score": 0.3529005944728851}, "right_shoulder": {"y": 28.25, "x": 18.6875, "score": 0.2375102937221527}, "right_ankle": {"y": 239.75, "x": 380.0, "score": 0.1286081075668335}, "right_knee": {"y": 134.0, "x": 327.125, "score": 0.04621995985507965}, "right_wrist": {"y": 81.125, "x": 388.8125, "score": 0.3062203526496887}}, "location": {"height": 269.0, "width": 469.689697265625, "top": 0.0, "score": 0.01567974127829075, "left": 9.310272216796875}}, {"body_parts": {"left_hip": {"y": 84.65625, "x": 405.0, "score": 0.1298944056034088}, "top_head": {"y": 8.71875, "x": 475.875, "score": 0.1320784986019135}, "right_mouth_corner": {"y": 64.40625, "x": 425.25, "score": 0.182824581861496}, "neck": {"y": 39.09375, "x": 478.40625, "score": 0.06471734493970871}, "left_shoulder": {"y": 54.28125, "x": 470.8125, "score": 0.1393792927265167}, "left_knee": {"y": 66.9375, "x": 367.03125, "score": 0.2055318355560303}, "left_ankle": {"y": 74.53125, "x": 361.96875, "score": 0.3698371350765228}, "left_mouth_corner": {"y": 64.40625, "x": 425.25, "score": 0.291341245174408}, "right_elbow": {"y": 69.46875, "x": 432.84375, "score": 0.0852583572268486}, "right_ear": {"y": 23.90625, "x": 475.875, "score": 0.0483451783657074}, "nose": {"y": 59.34375, "x": 427.78125, "score": 0.4212508499622345}, "left_eye": {"y": 51.75, "x": 435.375, "score": 0.1859851032495499}, "right_eye": {"y": 21.375, "x": 473.34375, "score": 0.20279161632061}, "right_hip": {"y": 102.375, "x": 425.25, "score": 0.06383258104324341}, "left_wrist": {"y": 59.34375, "x": 430.3125, "score": 0.2518779933452606}, "left_ear": {"y": 23.90625, "x": 470.8125, "score": 0.07587285339832306}, "left_elbow": {"y": 64.40625, "x": 432.84375, "score": 0.4595154821872711}, "right_shoulder": {"y": 46.6875, "x": 480, "score": 0.03408439829945564}, "right_ankle": {"y": 99.84375, "x": 361.96875, "score": 0.3453885316848755}, "right_knee": {"y": 97.3125, "x": 397.40625, "score": 0.1638489961624146}, "right_wrist": {"y": 64.40625, "x": 442.96875, "score": 0.105894148349762}}, "location": {"height": 122.4571533203125, "width": 133.4288330078125, "top": 2.346237182617188, "score": 0.006466236896812916, "left": 345.5711364746094}}], "log_id": 4221483751528063617}