{"person_num": 3, "person_info": [{"body_parts": {"left_hip": {"y": 68.1875, "x": 374.125, "score": 0.0742802768945694}, "top_head": {"y": 32.75, "x": 439.9375, "score": 0.06556341052055359}, "right_mouth_corner": {"y": 83.375, "x": 445.0, "score": 0.01647139899432659}, "neck": {"y": 12.5, "x": 303.25, "score": 0.03747470676898956}, "left_shoulder": {"y": 17.5625, "x": 445.0, "score": 0.06569714099168777}, "left_knee": {"y": 78.3125, "x": 399.4375, "score": 0.1551323384046555}, "left_ankle": {"y": 83.375, "x": 374.125, "score": 0.3851612508296967}, "left_mouth_corner": {"y": 83.375, "x": 445.0, "score": 0.0260790828615427}, "right_elbow": {"y": 32.75, "x": 414.625, "score": 0.1547205150127411}, "right_ear": {"y": 42.875, "x": 399.4375, "score": 0.0724874958395958}, "nose": {"y": 83.375, "x": 439.9375, "score": 0.06242910400032997}, "left_eye": {"y": 73.25, "x": 445.0, "score": 0.05343363434076309}, "right_eye": {"y": 53.0, "x": 399.4375, "score": 0.06548718363046646}, "right_hip": {"y": 68.1875, "x": 374.125, "score": 0.06139250099658966}, "left_wrist": {"y": 22.625, "x": 424.75, "score": 0.1250403523445129}, "left_ear": {"y": 32.75, "x": 399.4375, "score": 0.04297596961259842}, "left_elbow": {"y": 27.6875, "x": 419.6875, "score": 0.2435506135225296}, "right_shoulder": {"y": 17.5625, "x": 445.0, "score": 0.0647147074341774}, "right_ankle": {"y": 83.375, "x": 379.1875, "score": 0.304465651512146}, "right_knee": {"y": 68.1875, "x": 409.5625, "score": 0.1582981050014496}, "right_wrist": {"y": 73.25, "x": 450.0625, "score": 0.1080180630087852}}, "location": {"height": 268.7388916015625, "width": 135.1189575195312, "top": 0.2611083984375, "score": 0.06942522525787354, "left": 343.8810119628906}}, {"body_parts": {"left_hip": {"y": 54.34375, "x": 407.53125, "score": 0.4305299818515778}, "top_head": {"y": 21.4375, "x": 480, "score": 0.03034522756934166}, "right_mouth_corner": {"y": 23.96875, "x": 480, "score": 0.05414416268467903}, "neck": {"y": 21.4375, "x": 480, "score": 0.2050395458936691}, "left_shoulder": {"y": 3.71875, "x": 460.6875, "score": 0.3743317127227783}, "left_knee": {"y": 61.9375, "x": 379.6875, "score": 0.6594393253326416}, "left_ankle": {"y": 74.59375, "x": 359.4375, "score": 0.6155247092247009}, "left_mouth_corner": {"y": 21.4375, "x": 480, "score": 0.0542057566344738}, "right_elbow": {"y": 77.125, "x": 458.15625, "score": 0.4724613428115845}, "right_ear": {"y": 41.6875, "x": 480, "score": 0.03758938610553741}, "nose": {"y": 79.65625, "x": 445.5, "score": 0.05706438049674034}, "left_eye": {"y": 77.125, "x": 445.5, "score": 0.0559416152536869}, "right_eye": {"y": 77.125, "x": 445.5, "score": 0.03368993103504181}, "right_hip": {"y": 77.125, "x": 417.65625, "score": 0.4440335631370544}, "left_wrist": {"y": 3.71875, "x": 445.5, "score": 0.0899234339594841}, "left_ear": {"y": 0, "x": 480, "score": 0.1378604918718338}, "left_elbow": {"y": 21.4375, "x": 422.71875, "score": 0.7097545266151428}, "right_shoulder": {"y": 46.75, "x": 480, "score": 0.2157461047172546}, "right_ankle": {"y": 92.3125, "x": 369.5625, "score": 0.7893214225769043}, "right_knee": {"y": 79.65625, "x": 392.34375, "score": 0.721248984336853}, "right_wrist": {"y": 79.65625, "x": 450.5625, "score": 0.555637538433075}}, "location": {"height": 106.2645034790039, "width": 133.8195648193359, "top": 1.954673767089844, "score": 0.03581574186682701, "left": 345.180419921875}}, {"body_parts": {"left_hip": {"y": 134.0, "x": 443.84375, "score": 0.08580438792705536}, "top_head": {"y": 18.21875, "x": 470.5625, "score": 0.3418585062026978}, "right_mouth_corner": {"y": 62.75, "x": 434.9375, "score": 0.1255289614200592}, "neck": {"y": 53.84375, "x": 443.84375, "score": 0.08392325043678284}, "left_shoulder": {"y": 36.03125, "x": 443.84375, "score": 0.09990645945072174}, "left_knee": {"y": 142.90625, "x": 452.75, "score": 0.07010248303413391}, "left_ankle": {"y": 240.875, "x": 372.59375, "score": 0.0929836556315422}, "left_mouth_corner": {"y": 62.75, "x": 426.03125, "score": 0.1333847939968109}, "right_elbow": {"y": 36.03125, "x": 452.75, "score": 0.1659592837095261}, "right_ear": {"y": 36.03125, "x": 426.03125, "score": 0.2980260252952576}, "nose": {"y": 80.5625, "x": 443.84375, "score": 0.2177444100379944}, "left_eye": {"y": 62.75, "x": 443.84375, "score": 0.2686567902565002}, "right_eye": {"y": 62.75, "x": 443.84375, "score": 0.2928171753883362}, "right_hip": {"y": 44.9375, "x": 354.78125, "score": 0.05457890033721924}, "left_wrist": {"y": 62.75, "x": 399.3125, "score": 0.5084758400917053}, "left_ear": {"y": 36.03125, "x": 434.9375, "score": 0.3082273006439209}, "left_elbow": {"y": 18.21875, "x": 452.75, "score": 0.1658885627985001}, "right_shoulder": {"y": 27.125, "x": 34.15625, "score": 0.1691746860742569}, "right_ankle": {"y": 240.875, "x": 372.59375, "score": 0.08612232655286789}, "right_knee": {"y": 116.1875, "x": 149.9375, "score": 0.06287021189928055}, "right_wrist": {"y": 53.84375, "x": 417.125, "score": 0.1935190111398697}}, "location": {"height": 269.0, "width": 473.2966613769531, "top": 0.0, "score": 0.01967732422053814, "left": 5.703338623046875}}], "log_id": 8268594947799258529}