{"person_num": 3, "person_info": [{"body_parts": {"left_hip": {"y": 85.3125, "x": 388.71875, "score": 0.5229316353797913}, "top_head": {"y": 0, "x": 405.03125, "score": 0.02961722202599049}, "right_mouth_corner": {"y": 1.03125, "x": 386.0, "score": 0.03130345046520233}, "neck": {"y": 0, "x": 418.625, "score": 0.5989038348197937}, "left_shoulder": {"y": 11.90625, "x": 388.71875, "score": 0.6770355105400085}, "left_knee": {"y": 69.0, "x": 350.65625, "score": 0.7564061880111694}, "left_ankle": {"y": 79.875, "x": 331.625, "score": 0.7614314556121826}, "left_mouth_corner": {"y": 1.03125, "x": 388.71875, "score": 0.07088714838027954}, "right_elbow": {"y": 55.40625, "x": 443.09375, "score": 0.7882975935935974}, "right_ear": {"y": 0, "x": 432.21875, "score": 0.1614061295986176}, "nose": {"y": 0, "x": 391.4375, "score": 0.1054697781801224}, "left_eye": {"y": 0, "x": 394.15625, "score": 0.06328863650560379}, "right_eye": {"y": 1.03125, "x": 437.65625, "score": 0.05449136346578598}, "right_hip": {"y": 85.3125, "x": 418.625, "score": 0.5054845809936523}, "left_wrist": {"y": 55.40625, "x": 347.9375, "score": 0.7697141766548157}, "left_ear": {"y": 0, "x": 405.03125, "score": 0.1912059485912323}, "left_elbow": {"y": 39.09375, "x": 364.25, "score": 0.7846147418022156}, "right_shoulder": {"y": 9.1875, "x": 448.53125, "score": 0.7844619750976562}, "right_ankle": {"y": 93.46875, "x": 399.59375, "score": 0.0575830340385437}, "right_knee": {"y": 74.4375, "x": 375.125, "score": 0.1160739734768867}, "right_wrist": {"y": 60.84375, "x": 418.625, "score": 0.4567127823829651}}, "location": {"height": 105.079948425293, "width": 145.6642608642578, "top": 0.6179618835449219, "score": 0.8232525587081909, "left": 314.0767517089844}}, {"body_parts": {"left_hip": {"y": 142.8125, "x": 450.5, "score": 0.134792298078537}, "top_head": {"y": 10.62499237060547, "x": 424.0625, "score": 0.1893994361162186}, "right_mouth_corner": {"y": 98.75, "x": 265.4375, "score": 0.03626119345426559}, "neck": {"y": 10.62499237060547, "x": 441.6875, "score": 0.107104629278183}, "left_shoulder": {"y": 10.62499237060547, "x": 432.875, "score": 0.2401189804077148}, "left_knee": {"y": 160.4375, "x": 415.25, "score": 0.05624494329094887}, "left_ankle": {"y": 186.875, "x": 89.1875, "score": 0.05199992284178734}, "left_mouth_corner": {"y": 81.125, "x": 371.1875, "score": 0.06250905245542526}, "right_elbow": {"y": 81.125, "x": 397.625, "score": 0.2105813920497894}, "right_ear": {"y": 28.25, "x": 450.5, "score": 0.0815834179520607}, "nose": {"y": 10.62499237060547, "x": 476.9375, "score": 0.08293740451335907}, "left_eye": {"y": 28.25, "x": 441.6875, "score": 0.08765184134244919}, "right_eye": {"y": 19.4375, "x": 468.125, "score": 0.1048415154218674}, "right_hip": {"y": 142.8125, "x": 450.5, "score": 0.09826325625181198}, "left_wrist": {"y": 72.3125, "x": 406.4375, "score": 0.2214199751615524}, "left_ear": {"y": 37.0625, "x": 424.0625, "score": 0.1194203421473503}, "left_elbow": {"y": 72.3125, "x": 397.625, "score": 0.2348708510398865}, "right_shoulder": {"y": 19.4375, "x": 432.875, "score": 0.270737886428833}, "right_ankle": {"y": 195.6875, "x": 62.75, "score": 0.07062511891126633}, "right_knee": {"y": 169.25, "x": 415.25, "score": 0.04281321167945862}, "right_wrist": {"y": 72.3125, "x": 397.625, "score": 0.149885818362236}}, "location": {"height": 269.0, "width": 469.976318359375, "top": 0.0, "score": 0.0133531978353858, "left": 9.023666381835938}}, {"body_parts": {"left_hip": {"y": 83.375, "x": 386.375, "score": 0.5332493185997009}, "top_head": {"y": 7.4375, "x": 411.6875, "score": 0.07696876674890518}, "right_mouth_corner": {"y": 7.4375, "x": 386.375, "score": 0.1007801219820976}, "neck": {"y": 0, "x": 421.8125, "score": 0.5295892357826233}, "left_shoulder": {"y": 12.5, "x": 391.4375, "score": 0.6425877809524536}, "left_knee": {"y": 63.125, "x": 350.9375, "score": 0.5987690091133118}, "left_ankle": {"y": 78.3125, "x": 335.75, "score": 0.6120485067367554}, "left_mouth_corner": {"y": 7.4375, "x": 381.3125, "score": 0.1333018839359283}, "right_elbow": {"y": 53.0, "x": 442.0625, "score": 0.7591063380241394}, "right_ear": {"y": 0, "x": 431.9375, "score": 0.1555761247873306}, "nose": {"y": 7.4375, "x": 386.375, "score": 0.2041002362966537}, "left_eye": {"y": 0, "x": 391.4375, "score": 0.1056221723556519}, "right_eye": {"y": 2.375, "x": 386.375, "score": 0.09788155555725098}, "right_hip": {"y": 88.4375, "x": 411.6875, "score": 0.5093278288841248}, "left_wrist": {"y": 42.875, "x": 361.0625, "score": 0.2760359942913055}, "left_ear": {"y": 0, "x": 406.625, "score": 0.2367339432239532}, "left_elbow": {"y": 42.875, "x": 361.0625, "score": 0.4447834491729736}, "right_shoulder": {"y": 12.5, "x": 447.125, "score": 0.7695667147636414}, "right_ankle": {"y": 68.1875, "x": 345.875, "score": 0.3008230030536652}, "right_knee": {"y": 63.125, "x": 356.0, "score": 0.2190954834222794}, "right_wrist": {"y": 53.0, "x": 416.75, "score": 0.4449753761291504}}, "location": {"height": 269.0, "width": 164.23095703125, "top": 0.0, "score": 0.007586096879094839, "left": 314.76904296875}}], "log_id": 4209676338802206401}