{"person_num": 2, "person_info": [{"body_parts": {"left_hip": {"y": 77.625, "x": 356.0, "score": 0.4817471504211426}, "top_head": {"y": 0, "x": 329.875, "score": 0.3562102019786835}, "right_mouth_corner": {"y": 15.875, "x": 332.25, "score": 0.4659106135368347}, "neck": {"y": 11.125, "x": 353.625, "score": 0.6776285767555237}, "left_shoulder": {"y": 39.625, "x": 334.625, "score": 0.6744953393936157}, "left_knee": {"y": 77.625, "x": 332.25, "score": 0.4411281943321228}, "left_ankle": {"y": 82.375, "x": 334.625, "score": 0.2193924933671951}, "left_mouth_corner": {"y": 15.875, "x": 334.625, "score": 0.5508906245231628}, "right_elbow": {"y": 25.375, "x": 391.625, "score": 0.4642027616500854}, "right_ear": {"y": 0, "x": 356.0, "score": 0.2922357022762299}, "nose": {"y": 13.5, "x": 332.25, "score": 0.7580485939979553}, "left_eye": {"y": 11.125, "x": 329.875, "score": 0.6886873245239258}, "right_eye": {"y": 11.125, "x": 329.875, "score": 0.6137429475784302}, "right_hip": {"y": 53.875, "x": 384.5, "score": 0.3282121121883392}, "left_wrist": {"y": 75.25, "x": 301.375, "score": 0.8228745460510254}, "left_ear": {"y": 11.125, "x": 332.25, "score": 0.522239089012146}, "left_elbow": {"y": 72.875, "x": 315.625, "score": 0.7701802849769592}, "right_shoulder": {"y": 4.0, "x": 386.875, "score": 0.616010308265686}, "right_ankle": {"y": 80.0, "x": 332.25, "score": 0.1413823068141937}, "right_knee": {"y": 70.5, "x": 346.5, "score": 0.07791426032781601}, "right_wrist": {"y": 32.5, "x": 372.625, "score": 0.1651961505413055}}, "location": {"height": 92.3481674194336, "width": 127.2339553833008, "top": 0.306488037109375, "score": 0.7933987975120544, "left": 274.2604675292969}}, {"body_parts": {"left_hip": {"y": 134.0, "x": 431.625, "score": 0.06784822046756744}, "top_head": {"y": 0.0, "x": 347.875, "score": 0.07606455683708191}, "right_mouth_corner": {"y": 16.75, "x": 347.875, "score": 0.1247623190283775}, "neck": {"y": 8.375, "x": 356.25, "score": 0.2665195465087891}, "left_shoulder": {"y": 8.375, "x": 373.0, "score": 0.3498189449310303}, "left_knee": {"y": 33.5, "x": 364.625, "score": 0.04511756077408791}, "left_ankle": {"y": 242.875, "x": 356.25, "score": 0.05890462547540665}, "left_mouth_corner": {"y": 8.375, "x": 356.25, "score": 0.1152830496430397}, "right_elbow": {"y": 67.0, "x": 373.0, "score": 0.3578829765319824}, "right_ear": {"y": 8.375, "x": 364.625, "score": 0.2265432178974152}, "nose": {"y": 16.75, "x": 347.875, "score": 0.2347530424594879}, "left_eye": {"y": 16.75, "x": 347.875, "score": 0.2049443125724792}, "right_eye": {"y": 8.375, "x": 347.875, "score": 0.1311232298612595}, "right_hip": {"y": 92.125, "x": 280.875, "score": 0.04130193591117859}, "left_wrist": {"y": 16.75, "x": 347.875, "score": 0.389045238494873}, "left_ear": {"y": 0.0, "x": 356.25, "score": 0.2227323800325394}, "left_elbow": {"y": 67.0, "x": 364.625, "score": 0.4427781105041504}, "right_shoulder": {"y": 8.375, "x": 364.625, "score": 0.2715734839439392}, "right_ankle": {"y": 242.875, "x": 364.625, "score": 0.0477670431137085}, "right_knee": {"y": 117.25, "x": 155.25, "score": 0.03990250453352928}, "right_wrist": {"y": 67.0, "x": 314.375, "score": 0.1296896934509277}}, "location": {"height": 269.0, "width": 446.3756103515625, "top": 0.0, "score": 0.007987133227288723, "left": 0.0}}], "log_id": 5865341969587804481}