{"person_num": 3, "person_info": [{"body_parts": {"left_hip": {"y": 78.53125, "x": 236.96875, "score": 0.4659264087677002}, "top_head": {"y": 18.625, "x": 183.71875, "score": 0.5745906233787537}, "right_mouth_corner": {"y": 49.6875, "x": 203.6875, "score": 0.09898319840431213}, "neck": {"y": 36.375, "x": 217.0, "score": 0.6076368689537048}, "left_shoulder": {"y": 58.5625, "x": 219.21875, "score": 0.3534080982208252}, "left_knee": {"y": 87.40625, "x": 223.65625, "score": 0.5717928409576416}, "left_ankle": {"y": 94.0625, "x": 228.09375, "score": 0.8019363284111023}, "left_mouth_corner": {"y": 49.6875, "x": 205.90625, "score": 0.1382964998483658}, "right_elbow": {"y": 16.40625, "x": 197.03125, "score": 0.2757289409637451}, "right_ear": {"y": 16.40625, "x": 205.90625, "score": 0.6180204749107361}, "nose": {"y": 49.6875, "x": 203.6875, "score": 0.3505706787109375}, "left_eye": {"y": 47.46875, "x": 205.90625, "score": 0.2918526828289032}, "right_eye": {"y": 47.46875, "x": 201.46875, "score": 0.2287319004535675}, "right_hip": {"y": 43.03125, "x": 248.0625, "score": 0.3752267062664032}, "left_wrist": {"y": 100.71875, "x": 252.5, "score": 0.4177235960960388}, "left_ear": {"y": 45.25, "x": 197.03125, "score": 0.4318135976791382}, "left_elbow": {"y": 82.96875, "x": 243.625, "score": 0.5817162394523621}, "right_shoulder": {"y": 5.3125, "x": 223.65625, "score": 0.6609373092651367}, "right_ankle": {"y": 56.34375, "x": 274.6875, "score": 0.2927193641662598}, "right_knee": {"y": 56.34375, "x": 259.15625, "score": 0.1279784739017487}, "right_wrist": {"y": 100.71875, "x": 252.5, "score": 0.3331473469734192}}, "location": {"height": 112.9861831665039, "width": 118.0207138061523, "top": 0.5648765563964844, "score": 0.3373122215270996, "left": 158.7324676513672}}, {"body_parts": {"left_hip": {"y": 75.125, "x": 239.125, "score": 0.3070842623710632}, "top_head": {"y": 29.0, "x": 187.875, "score": 0.7406846284866333}, "right_mouth_corner": {"y": 44.375, "x": 208.375, "score": 0.2939267754554749}, "neck": {"y": 34.125, "x": 213.5, "score": 0.6889050006866455}, "left_shoulder": {"y": 13.625, "x": 223.75, "score": 0.5207166075706482}, "left_knee": {"y": 85.375, "x": 234.0, "score": 0.6392021775245667}, "left_ankle": {"y": 95.625, "x": 249.375, "score": 0.713908314704895}, "left_mouth_corner": {"y": 44.375, "x": 208.375, "score": 0.3398286402225494}, "right_elbow": {"y": 49.49999618530273, "x": 239.125, "score": 0.2794893980026245}, "right_ear": {"y": 39.25, "x": 203.25, "score": 0.3694570958614349}, "nose": {"y": 49.49999618530273, "x": 198.125, "score": 0.4009397327899933}, "left_eye": {"y": 44.375, "x": 198.125, "score": 0.4512011110782623}, "right_eye": {"y": 49.49999618530273, "x": 187.875, "score": 0.3834378719329834}, "right_hip": {"y": 64.875, "x": 239.125, "score": 0.2148094177246094}, "left_wrist": {"y": 95.625, "x": 249.375, "score": 0.2922229468822479}, "left_ear": {"y": 34.125, "x": 208.375, "score": 0.6155309081077576}, "left_elbow": {"y": 54.62499618530273, "x": 239.125, "score": 0.2576379776000977}, "right_shoulder": {"y": 13.625, "x": 223.75, "score": 0.3890243172645569}, "right_ankle": {"y": 59.74999618530273, "x": 259.625, "score": 0.3936634063720703}, "right_knee": {"y": 59.74999618530273, "x": 244.25, "score": 0.2230449914932251}, "right_wrist": {"y": 54.62499618530273, "x": 244.25, "score": 0.1709275245666504}}, "location": {"height": 116.7463302612305, "width": 272.5624694824219, "top": 0.0, "score": 0.04671725258231163, "left": 5.619644165039062}}, {"body_parts": {"left_hip": {"y": 125.25, "x": 247.75, "score": 0.07649251073598862}, "top_head": {"y": 20.25, "x": 212.75, "score": 0.1800122261047363}, "right_mouth_corner": {"y": 20.25, "x": 265.25, "score": 0.09295205771923065}, "neck": {"y": 37.75, "x": 221.5, "score": 0.2333253771066666}, "left_shoulder": {"y": 37.75, "x": 221.5, "score": 0.1801227927207947}, "left_knee": {"y": 90.25, "x": 247.75, "score": 0.03444863855838776}, "left_ankle": {"y": 90.25, "x": 247.75, "score": 0.1641129553318024}, "left_mouth_corner": {"y": 46.5, "x": 247.75, "score": 0.1253615319728851}, "right_elbow": {"y": 29.0, "x": 221.5, "score": 0.2553018629550934}, "right_ear": {"y": 20.25, "x": 475.25, "score": 0.1928654909133911}, "nose": {"y": 55.25, "x": 247.75, "score": 0.1380960941314697}, "left_eye": {"y": 29.0, "x": 221.5, "score": 0.1503976434469223}, "right_eye": {"y": 55.25, "x": 256.5, "score": 0.1615746021270752}, "right_hip": {"y": 116.5, "x": 221.5, "score": 0.04538761079311371}, "left_wrist": {"y": 72.75, "x": 247.75, "score": 0.138007327914238}, "left_ear": {"y": 37.75, "x": 247.75, "score": 0.164650022983551}, "left_elbow": {"y": 29.0, "x": 195.25, "score": 0.1953529268503189}, "right_shoulder": {"y": 29.0, "x": 221.5, "score": 0.215371772646904}, "right_ankle": {"y": 81.5, "x": 239.0, "score": 0.08567076921463013}, "right_knee": {"y": 107.75, "x": 247.75, "score": 0.04717452079057693}, "right_wrist": {"y": 55.25, "x": 239.0, "score": 0.1837461590766907}}, "location": {"height": 269.0, "width": 465.7802734375, "top": 0.0, "score": 0.005126058124005795, "left": 13.21969604492188}}], "log_id": 6001473763440380033}