{"person_num": 2, "person_info": [{"body_parts": {"left_hip": {"y": 47.9375, "x": 118.25, "score": 0.3804489970207214}, "top_head": {"y": 0, "x": 11.375, "score": 0.1799973249435425}, "right_mouth_corner": {"y": 15.875, "x": 57.6875, "score": 0.1122415065765381}, "neck": {"y": 12.3125, "x": 54.125, "score": 0.778082549571991}, "left_shoulder": {"y": 47.9375, "x": 57.6875, "score": 0.4272020161151886}, "left_knee": {"y": 65.75, "x": 150.3125, "score": 0.542336106300354}, "left_ankle": {"y": 83.5625, "x": 168.125, "score": 0.6818071007728577}, "left_mouth_corner": {"y": 12.3125, "x": 57.6875, "score": 0.1419519186019897}, "right_elbow": {"y": 12.3125, "x": 111.125, "score": 0.2089526653289795}, "right_ear": {"y": 0, "x": 50.5625, "score": 0.2363277077674866}, "nose": {"y": 5.1875, "x": 11.375, "score": 0.1498118340969086}, "left_eye": {"y": 5.1875, "x": 14.9375, "score": 0.1448629051446915}, "right_eye": {"y": 12.3125, "x": 50.5625, "score": 0.1440986394882202}, "right_hip": {"y": 44.375, "x": 114.6875, "score": 0.2311437577009201}, "left_wrist": {"y": 65.75, "x": 111.125, "score": 0.3797495365142822}, "left_ear": {"y": 8.75, "x": 29.1875, "score": 0.4213114380836487}, "left_elbow": {"y": 69.3125, "x": 82.625, "score": 0.3202231824398041}, "right_shoulder": {"y": 1.625, "x": 82.625, "score": 0.3366703689098358}, "right_ankle": {"y": 69.3125, "x": 121.8125, "score": 0.3093900084495544}, "right_knee": {"y": 69.3125, "x": 104.0, "score": 0.2313895672559738}, "right_wrist": {"y": 33.6875, "x": 104.0, "score": 0.114248588681221}}, "location": {"height": 92.82015991210938, "width": 190.1031799316406, "top": 1.4232177734375, "score": 0.5270937085151672, "left": 0.194671630859375}}, {"body_parts": {"left_hip": {"y": 98.875, "x": 142.40625, "score": 0.2304376065731049}, "top_head": {"y": 37.40625, "x": 63.375, "score": 0.1009647101163864}, "right_mouth_corner": {"y": 19.84375, "x": 45.8125, "score": 0.2139158099889755}, "neck": {"y": 19.84375, "x": 72.15625, "score": 0.2970720231533051}, "left_shoulder": {"y": 37.40625, "x": 124.84375, "score": 0.1985962241888046}, "left_knee": {"y": 107.65625, "x": 177.53125, "score": 0.04392243921756744}, "left_ankle": {"y": 160.34375, "x": 89.71875, "score": 0.06057453900575638}, "left_mouth_corner": {"y": 11.0625, "x": 63.375, "score": 0.2012962251901627}, "right_elbow": {"y": 63.75, "x": 107.28125, "score": 0.209089383482933}, "right_ear": {"y": 19.84375, "x": 37.03125, "score": 0.2003667652606964}, "nose": {"y": 11.0625, "x": 54.59375, "score": 0.2700465619564056}, "left_eye": {"y": 11.0625, "x": 45.8125, "score": 0.1843145936727524}, "right_eye": {"y": 19.84375, "x": 45.8125, "score": 0.1349581182003021}, "right_hip": {"y": 90.09375, "x": 142.40625, "score": 0.249329000711441}, "left_wrist": {"y": 72.53125, "x": 151.1875, "score": 0.1464991271495819}, "left_ear": {"y": 19.84375, "x": 45.8125, "score": 0.0941372737288475}, "left_elbow": {"y": 54.96875, "x": 142.40625, "score": 0.1809992790222168}, "right_shoulder": {"y": 37.40625, "x": 72.15625, "score": 0.2479995489120483}, "right_ankle": {"y": 160.34375, "x": 80.9375, "score": 0.05691881477832794}, "right_knee": {"y": 134.0, "x": 107.28125, "score": 0.0649476870894432}, "right_wrist": {"y": 72.53125, "x": 151.1875, "score": 0.1982212066650391}}, "location": {"height": 269.0, "width": 467.9530334472656, "top": 0.0, "score": 0.008040144108235836, "left": 11.04695129394531}}], "log_id": 3122580989473657729}